[2026-03-13T23:42:13.848+0000] {manager.py:487} INFO - Processing files using up to 2 processes at a time 
[2026-03-13T23:42:13.848+0000] {manager.py:488} INFO - Process each file at most once every 30 seconds
[2026-03-13T23:42:13.848+0000] {manager.py:489} INFO - Checking for new files in /opt/airflow/dags every 300 seconds
[2026-03-13T23:42:13.849+0000] {manager.py:755} INFO - Searching for files in /opt/airflow/dags
[2026-03-13T23:42:13.850+0000] {manager.py:758} INFO - There are 0 files in /opt/airflow/dags
[2026-03-13T23:47:14.438+0000] {manager.py:487} INFO - Processing files using up to 2 processes at a time 
[2026-03-13T23:47:14.440+0000] {manager.py:488} INFO - Process each file at most once every 30 seconds
[2026-03-13T23:47:14.440+0000] {manager.py:489} INFO - Checking for new files in /opt/airflow/dags every 300 seconds
[2026-03-13T23:47:14.440+0000] {manager.py:755} INFO - Searching for files in /opt/airflow/dags
[2026-03-13T23:47:14.442+0000] {manager.py:758} INFO - There are 0 files in /opt/airflow/dags
[2026-03-13T23:52:14.892+0000] {manager.py:755} INFO - Searching for files in /opt/airflow/dags
[2026-03-13T23:52:14.893+0000] {manager.py:758} INFO - There are 0 files in /opt/airflow/dags
[2026-03-13T23:57:15.355+0000] {manager.py:755} INFO - Searching for files in /opt/airflow/dags
[2026-03-13T23:57:15.356+0000] {manager.py:758} INFO - There are 0 files in /opt/airflow/dags
[2026-03-14T00:02:15.812+0000] {manager.py:755} INFO - Searching for files in /opt/airflow/dags
[2026-03-14T00:02:15.813+0000] {manager.py:758} INFO - There are 1 files in /opt/airflow/dags
[2026-03-14T00:02:18.851+0000] {manager.py:887} INFO - 
================================================================================
DAG File Processing Stats

File Path                          PID    Runtime      # DAGs    # Errors  Last Runtime    Last Run
---------------------------------  -----  ---------  --------  ----------  --------------  -------------------
/opt/airflow/dags/my_first_dag.py                           0           1  0.04s           2026-03-14T00:02:15
================================================================================
[2026-03-14T00:02:25.861+0000] {manager.py:469} INFO - Exiting gracefully upon receiving signal 15
[2026-03-14T00:02:31.472+0000] {manager.py:487} INFO - Processing files using up to 2 processes at a time 
[2026-03-14T00:02:31.473+0000] {manager.py:488} INFO - Process each file at most once every 30 seconds
[2026-03-14T00:02:31.474+0000] {manager.py:489} INFO - Checking for new files in /opt/airflow/dags every 300 seconds
[2026-03-14T00:02:31.474+0000] {manager.py:755} INFO - Searching for files in /opt/airflow/dags
[2026-03-14T00:02:31.475+0000] {manager.py:758} INFO - There are 1 files in /opt/airflow/dags
[2026-03-14T00:02:31.543+0000] {manager.py:887} INFO - 
================================================================================
DAG File Processing Stats

File Path                            PID  Runtime      # DAGs    # Errors  Last Runtime    Last Run
---------------------------------  -----  ---------  --------  ----------  --------------  ----------
/opt/airflow/dags/my_first_dag.py    167  0.04s             0           0
================================================================================
[2026-03-14T00:03:01.684+0000] {manager.py:887} INFO - 
================================================================================
DAG File Processing Stats

File Path                            PID  Runtime      # DAGs    # Errors  Last Runtime    Last Run
---------------------------------  -----  ---------  --------  ----------  --------------  -------------------
/opt/airflow/dags/my_first_dag.py    212  0.00s             0           1  0.05s           2026-03-14T00:02:31
================================================================================
[2026-03-14T00:03:31.855+0000] {manager.py:887} INFO - 
================================================================================
DAG File Processing Stats

File Path                            PID  Runtime      # DAGs    # Errors  Last Runtime    Last Run
---------------------------------  -----  ---------  --------  ----------  --------------  -------------------
/opt/airflow/dags/my_first_dag.py    254  0.01s             0           1  0.05s           2026-03-14T00:03:01
================================================================================
[2026-03-14T00:04:02.007+0000] {manager.py:887} INFO - 
================================================================================
DAG File Processing Stats

File Path                            PID  Runtime      # DAGs    # Errors  Last Runtime    Last Run
---------------------------------  -----  ---------  --------  ----------  --------------  -------------------
/opt/airflow/dags/my_first_dag.py    266  0.00s             0           1  0.05s           2026-03-14T00:03:31
================================================================================
[2026-03-14T00:04:32.159+0000] {manager.py:887} INFO - 
================================================================================
DAG File Processing Stats

File Path                            PID  Runtime      # DAGs    # Errors  Last Runtime    Last Run
---------------------------------  -----  ---------  --------  ----------  --------------  -------------------
/opt/airflow/dags/my_first_dag.py    278  0.00s             0           1  0.04s           2026-03-14T00:04:02
================================================================================
[2026-03-14T00:05:02.329+0000] {manager.py:887} INFO - 
================================================================================
DAG File Processing Stats

File Path                            PID  Runtime      # DAGs    # Errors  Last Runtime    Last Run
---------------------------------  -----  ---------  --------  ----------  --------------  -------------------
/opt/airflow/dags/my_first_dag.py    290  0.00s             0           1  0.05s           2026-03-14T00:04:32
================================================================================
[2026-03-14T00:05:32.471+0000] {manager.py:887} INFO - 
================================================================================
DAG File Processing Stats

File Path                          PID    Runtime      # DAGs    # Errors  Last Runtime    Last Run
---------------------------------  -----  ---------  --------  ----------  --------------  -------------------
/opt/airflow/dags/my_first_dag.py                           1           0  0.25s           2026-03-14T00:05:02
================================================================================
[2026-03-14T00:06:02.845+0000] {manager.py:887} INFO - 
================================================================================
DAG File Processing Stats

File Path                            PID  Runtime      # DAGs    # Errors  Last Runtime    Last Run
---------------------------------  -----  ---------  --------  ----------  --------------  -------------------
/opt/airflow/dags/my_first_dag.py    314  0.00s             1           0  0.12s           2026-03-14T00:05:32
================================================================================
[2026-03-14T00:06:32.994+0000] {manager.py:887} INFO - 
================================================================================
DAG File Processing Stats

File Path                            PID  Runtime      # DAGs    # Errors  Last Runtime    Last Run
---------------------------------  -----  ---------  --------  ----------  --------------  -------------------
/opt/airflow/dags/my_first_dag.py    326  0.00s             1           0  0.09s           2026-03-14T00:06:02
================================================================================
[2026-03-14T00:07:03.195+0000] {manager.py:887} INFO - 
================================================================================
DAG File Processing Stats

File Path                            PID  Runtime      # DAGs    # Errors  Last Runtime    Last Run
---------------------------------  -----  ---------  --------  ----------  --------------  -------------------
/opt/airflow/dags/my_first_dag.py    338  0.00s             1           0  0.10s           2026-03-14T00:06:33
================================================================================
[2026-03-14T00:07:32.361+0000] {manager.py:755} INFO - Searching for files in /opt/airflow/dags
[2026-03-14T00:07:32.364+0000] {manager.py:758} INFO - There are 1 files in /opt/airflow/dags
[2026-03-14T00:07:33.397+0000] {manager.py:887} INFO - 
================================================================================
DAG File Processing Stats

File Path                            PID  Runtime      # DAGs    # Errors  Last Runtime    Last Run
---------------------------------  -----  ---------  --------  ----------  --------------  -------------------
/opt/airflow/dags/my_first_dag.py    349  0.01s             1           0  0.09s           2026-03-14T00:07:03
================================================================================
[2026-03-14T00:08:03.555+0000] {manager.py:887} INFO - 
================================================================================
DAG File Processing Stats

File Path                            PID  Runtime      # DAGs    # Errors  Last Runtime    Last Run
---------------------------------  -----  ---------  --------  ----------  --------------  -------------------
/opt/airflow/dags/my_first_dag.py    372  0.01s             1           0  0.09s           2026-03-14T00:07:33
================================================================================
[2026-03-14T00:08:33.772+0000] {manager.py:887} INFO - 
================================================================================
DAG File Processing Stats

File Path                            PID  Runtime      # DAGs    # Errors  Last Runtime    Last Run
---------------------------------  -----  ---------  --------  ----------  --------------  -------------------
/opt/airflow/dags/my_first_dag.py    383  0.01s             1           0  0.10s           2026-03-14T00:08:03
================================================================================
[2026-03-14T00:09:03.948+0000] {manager.py:887} INFO - 
================================================================================
DAG File Processing Stats

File Path                            PID  Runtime      # DAGs    # Errors  Last Runtime    Last Run
---------------------------------  -----  ---------  --------  ----------  --------------  -------------------
/opt/airflow/dags/my_first_dag.py    395  0.00s             1           0  0.08s           2026-03-14T00:08:33
================================================================================
[2026-03-14T00:09:34.109+0000] {manager.py:887} INFO - 
================================================================================
DAG File Processing Stats

File Path                            PID  Runtime      # DAGs    # Errors  Last Runtime    Last Run
---------------------------------  -----  ---------  --------  ----------  --------------  -------------------
/opt/airflow/dags/my_first_dag.py    407  0.00s             1           0  0.08s           2026-03-14T00:09:04
================================================================================
[2026-03-14T00:10:04.328+0000] {manager.py:887} INFO - 
================================================================================
DAG File Processing Stats

File Path                            PID  Runtime      # DAGs    # Errors  Last Runtime    Last Run
---------------------------------  -----  ---------  --------  ----------  --------------  -------------------
/opt/airflow/dags/my_first_dag.py    419  0.01s             1           0  0.10s           2026-03-14T00:09:34
================================================================================
[2026-03-14T00:10:34.492+0000] {manager.py:887} INFO - 
================================================================================
DAG File Processing Stats

File Path                            PID  Runtime      # DAGs    # Errors  Last Runtime    Last Run
---------------------------------  -----  ---------  --------  ----------  --------------  -------------------
/opt/airflow/dags/my_first_dag.py    431  0.00s             1           0  0.10s           2026-03-14T00:10:04
================================================================================
[2026-03-14T00:11:04.696+0000] {manager.py:887} INFO - 
================================================================================
DAG File Processing Stats

File Path                            PID  Runtime      # DAGs    # Errors  Last Runtime    Last Run
---------------------------------  -----  ---------  --------  ----------  --------------  -------------------
/opt/airflow/dags/my_first_dag.py    443  0.01s             1           0  0.08s           2026-03-14T00:10:34
================================================================================
[2026-03-14T00:11:34.887+0000] {manager.py:887} INFO - 
================================================================================
DAG File Processing Stats

File Path                            PID  Runtime      # DAGs    # Errors  Last Runtime    Last Run
---------------------------------  -----  ---------  --------  ----------  --------------  -------------------
/opt/airflow/dags/my_first_dag.py    455  0.01s             1           0  0.08s           2026-03-14T00:11:04
================================================================================
[2026-03-14T00:12:05.046+0000] {manager.py:887} INFO - 
================================================================================
DAG File Processing Stats

File Path                            PID  Runtime      # DAGs    # Errors  Last Runtime    Last Run
---------------------------------  -----  ---------  --------  ----------  --------------  -------------------
/opt/airflow/dags/my_first_dag.py    467  0.01s             1           0  0.09s           2026-03-14T00:11:34
================================================================================
[2026-03-14T00:12:33.241+0000] {manager.py:755} INFO - Searching for files in /opt/airflow/dags
[2026-03-14T00:12:33.241+0000] {manager.py:758} INFO - There are 1 files in /opt/airflow/dags
[2026-03-14T00:12:35.275+0000] {manager.py:887} INFO - 
================================================================================
DAG File Processing Stats

File Path                            PID  Runtime      # DAGs    # Errors  Last Runtime    Last Run
---------------------------------  -----  ---------  --------  ----------  --------------  -------------------
/opt/airflow/dags/my_first_dag.py    480  0.00s             1           0  0.09s           2026-03-14T00:12:05
================================================================================
[2026-03-14T00:13:05.436+0000] {manager.py:887} INFO - 
================================================================================
DAG File Processing Stats

File Path                            PID  Runtime      # DAGs    # Errors  Last Runtime    Last Run
---------------------------------  -----  ---------  --------  ----------  --------------  -------------------
/opt/airflow/dags/my_first_dag.py    492  0.00s             1           0  0.08s           2026-03-14T00:12:35
================================================================================
[2026-03-14T00:13:35.622+0000] {manager.py:887} INFO - 
================================================================================
DAG File Processing Stats

File Path                            PID  Runtime      # DAGs    # Errors  Last Runtime    Last Run
---------------------------------  -----  ---------  --------  ----------  --------------  -------------------
/opt/airflow/dags/my_first_dag.py    504  0.00s             1           0  0.09s           2026-03-14T00:13:05
================================================================================
[2026-03-14T00:14:05.832+0000] {manager.py:887} INFO - 
================================================================================
DAG File Processing Stats

File Path                            PID  Runtime      # DAGs    # Errors  Last Runtime    Last Run
---------------------------------  -----  ---------  --------  ----------  --------------  -------------------
/opt/airflow/dags/my_first_dag.py    516  0.00s             1           0  0.09s           2026-03-14T00:13:35
================================================================================
[2026-03-14T00:14:36.053+0000] {manager.py:887} INFO - 
================================================================================
DAG File Processing Stats

File Path                            PID  Runtime      # DAGs    # Errors  Last Runtime    Last Run
---------------------------------  -----  ---------  --------  ----------  --------------  -------------------
/opt/airflow/dags/my_first_dag.py    528  0.00s             1           0  0.08s           2026-03-14T00:14:05
================================================================================
[2026-03-14T00:15:06.229+0000] {manager.py:887} INFO - 
================================================================================
DAG File Processing Stats

File Path                            PID  Runtime      # DAGs    # Errors  Last Runtime    Last Run
---------------------------------  -----  ---------  --------  ----------  --------------  -------------------
/opt/airflow/dags/my_first_dag.py    540  0.00s             1           0  0.08s           2026-03-14T00:14:36
================================================================================
[2026-03-14T00:15:36.471+0000] {manager.py:887} INFO - 
================================================================================
DAG File Processing Stats

File Path                            PID  Runtime      # DAGs    # Errors  Last Runtime    Last Run
---------------------------------  -----  ---------  --------  ----------  --------------  -------------------
/opt/airflow/dags/my_first_dag.py    552  0.01s             1           0  0.08s           2026-03-14T00:15:06
================================================================================
[2026-03-14T00:16:06.662+0000] {manager.py:887} INFO - 
================================================================================
DAG File Processing Stats

File Path                            PID  Runtime      # DAGs    # Errors  Last Runtime    Last Run
---------------------------------  -----  ---------  --------  ----------  --------------  -------------------
/opt/airflow/dags/my_first_dag.py    564  0.01s             1           0  0.10s           2026-03-14T00:15:36
================================================================================
[2026-03-14T00:16:36.868+0000] {manager.py:887} INFO - 
================================================================================
DAG File Processing Stats

File Path                            PID  Runtime      # DAGs    # Errors  Last Runtime    Last Run
---------------------------------  -----  ---------  --------  ----------  --------------  -------------------
/opt/airflow/dags/my_first_dag.py    576  0.00s             1           0  0.09s           2026-03-14T00:16:06
================================================================================
[2026-03-14T00:17:07.106+0000] {manager.py:887} INFO - 
================================================================================
DAG File Processing Stats

File Path                            PID  Runtime      # DAGs    # Errors  Last Runtime    Last Run
---------------------------------  -----  ---------  --------  ----------  --------------  -------------------
/opt/airflow/dags/my_first_dag.py    588  0.01s             1           0  0.08s           2026-03-14T00:16:36
================================================================================
[2026-03-14T00:17:33.249+0000] {manager.py:755} INFO - Searching for files in /opt/airflow/dags
[2026-03-14T00:17:33.250+0000] {manager.py:758} INFO - There are 1 files in /opt/airflow/dags
[2026-03-14T00:17:37.286+0000] {manager.py:887} INFO - 
================================================================================
DAG File Processing Stats

File Path                            PID  Runtime      # DAGs    # Errors  Last Runtime    Last Run
---------------------------------  -----  ---------  --------  ----------  --------------  -------------------
/opt/airflow/dags/my_first_dag.py    599  0.00s             1           0  0.10s           2026-03-14T00:17:07
================================================================================
[2026-03-14T00:18:07.446+0000] {manager.py:887} INFO - 
================================================================================
DAG File Processing Stats

File Path                            PID  Runtime      # DAGs    # Errors  Last Runtime    Last Run
---------------------------------  -----  ---------  --------  ----------  --------------  -------------------
/opt/airflow/dags/my_first_dag.py    611  0.00s             1           0  0.10s           2026-03-14T00:17:37
================================================================================
[2026-03-14T00:18:37.621+0000] {manager.py:887} INFO - 
================================================================================
DAG File Processing Stats

File Path                            PID  Runtime      # DAGs    # Errors  Last Runtime    Last Run
---------------------------------  -----  ---------  --------  ----------  --------------  -------------------
/opt/airflow/dags/my_first_dag.py    623  0.00s             1           0  0.09s           2026-03-14T00:18:07
================================================================================
[2026-03-14T00:19:07.807+0000] {manager.py:887} INFO - 
================================================================================
DAG File Processing Stats

File Path                            PID  Runtime      # DAGs    # Errors  Last Runtime    Last Run
---------------------------------  -----  ---------  --------  ----------  --------------  -------------------
/opt/airflow/dags/my_first_dag.py    635  0.01s             1           0  0.08s           2026-03-14T00:18:37
================================================================================
[2026-03-14T00:19:38.002+0000] {manager.py:887} INFO - 
================================================================================
DAG File Processing Stats

File Path                            PID  Runtime      # DAGs    # Errors  Last Runtime    Last Run
---------------------------------  -----  ---------  --------  ----------  --------------  -------------------
/opt/airflow/dags/my_first_dag.py    646  0.01s             1           0  0.09s           2026-03-14T00:19:07
================================================================================
[2026-03-14T00:20:08.173+0000] {manager.py:887} INFO - 
================================================================================
DAG File Processing Stats

File Path                            PID  Runtime      # DAGs    # Errors  Last Runtime    Last Run
---------------------------------  -----  ---------  --------  ----------  --------------  -------------------
/opt/airflow/dags/my_first_dag.py    658  0.00s             1           0  0.08s           2026-03-14T00:19:38
================================================================================
[2026-03-14T00:20:38.389+0000] {manager.py:887} INFO - 
================================================================================
DAG File Processing Stats

File Path                            PID  Runtime      # DAGs    # Errors  Last Runtime    Last Run
---------------------------------  -----  ---------  --------  ----------  --------------  -------------------
/opt/airflow/dags/my_first_dag.py    670  0.01s             1           0  0.08s           2026-03-14T00:20:08
================================================================================
[2026-03-14T00:21:08.588+0000] {manager.py:887} INFO - 
================================================================================
DAG File Processing Stats

File Path                            PID  Runtime      # DAGs    # Errors  Last Runtime    Last Run
---------------------------------  -----  ---------  --------  ----------  --------------  -------------------
/opt/airflow/dags/my_first_dag.py    682  0.01s             1           0  0.09s           2026-03-14T00:20:38
================================================================================
[2026-03-14T00:21:38.764+0000] {manager.py:887} INFO - 
================================================================================
DAG File Processing Stats

File Path                            PID  Runtime      # DAGs    # Errors  Last Runtime    Last Run
---------------------------------  -----  ---------  --------  ----------  --------------  -------------------
/opt/airflow/dags/my_first_dag.py    694  0.00s             1           0  0.08s           2026-03-14T00:21:08
================================================================================
[2026-03-14T00:22:08.955+0000] {manager.py:887} INFO - 
================================================================================
DAG File Processing Stats

File Path                            PID  Runtime      # DAGs    # Errors  Last Runtime    Last Run
---------------------------------  -----  ---------  --------  ----------  --------------  -------------------
/opt/airflow/dags/my_first_dag.py    706  0.00s             1           0  0.09s           2026-03-14T00:21:38
================================================================================
[2026-03-14T00:22:34.113+0000] {manager.py:755} INFO - Searching for files in /opt/airflow/dags
[2026-03-14T00:22:34.115+0000] {manager.py:758} INFO - There are 1 files in /opt/airflow/dags
[2026-03-14T00:22:39.157+0000] {manager.py:887} INFO - 
================================================================================
DAG File Processing Stats

File Path                            PID  Runtime      # DAGs    # Errors  Last Runtime    Last Run
---------------------------------  -----  ---------  --------  ----------  --------------  -------------------
/opt/airflow/dags/my_first_dag.py    717  0.00s             1           0  0.08s           2026-03-14T00:22:09
================================================================================
[2026-03-14T00:23:09.320+0000] {manager.py:887} INFO - 
================================================================================
DAG File Processing Stats

File Path                            PID  Runtime      # DAGs    # Errors  Last Runtime    Last Run
---------------------------------  -----  ---------  --------  ----------  --------------  -------------------
/opt/airflow/dags/my_first_dag.py    729  0.00s             1           0  0.08s           2026-03-14T00:22:39
================================================================================
[2026-03-14T00:23:39.496+0000] {manager.py:887} INFO - 
================================================================================
DAG File Processing Stats

File Path                            PID  Runtime      # DAGs    # Errors  Last Runtime    Last Run
---------------------------------  -----  ---------  --------  ----------  --------------  -------------------
/opt/airflow/dags/my_first_dag.py    741  0.00s             1           0  0.09s           2026-03-14T00:23:09
================================================================================
[2026-03-14T00:24:09.678+0000] {manager.py:887} INFO - 
================================================================================
DAG File Processing Stats

File Path                            PID  Runtime      # DAGs    # Errors  Last Runtime    Last Run
---------------------------------  -----  ---------  --------  ----------  --------------  -------------------
/opt/airflow/dags/my_first_dag.py    753  0.00s             1           0  0.08s           2026-03-14T00:23:39
================================================================================
[2026-03-14T00:24:39.892+0000] {manager.py:887} INFO - 
================================================================================
DAG File Processing Stats

File Path                            PID  Runtime      # DAGs    # Errors  Last Runtime    Last Run
---------------------------------  -----  ---------  --------  ----------  --------------  -------------------
/opt/airflow/dags/my_first_dag.py    766  0.00s             1           0  0.08s           2026-03-14T00:24:09
================================================================================
[2026-03-14T00:25:10.087+0000] {manager.py:887} INFO - 
================================================================================
DAG File Processing Stats

File Path                            PID  Runtime      # DAGs    # Errors  Last Runtime    Last Run
---------------------------------  -----  ---------  --------  ----------  --------------  -------------------
/opt/airflow/dags/my_first_dag.py    777  0.00s             1           0  0.09s           2026-03-14T00:24:39
================================================================================
[2026-03-14T00:25:40.260+0000] {manager.py:887} INFO - 
================================================================================
DAG File Processing Stats

File Path                            PID  Runtime      # DAGs    # Errors  Last Runtime    Last Run
---------------------------------  -----  ---------  --------  ----------  --------------  -------------------
/opt/airflow/dags/my_first_dag.py    789  0.00s             1           0  0.08s           2026-03-14T00:25:10
================================================================================
[2026-03-14T00:26:10.424+0000] {manager.py:887} INFO - 
================================================================================
DAG File Processing Stats

File Path                            PID  Runtime      # DAGs    # Errors  Last Runtime    Last Run
---------------------------------  -----  ---------  --------  ----------  --------------  -------------------
/opt/airflow/dags/my_first_dag.py    800  0.00s             1           0  0.10s           2026-03-14T00:25:40
================================================================================
[2026-03-14T00:26:40.647+0000] {manager.py:887} INFO - 
================================================================================
DAG File Processing Stats

File Path                            PID  Runtime      # DAGs    # Errors  Last Runtime    Last Run
---------------------------------  -----  ---------  --------  ----------  --------------  -------------------
/opt/airflow/dags/my_first_dag.py    812  0.01s             1           0  0.08s           2026-03-14T00:26:10
================================================================================
[2026-03-14T00:27:10.833+0000] {manager.py:887} INFO - 
================================================================================
DAG File Processing Stats

File Path                            PID  Runtime      # DAGs    # Errors  Last Runtime    Last Run
---------------------------------  -----  ---------  --------  ----------  --------------  -------------------
/opt/airflow/dags/my_first_dag.py    824  0.01s             1           0  0.09s           2026-03-14T00:26:40
================================================================================
[2026-03-14T00:27:35.005+0000] {manager.py:755} INFO - Searching for files in /opt/airflow/dags
[2026-03-14T00:27:35.006+0000] {manager.py:758} INFO - There are 1 files in /opt/airflow/dags
[2026-03-14T00:27:41.046+0000] {manager.py:887} INFO - 
================================================================================
DAG File Processing Stats

File Path                            PID  Runtime      # DAGs    # Errors  Last Runtime    Last Run
---------------------------------  -----  ---------  --------  ----------  --------------  -------------------
/opt/airflow/dags/my_first_dag.py    836  0.00s             1           0  0.10s           2026-03-14T00:27:10
================================================================================
[2026-03-14T00:28:11.233+0000] {manager.py:887} INFO - 
================================================================================
DAG File Processing Stats

File Path                            PID  Runtime      # DAGs    # Errors  Last Runtime    Last Run
---------------------------------  -----  ---------  --------  ----------  --------------  -------------------
/opt/airflow/dags/my_first_dag.py    848  0.00s             1           0  0.08s           2026-03-14T00:27:41
================================================================================
[2026-03-14T00:28:41.421+0000] {manager.py:887} INFO - 
================================================================================
DAG File Processing Stats

File Path                            PID  Runtime      # DAGs    # Errors  Last Runtime    Last Run
---------------------------------  -----  ---------  --------  ----------  --------------  -------------------
/opt/airflow/dags/my_first_dag.py    860  0.00s             1           0  0.08s           2026-03-14T00:28:11
================================================================================
[2026-03-14T00:29:11.602+0000] {manager.py:887} INFO - 
================================================================================
DAG File Processing Stats

File Path                            PID  Runtime      # DAGs    # Errors  Last Runtime    Last Run
---------------------------------  -----  ---------  --------  ----------  --------------  -------------------
/opt/airflow/dags/my_first_dag.py    872  0.00s             1           0  0.08s           2026-03-14T00:28:41
================================================================================
[2026-03-14T00:29:41.797+0000] {manager.py:887} INFO - 
================================================================================
DAG File Processing Stats

File Path                            PID  Runtime      # DAGs    # Errors  Last Runtime    Last Run
---------------------------------  -----  ---------  --------  ----------  --------------  -------------------
/opt/airflow/dags/my_first_dag.py    884  0.00s             1           0  0.08s           2026-03-14T00:29:11
================================================================================
[2026-03-14T00:30:11.964+0000] {manager.py:887} INFO - 
================================================================================
DAG File Processing Stats

File Path                            PID  Runtime      # DAGs    # Errors  Last Runtime    Last Run
---------------------------------  -----  ---------  --------  ----------  --------------  -------------------
/opt/airflow/dags/my_first_dag.py    896  0.00s             1           0  0.09s           2026-03-14T00:29:41
================================================================================
[2026-03-14T00:30:42.191+0000] {manager.py:887} INFO - 
================================================================================
DAG File Processing Stats

File Path                            PID  Runtime      # DAGs    # Errors  Last Runtime    Last Run
---------------------------------  -----  ---------  --------  ----------  --------------  -------------------
/opt/airflow/dags/my_first_dag.py    908  0.01s             1           0  0.08s           2026-03-14T00:30:12
================================================================================
[2026-03-14T00:31:12.350+0000] {manager.py:887} INFO - 
================================================================================
DAG File Processing Stats

File Path                            PID  Runtime      # DAGs    # Errors  Last Runtime    Last Run
---------------------------------  -----  ---------  --------  ----------  --------------  -------------------
/opt/airflow/dags/my_first_dag.py    920  0.00s             1           0  0.08s           2026-03-14T00:30:42
================================================================================
[2026-03-14T00:31:42.568+0000] {manager.py:887} INFO - 
================================================================================
DAG File Processing Stats

File Path                            PID  Runtime      # DAGs    # Errors  Last Runtime    Last Run
---------------------------------  -----  ---------  --------  ----------  --------------  -------------------
/opt/airflow/dags/my_first_dag.py    932  0.00s             1           0  0.08s           2026-03-14T00:31:12
================================================================================
[2026-03-14T00:32:12.755+0000] {manager.py:887} INFO - 
================================================================================
DAG File Processing Stats

File Path                            PID  Runtime      # DAGs    # Errors  Last Runtime    Last Run
---------------------------------  -----  ---------  --------  ----------  --------------  -------------------
/opt/airflow/dags/my_first_dag.py    944  0.01s             1           0  0.08s           2026-03-14T00:31:42
================================================================================
[2026-03-14T00:32:35.921+0000] {manager.py:755} INFO - Searching for files in /opt/airflow/dags
[2026-03-14T00:32:35.922+0000] {manager.py:758} INFO - There are 1 files in /opt/airflow/dags
[2026-03-14T00:32:42.965+0000] {manager.py:887} INFO - 
================================================================================
DAG File Processing Stats

File Path                            PID  Runtime      # DAGs    # Errors  Last Runtime    Last Run
---------------------------------  -----  ---------  --------  ----------  --------------  -------------------
/opt/airflow/dags/my_first_dag.py    956  0.00s             1           0  0.10s           2026-03-14T00:32:12
================================================================================
[2026-03-14T00:33:13.172+0000] {manager.py:887} INFO - 
================================================================================
DAG File Processing Stats

File Path                            PID  Runtime      # DAGs    # Errors  Last Runtime    Last Run
---------------------------------  -----  ---------  --------  ----------  --------------  -------------------
/opt/airflow/dags/my_first_dag.py    968  0.00s             1           0  0.08s           2026-03-14T00:32:43
================================================================================
[2026-03-14T00:33:43.334+0000] {manager.py:887} INFO - 
================================================================================
DAG File Processing Stats

File Path                            PID  Runtime      # DAGs    # Errors  Last Runtime    Last Run
---------------------------------  -----  ---------  --------  ----------  --------------  -------------------
/opt/airflow/dags/my_first_dag.py    980  0.00s             1           0  0.08s           2026-03-14T00:33:13
================================================================================
[2026-03-14T00:34:13.536+0000] {manager.py:887} INFO - 
================================================================================
DAG File Processing Stats

File Path                            PID  Runtime      # DAGs    # Errors  Last Runtime    Last Run
---------------------------------  -----  ---------  --------  ----------  --------------  -------------------
/opt/airflow/dags/my_first_dag.py    992  0.00s             1           0  0.09s           2026-03-14T00:33:43
================================================================================
[2026-03-14T00:34:43.697+0000] {manager.py:887} INFO - 
================================================================================
DAG File Processing Stats

File Path                            PID  Runtime      # DAGs    # Errors  Last Runtime    Last Run
---------------------------------  -----  ---------  --------  ----------  --------------  -------------------
/opt/airflow/dags/my_first_dag.py   1004  0.00s             1           0  0.09s           2026-03-14T00:34:13
================================================================================
[2026-03-14T00:35:13.941+0000] {manager.py:887} INFO - 
================================================================================
DAG File Processing Stats

File Path                            PID  Runtime      # DAGs    # Errors  Last Runtime    Last Run
---------------------------------  -----  ---------  --------  ----------  --------------  -------------------
/opt/airflow/dags/my_first_dag.py   1016  0.00s             1           0  0.08s           2026-03-14T00:34:43
================================================================================
[2026-03-14T00:35:44.121+0000] {manager.py:887} INFO - 
================================================================================
DAG File Processing Stats

File Path                            PID  Runtime      # DAGs    # Errors  Last Runtime    Last Run
---------------------------------  -----  ---------  --------  ----------  --------------  -------------------
/opt/airflow/dags/my_first_dag.py   1028  0.00s             1           0  0.08s           2026-03-14T00:35:14
================================================================================
[2026-03-14T00:36:14.313+0000] {manager.py:887} INFO - 
================================================================================
DAG File Processing Stats

File Path                            PID  Runtime      # DAGs    # Errors  Last Runtime    Last Run
---------------------------------  -----  ---------  --------  ----------  --------------  -------------------
/opt/airflow/dags/my_first_dag.py   1040  0.00s             1           0  0.08s           2026-03-14T00:35:44
================================================================================
[2026-03-14T00:36:44.494+0000] {manager.py:887} INFO - 
================================================================================
DAG File Processing Stats

File Path                            PID  Runtime      # DAGs    # Errors  Last Runtime    Last Run
---------------------------------  -----  ---------  --------  ----------  --------------  -------------------
/opt/airflow/dags/my_first_dag.py   1052  0.00s             1           0  0.08s           2026-03-14T00:36:14
================================================================================
[2026-03-14T00:37:14.670+0000] {manager.py:887} INFO - 
================================================================================
DAG File Processing Stats

File Path                            PID  Runtime      # DAGs    # Errors  Last Runtime    Last Run
---------------------------------  -----  ---------  --------  ----------  --------------  -------------------
/opt/airflow/dags/my_first_dag.py   1064  0.00s             1           0  0.08s           2026-03-14T00:36:44
================================================================================
[2026-03-14T00:37:36.806+0000] {manager.py:755} INFO - Searching for files in /opt/airflow/dags
[2026-03-14T00:37:36.807+0000] {manager.py:758} INFO - There are 1 files in /opt/airflow/dags
[2026-03-14T00:37:44.857+0000] {manager.py:887} INFO - 
================================================================================
DAG File Processing Stats

File Path                            PID  Runtime      # DAGs    # Errors  Last Runtime    Last Run
---------------------------------  -----  ---------  --------  ----------  --------------  -------------------
/opt/airflow/dags/my_first_dag.py   1077  0.00s             1           0  0.10s           2026-03-14T00:37:14
================================================================================
[2026-03-14T00:38:15.065+0000] {manager.py:887} INFO - 
================================================================================
DAG File Processing Stats

File Path                            PID  Runtime      # DAGs    # Errors  Last Runtime    Last Run
---------------------------------  -----  ---------  --------  ----------  --------------  -------------------
/opt/airflow/dags/my_first_dag.py   1089  0.00s             1           0  0.09s           2026-03-14T00:37:44
================================================================================
[2026-03-14T00:38:45.270+0000] {manager.py:887} INFO - 
================================================================================
DAG File Processing Stats

File Path                            PID  Runtime      # DAGs    # Errors  Last Runtime    Last Run
---------------------------------  -----  ---------  --------  ----------  --------------  -------------------
/opt/airflow/dags/my_first_dag.py   1100  0.00s             1           0  0.08s           2026-03-14T00:38:15
================================================================================
[2026-03-14T00:39:15.455+0000] {manager.py:887} INFO - 
================================================================================
DAG File Processing Stats

File Path                            PID  Runtime      # DAGs    # Errors  Last Runtime    Last Run
---------------------------------  -----  ---------  --------  ----------  --------------  -------------------
/opt/airflow/dags/my_first_dag.py   1112  0.00s             1           0  0.08s           2026-03-14T00:38:45
================================================================================
[2026-03-14T00:39:45.651+0000] {manager.py:887} INFO - 
================================================================================
DAG File Processing Stats

File Path                            PID  Runtime      # DAGs    # Errors  Last Runtime    Last Run
---------------------------------  -----  ---------  --------  ----------  --------------  -------------------
/opt/airflow/dags/my_first_dag.py   1124  0.00s             1           0  0.08s           2026-03-14T00:39:15
================================================================================
[2026-03-14T00:40:15.845+0000] {manager.py:887} INFO - 
================================================================================
DAG File Processing Stats

File Path                            PID  Runtime      # DAGs    # Errors  Last Runtime    Last Run
---------------------------------  -----  ---------  --------  ----------  --------------  -------------------
/opt/airflow/dags/my_first_dag.py   1136  0.01s             1           0  0.07s           2026-03-14T00:39:45
================================================================================
[2026-03-14T00:40:46.047+0000] {manager.py:887} INFO - 
================================================================================
DAG File Processing Stats

File Path                            PID  Runtime      # DAGs    # Errors  Last Runtime    Last Run
---------------------------------  -----  ---------  --------  ----------  --------------  -------------------
/opt/airflow/dags/my_first_dag.py   1148  0.00s             1           0  0.09s           2026-03-14T00:40:15
================================================================================
[2026-03-14T00:41:16.207+0000] {manager.py:887} INFO - 
================================================================================
DAG File Processing Stats

File Path                            PID  Runtime      # DAGs    # Errors  Last Runtime    Last Run
---------------------------------  -----  ---------  --------  ----------  --------------  -------------------
/opt/airflow/dags/my_first_dag.py   1160  0.00s             1           0  0.08s           2026-03-14T00:40:46
================================================================================
[2026-03-14T00:41:46.383+0000] {manager.py:887} INFO - 
================================================================================
DAG File Processing Stats

File Path                            PID  Runtime      # DAGs    # Errors  Last Runtime    Last Run
---------------------------------  -----  ---------  --------  ----------  --------------  -------------------
/opt/airflow/dags/my_first_dag.py   1172  0.00s             1           0  0.09s           2026-03-14T00:41:16
================================================================================
[2026-03-14T00:42:16.588+0000] {manager.py:887} INFO - 
================================================================================
DAG File Processing Stats

File Path                            PID  Runtime      # DAGs    # Errors  Last Runtime    Last Run
---------------------------------  -----  ---------  --------  ----------  --------------  -------------------
/opt/airflow/dags/my_first_dag.py   1184  0.01s             1           0  0.09s           2026-03-14T00:41:46
================================================================================
[2026-03-14T00:42:37.728+0000] {manager.py:755} INFO - Searching for files in /opt/airflow/dags
[2026-03-14T00:42:37.729+0000] {manager.py:758} INFO - There are 1 files in /opt/airflow/dags
[2026-03-14T00:42:46.779+0000] {manager.py:887} INFO - 
================================================================================
DAG File Processing Stats

File Path                            PID  Runtime      # DAGs    # Errors  Last Runtime    Last Run
---------------------------------  -----  ---------  --------  ----------  --------------  -------------------
/opt/airflow/dags/my_first_dag.py   1196  0.00s             1           0  0.09s           2026-03-14T00:42:16
================================================================================
[2026-03-14T00:43:16.984+0000] {manager.py:887} INFO - 
================================================================================
DAG File Processing Stats

File Path                            PID  Runtime      # DAGs    # Errors  Last Runtime    Last Run
---------------------------------  -----  ---------  --------  ----------  --------------  -------------------
/opt/airflow/dags/my_first_dag.py   1207  0.00s             1           0  0.08s           2026-03-14T00:42:46
================================================================================
[2026-03-14T00:43:47.151+0000] {manager.py:887} INFO - 
================================================================================
DAG File Processing Stats

File Path                            PID  Runtime      # DAGs    # Errors  Last Runtime    Last Run
---------------------------------  -----  ---------  --------  ----------  --------------  -------------------
/opt/airflow/dags/my_first_dag.py   1219  0.00s             1           0  0.08s           2026-03-14T00:43:17
================================================================================
[2026-03-14T00:44:17.360+0000] {manager.py:887} INFO - 
================================================================================
DAG File Processing Stats

File Path                            PID  Runtime      # DAGs    # Errors  Last Runtime    Last Run
---------------------------------  -----  ---------  --------  ----------  --------------  -------------------
/opt/airflow/dags/my_first_dag.py   1231  0.00s             1           0  0.08s           2026-03-14T00:43:47
================================================================================
[2026-03-14T00:44:47.530+0000] {manager.py:887} INFO - 
================================================================================
DAG File Processing Stats

File Path                            PID  Runtime      # DAGs    # Errors  Last Runtime    Last Run
---------------------------------  -----  ---------  --------  ----------  --------------  -------------------
/opt/airflow/dags/my_first_dag.py   1243  0.00s             1           0  0.08s           2026-03-14T00:44:17
================================================================================
[2026-03-14T00:45:17.736+0000] {manager.py:887} INFO - 
================================================================================
DAG File Processing Stats

File Path                            PID  Runtime      # DAGs    # Errors  Last Runtime    Last Run
---------------------------------  -----  ---------  --------  ----------  --------------  -------------------
/opt/airflow/dags/my_first_dag.py   1255  0.00s             1           0  0.10s           2026-03-14T00:44:47
================================================================================
[2026-03-14T00:45:47.918+0000] {manager.py:887} INFO - 
================================================================================
DAG File Processing Stats

File Path                            PID  Runtime      # DAGs    # Errors  Last Runtime    Last Run
---------------------------------  -----  ---------  --------  ----------  --------------  -------------------
/opt/airflow/dags/my_first_dag.py   1267  0.00s             1           0  0.09s           2026-03-14T00:45:17
================================================================================
[2026-03-14T00:46:18.106+0000] {manager.py:887} INFO - 
================================================================================
DAG File Processing Stats

File Path                            PID  Runtime      # DAGs    # Errors  Last Runtime    Last Run
---------------------------------  -----  ---------  --------  ----------  --------------  -------------------
/opt/airflow/dags/my_first_dag.py   1279  0.00s             1           0  0.08s           2026-03-14T00:45:47
================================================================================
[2026-03-14T00:46:48.330+0000] {manager.py:887} INFO - 
================================================================================
DAG File Processing Stats

File Path                            PID  Runtime      # DAGs    # Errors  Last Runtime    Last Run
---------------------------------  -----  ---------  --------  ----------  --------------  -------------------
/opt/airflow/dags/my_first_dag.py   1291  0.01s             1           0  0.08s           2026-03-14T00:46:18
================================================================================
[2026-03-14T00:47:18.524+0000] {manager.py:887} INFO - 
================================================================================
DAG File Processing Stats

File Path                            PID  Runtime      # DAGs    # Errors  Last Runtime    Last Run
---------------------------------  -----  ---------  --------  ----------  --------------  -------------------
/opt/airflow/dags/my_first_dag.py   1303  0.01s             1           0  0.09s           2026-03-14T00:46:48
================================================================================
[2026-03-14T00:47:38.683+0000] {manager.py:755} INFO - Searching for files in /opt/airflow/dags
[2026-03-14T00:47:38.684+0000] {manager.py:758} INFO - There are 1 files in /opt/airflow/dags
[2026-03-14T00:47:48.756+0000] {manager.py:887} INFO - 
================================================================================
DAG File Processing Stats

File Path                            PID  Runtime      # DAGs    # Errors  Last Runtime    Last Run
---------------------------------  -----  ---------  --------  ----------  --------------  -------------------
/opt/airflow/dags/my_first_dag.py   1315  0.01s             1           0  0.09s           2026-03-14T00:47:18
================================================================================
[2026-03-14T00:48:18.958+0000] {manager.py:887} INFO - 
================================================================================
DAG File Processing Stats

File Path                            PID  Runtime      # DAGs    # Errors  Last Runtime    Last Run
---------------------------------  -----  ---------  --------  ----------  --------------  -------------------
/opt/airflow/dags/my_first_dag.py   1327  0.01s             1           0  0.09s           2026-03-14T00:47:48
================================================================================
[2026-03-14T00:48:49.165+0000] {manager.py:887} INFO - 
================================================================================
DAG File Processing Stats

File Path                            PID  Runtime      # DAGs    # Errors  Last Runtime    Last Run
---------------------------------  -----  ---------  --------  ----------  --------------  -------------------
/opt/airflow/dags/my_first_dag.py   1339  0.00s             1           0  0.08s           2026-03-14T00:48:19
================================================================================
[2026-03-14T00:49:19.335+0000] {manager.py:887} INFO - 
================================================================================
DAG File Processing Stats

File Path                            PID  Runtime      # DAGs    # Errors  Last Runtime    Last Run
---------------------------------  -----  ---------  --------  ----------  --------------  -------------------
/opt/airflow/dags/my_first_dag.py   1351  0.00s             1           0  0.08s           2026-03-14T00:48:49
================================================================================
[2026-03-14T00:49:49.519+0000] {manager.py:887} INFO - 
================================================================================
DAG File Processing Stats

File Path                            PID  Runtime      # DAGs    # Errors  Last Runtime    Last Run
---------------------------------  -----  ---------  --------  ----------  --------------  -------------------
/opt/airflow/dags/my_first_dag.py   1362  0.00s             1           0  0.10s           2026-03-14T00:49:19
================================================================================
[2026-03-14T00:50:19.732+0000] {manager.py:887} INFO - 
================================================================================
DAG File Processing Stats

File Path                            PID  Runtime      # DAGs    # Errors  Last Runtime    Last Run
---------------------------------  -----  ---------  --------  ----------  --------------  -------------------
/opt/airflow/dags/my_first_dag.py   1374  0.00s             1           0  0.08s           2026-03-14T00:49:49
================================================================================
[2026-03-14T00:50:49.903+0000] {manager.py:887} INFO - 
================================================================================
DAG File Processing Stats

File Path                            PID  Runtime      # DAGs    # Errors  Last Runtime    Last Run
---------------------------------  -----  ---------  --------  ----------  --------------  -------------------
/opt/airflow/dags/my_first_dag.py   1387  0.01s             1           0  0.08s           2026-03-14T00:50:19
================================================================================
[2026-03-14T00:51:20.108+0000] {manager.py:887} INFO - 
================================================================================
DAG File Processing Stats

File Path                            PID  Runtime      # DAGs    # Errors  Last Runtime    Last Run
---------------------------------  -----  ---------  --------  ----------  --------------  -------------------
/opt/airflow/dags/my_first_dag.py   1399  0.01s             1           0  0.10s           2026-03-14T00:50:49
================================================================================
[2026-03-14T00:51:50.312+0000] {manager.py:887} INFO - 
================================================================================
DAG File Processing Stats

File Path                            PID  Runtime      # DAGs    # Errors  Last Runtime    Last Run
---------------------------------  -----  ---------  --------  ----------  --------------  -------------------
/opt/airflow/dags/my_first_dag.py   1410  0.00s             1           0  0.09s           2026-03-14T00:51:20
================================================================================
[2026-03-14T00:52:20.491+0000] {manager.py:887} INFO - 
================================================================================
DAG File Processing Stats

File Path                            PID  Runtime      # DAGs    # Errors  Last Runtime    Last Run
---------------------------------  -----  ---------  --------  ----------  --------------  -------------------
/opt/airflow/dags/my_first_dag.py   1422  0.00s             1           0  0.08s           2026-03-14T00:51:50
================================================================================
[2026-03-14T00:52:39.608+0000] {manager.py:755} INFO - Searching for files in /opt/airflow/dags
[2026-03-14T00:52:39.609+0000] {manager.py:758} INFO - There are 1 files in /opt/airflow/dags
[2026-03-14T00:52:50.671+0000] {manager.py:887} INFO - 
================================================================================
DAG File Processing Stats

File Path                            PID  Runtime      # DAGs    # Errors  Last Runtime    Last Run
---------------------------------  -----  ---------  --------  ----------  --------------  -------------------
/opt/airflow/dags/my_first_dag.py   1434  0.00s             1           0  0.08s           2026-03-14T00:52:20
================================================================================
[2026-03-14T00:53:20.870+0000] {manager.py:887} INFO - 
================================================================================
DAG File Processing Stats

File Path                            PID  Runtime      # DAGs    # Errors  Last Runtime    Last Run
---------------------------------  -----  ---------  --------  ----------  --------------  -------------------
/opt/airflow/dags/my_first_dag.py   1446  0.00s             1           0  0.08s           2026-03-14T00:52:50
================================================================================
[2026-03-14T00:53:51.053+0000] {manager.py:887} INFO - 
================================================================================
DAG File Processing Stats

File Path                            PID  Runtime      # DAGs    # Errors  Last Runtime    Last Run
---------------------------------  -----  ---------  --------  ----------  --------------  -------------------
/opt/airflow/dags/my_first_dag.py   1458  0.01s             1           0  0.09s           2026-03-14T00:53:20
================================================================================
[2026-03-14T00:54:21.260+0000] {manager.py:887} INFO - 
================================================================================
DAG File Processing Stats

File Path                            PID  Runtime      # DAGs    # Errors  Last Runtime    Last Run
---------------------------------  -----  ---------  --------  ----------  --------------  -------------------
/opt/airflow/dags/my_first_dag.py   1470  0.00s             1           0  0.09s           2026-03-14T00:53:51
================================================================================
[2026-03-14T00:54:51.445+0000] {manager.py:887} INFO - 
================================================================================
DAG File Processing Stats

File Path                            PID  Runtime      # DAGs    # Errors  Last Runtime    Last Run
---------------------------------  -----  ---------  --------  ----------  --------------  -------------------
/opt/airflow/dags/my_first_dag.py   1481  0.00s             1           0  0.08s           2026-03-14T00:54:21
================================================================================
[2026-03-14T00:55:21.690+0000] {manager.py:887} INFO - 
================================================================================
DAG File Processing Stats

File Path                            PID  Runtime      # DAGs    # Errors  Last Runtime    Last Run
---------------------------------  -----  ---------  --------  ----------  --------------  -------------------
/opt/airflow/dags/my_first_dag.py   1493  0.01s             1           0  0.08s           2026-03-14T00:54:51
================================================================================
[2026-03-14T00:55:51.877+0000] {manager.py:887} INFO - 
================================================================================
DAG File Processing Stats

File Path                            PID  Runtime      # DAGs    # Errors  Last Runtime    Last Run
---------------------------------  -----  ---------  --------  ----------  --------------  -------------------
/opt/airflow/dags/my_first_dag.py   1505  0.00s             1           0  0.09s           2026-03-14T00:55:21
================================================================================
[2026-03-14T00:56:22.084+0000] {manager.py:887} INFO - 
================================================================================
DAG File Processing Stats

File Path                            PID  Runtime      # DAGs    # Errors  Last Runtime    Last Run
---------------------------------  -----  ---------  --------  ----------  --------------  -------------------
/opt/airflow/dags/my_first_dag.py   1516  0.01s             1           0  0.08s           2026-03-14T00:55:51
================================================================================
[2026-03-14T00:56:52.312+0000] {manager.py:887} INFO - 
================================================================================
DAG File Processing Stats

File Path                            PID  Runtime      # DAGs    # Errors  Last Runtime    Last Run
---------------------------------  -----  ---------  --------  ----------  --------------  -------------------
/opt/airflow/dags/my_first_dag.py   1527  0.00s             1           0  0.08s           2026-03-14T00:56:22
================================================================================
[2026-03-14T00:57:22.495+0000] {manager.py:887} INFO - 
================================================================================
DAG File Processing Stats

File Path                            PID  Runtime      # DAGs    # Errors  Last Runtime    Last Run
---------------------------------  -----  ---------  --------  ----------  --------------  -------------------
/opt/airflow/dags/my_first_dag.py   1539  0.00s             1           0  0.08s           2026-03-14T00:56:52
================================================================================
[2026-03-14T00:57:39.634+0000] {manager.py:755} INFO - Searching for files in /opt/airflow/dags
[2026-03-14T00:57:39.635+0000] {manager.py:758} INFO - There are 1 files in /opt/airflow/dags
[2026-03-14T00:57:52.706+0000] {manager.py:887} INFO - 
================================================================================
DAG File Processing Stats

File Path                            PID  Runtime      # DAGs    # Errors  Last Runtime    Last Run
---------------------------------  -----  ---------  --------  ----------  --------------  -------------------
/opt/airflow/dags/my_first_dag.py   1551  0.00s             1           0  0.09s           2026-03-14T00:57:22
================================================================================
[2026-03-14T00:58:22.934+0000] {manager.py:887} INFO - 
================================================================================
DAG File Processing Stats

File Path                            PID  Runtime      # DAGs    # Errors  Last Runtime    Last Run
---------------------------------  -----  ---------  --------  ----------  --------------  -------------------
/opt/airflow/dags/my_first_dag.py   1563  0.01s             1           0  0.07s           2026-03-14T00:57:52
================================================================================
[2026-03-14T00:58:53.105+0000] {manager.py:887} INFO - 
================================================================================
DAG File Processing Stats

File Path                            PID  Runtime      # DAGs    # Errors  Last Runtime    Last Run
---------------------------------  -----  ---------  --------  ----------  --------------  -------------------
/opt/airflow/dags/my_first_dag.py   1575  0.00s             1           0  0.09s           2026-03-14T00:58:23
================================================================================
[2026-03-14T00:59:23.308+0000] {manager.py:887} INFO - 
================================================================================
DAG File Processing Stats

File Path                            PID  Runtime      # DAGs    # Errors  Last Runtime    Last Run
---------------------------------  -----  ---------  --------  ----------  --------------  -------------------
/opt/airflow/dags/my_first_dag.py   1587  0.00s             1           0  0.08s           2026-03-14T00:58:53
================================================================================
[2026-03-14T00:59:53.506+0000] {manager.py:887} INFO - 
================================================================================
DAG File Processing Stats

File Path                            PID  Runtime      # DAGs    # Errors  Last Runtime    Last Run
---------------------------------  -----  ---------  --------  ----------  --------------  -------------------
/opt/airflow/dags/my_first_dag.py   1599  0.00s             1           0  0.08s           2026-03-14T00:59:23
================================================================================
[2026-03-14T01:00:23.702+0000] {manager.py:887} INFO - 
================================================================================
DAG File Processing Stats

File Path                            PID  Runtime      # DAGs    # Errors  Last Runtime    Last Run
---------------------------------  -----  ---------  --------  ----------  --------------  -------------------
/opt/airflow/dags/my_first_dag.py   1611  0.00s             1           0  0.08s           2026-03-14T00:59:53
================================================================================
[2026-03-14T01:00:53.903+0000] {manager.py:887} INFO - 
================================================================================
DAG File Processing Stats

File Path                            PID  Runtime      # DAGs    # Errors  Last Runtime    Last Run
---------------------------------  -----  ---------  --------  ----------  --------------  -------------------
/opt/airflow/dags/my_first_dag.py   1623  0.00s             1           0  0.08s           2026-03-14T01:00:23
================================================================================
[2026-03-14T01:01:24.093+0000] {manager.py:887} INFO - 
================================================================================
DAG File Processing Stats

File Path                            PID  Runtime      # DAGs    # Errors  Last Runtime    Last Run
---------------------------------  -----  ---------  --------  ----------  --------------  -------------------
/opt/airflow/dags/my_first_dag.py   1636  0.00s             1           0  0.08s           2026-03-14T01:00:53
================================================================================
[2026-03-14T01:01:54.285+0000] {manager.py:887} INFO - 
================================================================================
DAG File Processing Stats

File Path                            PID  Runtime      # DAGs    # Errors  Last Runtime    Last Run
---------------------------------  -----  ---------  --------  ----------  --------------  -------------------
/opt/airflow/dags/my_first_dag.py   1647  0.00s             1           0  0.10s           2026-03-14T01:01:24
================================================================================
[2026-03-14T01:02:24.477+0000] {manager.py:887} INFO - 
================================================================================
DAG File Processing Stats

File Path                            PID  Runtime      # DAGs    # Errors  Last Runtime    Last Run
---------------------------------  -----  ---------  --------  ----------  --------------  -------------------
/opt/airflow/dags/my_first_dag.py   1658  0.00s             1           0  0.08s           2026-03-14T01:01:54
================================================================================
[2026-03-14T01:02:40.579+0000] {manager.py:755} INFO - Searching for files in /opt/airflow/dags
[2026-03-14T01:02:40.582+0000] {manager.py:758} INFO - There are 1 files in /opt/airflow/dags
[2026-03-14T01:02:54.693+0000] {manager.py:887} INFO - 
================================================================================
DAG File Processing Stats

File Path                            PID  Runtime      # DAGs    # Errors  Last Runtime    Last Run
---------------------------------  -----  ---------  --------  ----------  --------------  -------------------
/opt/airflow/dags/my_first_dag.py   1670  0.00s             1           0  0.08s           2026-03-14T01:02:24
================================================================================
[2026-03-14T01:03:24.863+0000] {manager.py:887} INFO - 
================================================================================
DAG File Processing Stats

File Path                            PID  Runtime      # DAGs    # Errors  Last Runtime    Last Run
---------------------------------  -----  ---------  --------  ----------  --------------  -------------------
/opt/airflow/dags/my_first_dag.py   1682  0.00s             1           0  0.07s           2026-03-14T01:02:54
================================================================================
[2026-03-14T01:03:55.138+0000] {manager.py:887} INFO - 
================================================================================
DAG File Processing Stats

File Path                            PID  Runtime      # DAGs    # Errors  Last Runtime    Last Run
---------------------------------  -----  ---------  --------  ----------  --------------  -------------------
/opt/airflow/dags/my_first_dag.py   1694  0.01s             1           0  0.08s           2026-03-14T01:03:24
================================================================================
[2026-03-14T01:04:25.338+0000] {manager.py:887} INFO - 
================================================================================
DAG File Processing Stats

File Path                            PID  Runtime      # DAGs    # Errors  Last Runtime    Last Run
---------------------------------  -----  ---------  --------  ----------  --------------  -------------------
/opt/airflow/dags/my_first_dag.py   1706  0.01s             1           0  0.09s           2026-03-14T01:03:55
================================================================================
[2026-03-14T01:04:55.521+0000] {manager.py:887} INFO - 
================================================================================
DAG File Processing Stats

File Path                            PID  Runtime      # DAGs    # Errors  Last Runtime    Last Run
---------------------------------  -----  ---------  --------  ----------  --------------  -------------------
/opt/airflow/dags/my_first_dag.py   1717  0.00s             1           0  0.10s           2026-03-14T01:04:25
================================================================================
[2026-03-14T01:05:25.752+0000] {manager.py:887} INFO - 
================================================================================
DAG File Processing Stats

File Path                            PID  Runtime      # DAGs    # Errors  Last Runtime    Last Run
---------------------------------  -----  ---------  --------  ----------  --------------  -------------------
/opt/airflow/dags/my_first_dag.py   1729  0.00s             1           0  0.08s           2026-03-14T01:04:55
================================================================================
[2026-03-14T01:05:55.923+0000] {manager.py:887} INFO - 
================================================================================
DAG File Processing Stats

File Path                            PID  Runtime      # DAGs    # Errors  Last Runtime    Last Run
---------------------------------  -----  ---------  --------  ----------  --------------  -------------------
/opt/airflow/dags/my_first_dag.py   1741  0.00s             1           0  0.09s           2026-03-14T01:05:25
================================================================================
[2026-03-14T01:06:26.191+0000] {manager.py:887} INFO - 
================================================================================
DAG File Processing Stats

File Path                            PID  Runtime      # DAGs    # Errors  Last Runtime    Last Run
---------------------------------  -----  ---------  --------  ----------  --------------  -------------------
/opt/airflow/dags/my_first_dag.py   1753  0.01s             1           0  0.08s           2026-03-14T01:05:55
================================================================================
[2026-03-14T01:06:56.396+0000] {manager.py:887} INFO - 
================================================================================
DAG File Processing Stats

File Path                            PID  Runtime      # DAGs    # Errors  Last Runtime    Last Run
---------------------------------  -----  ---------  --------  ----------  --------------  -------------------
/opt/airflow/dags/my_first_dag.py   1765  0.01s             1           0  0.08s           2026-03-14T01:06:26
================================================================================
[2026-03-14T01:07:26.575+0000] {manager.py:887} INFO - 
================================================================================
DAG File Processing Stats

File Path                            PID  Runtime      # DAGs    # Errors  Last Runtime    Last Run
---------------------------------  -----  ---------  --------  ----------  --------------  -------------------
/opt/airflow/dags/my_first_dag.py   1777  0.00s             1           0  0.09s           2026-03-14T01:06:56
================================================================================
[2026-03-14T01:07:40.688+0000] {manager.py:755} INFO - Searching for files in /opt/airflow/dags
[2026-03-14T01:07:40.689+0000] {manager.py:758} INFO - There are 1 files in /opt/airflow/dags
[2026-03-14T01:07:56.817+0000] {manager.py:887} INFO - 
================================================================================
DAG File Processing Stats

File Path                            PID  Runtime      # DAGs    # Errors  Last Runtime    Last Run
---------------------------------  -----  ---------  --------  ----------  --------------  -------------------
/opt/airflow/dags/my_first_dag.py   1789  0.01s             1           0  0.08s           2026-03-14T01:07:26
================================================================================
[2026-03-14T01:08:26.970+0000] {manager.py:887} INFO - 
================================================================================
DAG File Processing Stats

File Path                            PID  Runtime      # DAGs    # Errors  Last Runtime    Last Run
---------------------------------  -----  ---------  --------  ----------  --------------  -------------------
/opt/airflow/dags/my_first_dag.py   1801  0.00s             1           0  0.09s           2026-03-14T01:07:56
================================================================================
[2026-03-14T01:08:57.237+0000] {manager.py:887} INFO - 
================================================================================
DAG File Processing Stats

File Path                            PID  Runtime      # DAGs    # Errors  Last Runtime    Last Run
---------------------------------  -----  ---------  --------  ----------  --------------  -------------------
/opt/airflow/dags/my_first_dag.py   1813  0.01s             1           0  0.08s           2026-03-14T01:08:27
================================================================================
[2026-03-14T01:09:27.420+0000] {manager.py:887} INFO - 
================================================================================
DAG File Processing Stats

File Path                            PID  Runtime      # DAGs    # Errors  Last Runtime    Last Run
---------------------------------  -----  ---------  --------  ----------  --------------  -------------------
/opt/airflow/dags/my_first_dag.py   1825  0.00s             1           0  0.09s           2026-03-14T01:08:57
================================================================================
[2026-03-14T01:09:57.607+0000] {manager.py:887} INFO - 
================================================================================
DAG File Processing Stats

File Path                            PID  Runtime      # DAGs    # Errors  Last Runtime    Last Run
---------------------------------  -----  ---------  --------  ----------  --------------  -------------------
/opt/airflow/dags/my_first_dag.py   1837  0.00s             1           0  0.10s           2026-03-14T01:09:27
================================================================================
[2026-03-14T01:10:27.820+0000] {manager.py:887} INFO - 
================================================================================
DAG File Processing Stats

File Path                            PID  Runtime      # DAGs    # Errors  Last Runtime    Last Run
---------------------------------  -----  ---------  --------  ----------  --------------  -------------------
/opt/airflow/dags/my_first_dag.py   1848  0.00s             1           0  0.08s           2026-03-14T01:09:57
================================================================================
[2026-03-14T01:10:58.023+0000] {manager.py:887} INFO - 
================================================================================
DAG File Processing Stats

File Path                            PID  Runtime      # DAGs    # Errors  Last Runtime    Last Run
---------------------------------  -----  ---------  --------  ----------  --------------  -------------------
/opt/airflow/dags/my_first_dag.py   1860  0.01s             1           0  0.08s           2026-03-14T01:10:27
================================================================================
[2026-03-14T01:11:28.231+0000] {manager.py:887} INFO - 
================================================================================
DAG File Processing Stats

File Path                            PID  Runtime      # DAGs    # Errors  Last Runtime    Last Run
---------------------------------  -----  ---------  --------  ----------  --------------  -------------------
/opt/airflow/dags/my_first_dag.py   1872  0.00s             1           0  0.09s           2026-03-14T01:10:58
================================================================================
[2026-03-14T01:11:58.443+0000] {manager.py:887} INFO - 
================================================================================
DAG File Processing Stats

File Path                            PID  Runtime      # DAGs    # Errors  Last Runtime    Last Run
---------------------------------  -----  ---------  --------  ----------  --------------  -------------------
/opt/airflow/dags/my_first_dag.py   1884  0.01s             1           0  0.08s           2026-03-14T01:11:28
================================================================================
[2026-03-14T01:12:28.686+0000] {manager.py:887} INFO - 
================================================================================
DAG File Processing Stats

File Path                            PID  Runtime      # DAGs    # Errors  Last Runtime    Last Run
---------------------------------  -----  ---------  --------  ----------  --------------  -------------------
/opt/airflow/dags/my_first_dag.py   1897  0.01s             1           0  0.09s           2026-03-14T01:11:58
================================================================================
[2026-03-14T01:12:40.751+0000] {manager.py:755} INFO - Searching for files in /opt/airflow/dags
[2026-03-14T01:12:40.752+0000] {manager.py:758} INFO - There are 1 files in /opt/airflow/dags
[2026-03-14T01:12:58.890+0000] {manager.py:887} INFO - 
================================================================================
DAG File Processing Stats

File Path                            PID  Runtime      # DAGs    # Errors  Last Runtime    Last Run
---------------------------------  -----  ---------  --------  ----------  --------------  -------------------
/opt/airflow/dags/my_first_dag.py   1910  0.01s             1           0  0.09s           2026-03-14T01:12:28
================================================================================
[2026-03-14T01:13:29.108+0000] {manager.py:887} INFO - 
================================================================================
DAG File Processing Stats

File Path                            PID  Runtime      # DAGs    # Errors  Last Runtime    Last Run
---------------------------------  -----  ---------  --------  ----------  --------------  -------------------
/opt/airflow/dags/my_first_dag.py   1922  0.00s             1           0  0.08s           2026-03-14T01:12:58
================================================================================
[2026-03-14T01:13:59.305+0000] {manager.py:887} INFO - 
================================================================================
DAG File Processing Stats

File Path                            PID  Runtime      # DAGs    # Errors  Last Runtime    Last Run
---------------------------------  -----  ---------  --------  ----------  --------------  -------------------
/opt/airflow/dags/my_first_dag.py   1934  0.01s             1           0  0.09s           2026-03-14T01:13:29
================================================================================
[2026-03-14T01:14:29.513+0000] {manager.py:887} INFO - 
================================================================================
DAG File Processing Stats

File Path                            PID  Runtime      # DAGs    # Errors  Last Runtime    Last Run
---------------------------------  -----  ---------  --------  ----------  --------------  -------------------
/opt/airflow/dags/my_first_dag.py   1946  0.00s             1           0  0.09s           2026-03-14T01:13:59
================================================================================
[2026-03-14T01:14:59.731+0000] {manager.py:887} INFO - 
================================================================================
DAG File Processing Stats

File Path                            PID  Runtime      # DAGs    # Errors  Last Runtime    Last Run
---------------------------------  -----  ---------  --------  ----------  --------------  -------------------
/opt/airflow/dags/my_first_dag.py   1958  0.01s             1           0  0.08s           2026-03-14T01:14:29
================================================================================
[2026-03-14T01:15:30.009+0000] {manager.py:887} INFO - 
================================================================================
DAG File Processing Stats

File Path                            PID  Runtime      # DAGs    # Errors  Last Runtime    Last Run
---------------------------------  -----  ---------  --------  ----------  --------------  -------------------
/opt/airflow/dags/my_first_dag.py   1970  0.01s             1           0  0.09s           2026-03-14T01:14:59
================================================================================
[2026-03-14T01:16:00.205+0000] {manager.py:887} INFO - 
================================================================================
DAG File Processing Stats

File Path                            PID  Runtime      # DAGs    # Errors  Last Runtime    Last Run
---------------------------------  -----  ---------  --------  ----------  --------------  -------------------
/opt/airflow/dags/my_first_dag.py   1982  0.00s             1           0  0.09s           2026-03-14T01:15:30
================================================================================
[2026-03-14T01:16:30.414+0000] {manager.py:887} INFO - 
================================================================================
DAG File Processing Stats

File Path                            PID  Runtime      # DAGs    # Errors  Last Runtime    Last Run
---------------------------------  -----  ---------  --------  ----------  --------------  -------------------
/opt/airflow/dags/my_first_dag.py   1994  0.00s             1           0  0.08s           2026-03-14T01:16:00
================================================================================
[2026-03-14T01:17:00.629+0000] {manager.py:887} INFO - 
================================================================================
DAG File Processing Stats

File Path                            PID  Runtime      # DAGs    # Errors  Last Runtime    Last Run
---------------------------------  -----  ---------  --------  ----------  --------------  -------------------
/opt/airflow/dags/my_first_dag.py   2006  0.00s             1           0  0.08s           2026-03-14T01:16:30
================================================================================
[2026-03-14T01:17:30.805+0000] {manager.py:887} INFO - 
================================================================================
DAG File Processing Stats

File Path                            PID  Runtime      # DAGs    # Errors  Last Runtime    Last Run
---------------------------------  -----  ---------  --------  ----------  --------------  -------------------
/opt/airflow/dags/my_first_dag.py   2018  0.00s             1           0  0.08s           2026-03-14T01:17:00
================================================================================
[2026-03-14T01:17:40.877+0000] {manager.py:755} INFO - Searching for files in /opt/airflow/dags
[2026-03-14T01:17:40.878+0000] {manager.py:758} INFO - There are 1 files in /opt/airflow/dags
[2026-03-14T01:18:01.018+0000] {manager.py:887} INFO - 
================================================================================
DAG File Processing Stats

File Path                            PID  Runtime      # DAGs    # Errors  Last Runtime    Last Run
---------------------------------  -----  ---------  --------  ----------  --------------  -------------------
/opt/airflow/dags/my_first_dag.py   2030  0.00s             1           0  0.10s           2026-03-14T01:17:30
================================================================================
[2026-03-14T01:18:31.224+0000] {manager.py:887} INFO - 
================================================================================
DAG File Processing Stats

File Path                            PID  Runtime      # DAGs    # Errors  Last Runtime    Last Run
---------------------------------  -----  ---------  --------  ----------  --------------  -------------------
/opt/airflow/dags/my_first_dag.py   2042  0.01s             1           0  0.08s           2026-03-14T01:18:01
================================================================================
[2026-03-14T01:19:01.440+0000] {manager.py:887} INFO - 
================================================================================
DAG File Processing Stats

File Path                            PID  Runtime      # DAGs    # Errors  Last Runtime    Last Run
---------------------------------  -----  ---------  --------  ----------  --------------  -------------------
/opt/airflow/dags/my_first_dag.py   2054  0.00s             1           0  0.09s           2026-03-14T01:18:31
================================================================================
[2026-03-14T01:19:31.641+0000] {manager.py:887} INFO - 
================================================================================
DAG File Processing Stats

File Path                            PID  Runtime      # DAGs    # Errors  Last Runtime    Last Run
---------------------------------  -----  ---------  --------  ----------  --------------  -------------------
/opt/airflow/dags/my_first_dag.py   2066  0.00s             1           0  0.08s           2026-03-14T01:19:01
================================================================================
[2026-03-14T01:20:01.856+0000] {manager.py:887} INFO - 
================================================================================
DAG File Processing Stats

File Path                            PID  Runtime      # DAGs    # Errors  Last Runtime    Last Run
---------------------------------  -----  ---------  --------  ----------  --------------  -------------------
/opt/airflow/dags/my_first_dag.py   2078  0.00s             1           0  0.08s           2026-03-14T01:19:31
================================================================================
[2026-03-14T01:20:32.110+0000] {manager.py:887} INFO - 
================================================================================
DAG File Processing Stats

File Path                            PID  Runtime      # DAGs    # Errors  Last Runtime    Last Run
---------------------------------  -----  ---------  --------  ----------  --------------  -------------------
/opt/airflow/dags/my_first_dag.py   2090  0.01s             1           0  0.08s           2026-03-14T01:20:01
================================================================================
[2026-03-14T01:21:02.331+0000] {manager.py:887} INFO - 
================================================================================
DAG File Processing Stats

File Path                            PID  Runtime      # DAGs    # Errors  Last Runtime    Last Run
---------------------------------  -----  ---------  --------  ----------  --------------  -------------------
/opt/airflow/dags/my_first_dag.py   2102  0.00s             1           0  0.08s           2026-03-14T01:20:32
================================================================================
[2026-03-14T01:21:32.530+0000] {manager.py:887} INFO - 
================================================================================
DAG File Processing Stats

File Path                            PID  Runtime      # DAGs    # Errors  Last Runtime    Last Run
---------------------------------  -----  ---------  --------  ----------  --------------  -------------------
/opt/airflow/dags/my_first_dag.py   2114  0.00s             1           0  0.08s           2026-03-14T01:21:02
================================================================================
[2026-03-14T01:22:02.731+0000] {manager.py:887} INFO - 
================================================================================
DAG File Processing Stats

File Path                            PID  Runtime      # DAGs    # Errors  Last Runtime    Last Run
---------------------------------  -----  ---------  --------  ----------  --------------  -------------------
/opt/airflow/dags/my_first_dag.py   2126  0.01s             1           0  0.09s           2026-03-14T01:21:32
================================================================================
[2026-03-14T01:22:32.971+0000] {manager.py:887} INFO - 
================================================================================
DAG File Processing Stats

File Path                            PID  Runtime      # DAGs    # Errors  Last Runtime    Last Run
---------------------------------  -----  ---------  --------  ----------  --------------  -------------------
/opt/airflow/dags/my_first_dag.py   2138  0.00s             1           0  0.09s           2026-03-14T01:22:02
================================================================================
[2026-03-14T01:22:41.022+0000] {manager.py:755} INFO - Searching for files in /opt/airflow/dags
[2026-03-14T01:22:41.023+0000] {manager.py:758} INFO - There are 1 files in /opt/airflow/dags
[2026-03-14T01:23:03.199+0000] {manager.py:887} INFO - 
================================================================================
DAG File Processing Stats

File Path                            PID  Runtime      # DAGs    # Errors  Last Runtime    Last Run
---------------------------------  -----  ---------  --------  ----------  --------------  -------------------
/opt/airflow/dags/my_first_dag.py   2149  0.00s             1           0  0.08s           2026-03-14T01:22:33
================================================================================
[2026-03-14T01:23:33.401+0000] {manager.py:887} INFO - 
================================================================================
DAG File Processing Stats

File Path                            PID  Runtime      # DAGs    # Errors  Last Runtime    Last Run
---------------------------------  -----  ---------  --------  ----------  --------------  -------------------
/opt/airflow/dags/my_first_dag.py   2160  0.00s             1           0  0.08s           2026-03-14T01:23:03
================================================================================
[2026-03-14T01:24:03.661+0000] {manager.py:887} INFO - 
================================================================================
DAG File Processing Stats

File Path                            PID  Runtime      # DAGs    # Errors  Last Runtime    Last Run
---------------------------------  -----  ---------  --------  ----------  --------------  -------------------
/opt/airflow/dags/my_first_dag.py   2172  0.01s             1           0  0.08s           2026-03-14T01:23:33
================================================================================
[2026-03-14T01:24:33.858+0000] {manager.py:887} INFO - 
================================================================================
DAG File Processing Stats

File Path                            PID  Runtime      # DAGs    # Errors  Last Runtime    Last Run
---------------------------------  -----  ---------  --------  ----------  --------------  -------------------
/opt/airflow/dags/my_first_dag.py   2184  0.01s             1           0  0.08s           2026-03-14T01:24:03
================================================================================
[2026-03-14T01:25:04.102+0000] {manager.py:887} INFO - 
================================================================================
DAG File Processing Stats

File Path                            PID  Runtime      # DAGs    # Errors  Last Runtime    Last Run
---------------------------------  -----  ---------  --------  ----------  --------------  -------------------
/opt/airflow/dags/my_first_dag.py   2196  0.00s             1           0  0.09s           2026-03-14T01:24:33
================================================================================
[2026-03-14T01:25:34.265+0000] {manager.py:887} INFO - 
================================================================================
DAG File Processing Stats

File Path                            PID  Runtime      # DAGs    # Errors  Last Runtime    Last Run
---------------------------------  -----  ---------  --------  ----------  --------------  -------------------
/opt/airflow/dags/my_first_dag.py   2208  0.00s             1           0  0.07s           2026-03-14T01:25:04
================================================================================
[2026-03-14T01:26:04.474+0000] {manager.py:887} INFO - 
================================================================================
DAG File Processing Stats

File Path                            PID  Runtime      # DAGs    # Errors  Last Runtime    Last Run
---------------------------------  -----  ---------  --------  ----------  --------------  -------------------
/opt/airflow/dags/my_first_dag.py   2220  0.01s             1           0  0.09s           2026-03-14T01:25:34
================================================================================
[2026-03-14T01:26:34.682+0000] {manager.py:887} INFO - 
================================================================================
DAG File Processing Stats

File Path                            PID  Runtime      # DAGs    # Errors  Last Runtime    Last Run
---------------------------------  -----  ---------  --------  ----------  --------------  -------------------
/opt/airflow/dags/my_first_dag.py   2232  0.00s             1           0  0.09s           2026-03-14T01:26:04
================================================================================
[2026-03-14T01:27:04.899+0000] {manager.py:887} INFO - 
================================================================================
DAG File Processing Stats

File Path                            PID  Runtime      # DAGs    # Errors  Last Runtime    Last Run
---------------------------------  -----  ---------  --------  ----------  --------------  -------------------
/opt/airflow/dags/my_first_dag.py   2243  0.00s             1           0  0.07s           2026-03-14T01:26:34
================================================================================
[2026-03-14T01:27:35.121+0000] {manager.py:887} INFO - 
================================================================================
DAG File Processing Stats

File Path                            PID  Runtime      # DAGs    # Errors  Last Runtime    Last Run
---------------------------------  -----  ---------  --------  ----------  --------------  -------------------
/opt/airflow/dags/my_first_dag.py   2255  0.00s             1           0  0.08s           2026-03-14T01:27:04
================================================================================
[2026-03-14T01:27:41.179+0000] {manager.py:755} INFO - Searching for files in /opt/airflow/dags
[2026-03-14T01:27:41.180+0000] {manager.py:758} INFO - There are 1 files in /opt/airflow/dags
[2026-03-14T01:28:05.370+0000] {manager.py:887} INFO - 
================================================================================
DAG File Processing Stats

File Path                            PID  Runtime      # DAGs    # Errors  Last Runtime    Last Run
---------------------------------  -----  ---------  --------  ----------  --------------  -------------------
/opt/airflow/dags/my_first_dag.py   2267  0.01s             1           0  0.08s           2026-03-14T01:27:35
================================================================================
[2026-03-14T01:28:35.579+0000] {manager.py:887} INFO - 
================================================================================
DAG File Processing Stats

File Path                            PID  Runtime      # DAGs    # Errors  Last Runtime    Last Run
---------------------------------  -----  ---------  --------  ----------  --------------  -------------------
/opt/airflow/dags/my_first_dag.py   2279  0.00s             1           0  0.09s           2026-03-14T01:28:05
================================================================================
[2026-03-14T01:29:05.799+0000] {manager.py:887} INFO - 
================================================================================
DAG File Processing Stats

File Path                            PID  Runtime      # DAGs    # Errors  Last Runtime    Last Run
---------------------------------  -----  ---------  --------  ----------  --------------  -------------------
/opt/airflow/dags/my_first_dag.py   2291  0.00s             1           0  0.08s           2026-03-14T01:28:35
================================================================================
[2026-03-14T01:29:35.979+0000] {manager.py:887} INFO - 
================================================================================
DAG File Processing Stats

File Path                            PID  Runtime      # DAGs    # Errors  Last Runtime    Last Run
---------------------------------  -----  ---------  --------  ----------  --------------  -------------------
/opt/airflow/dags/my_first_dag.py   2303  0.00s             1           0  0.08s           2026-03-14T01:29:05
================================================================================
[2026-03-14T01:30:06.184+0000] {manager.py:887} INFO - 
================================================================================
DAG File Processing Stats

File Path                            PID  Runtime      # DAGs    # Errors  Last Runtime    Last Run
---------------------------------  -----  ---------  --------  ----------  --------------  -------------------
/opt/airflow/dags/my_first_dag.py   2316  0.00s             1           0  0.09s           2026-03-14T01:29:36
================================================================================
[2026-03-14T01:30:36.374+0000] {manager.py:887} INFO - 
================================================================================
DAG File Processing Stats

File Path                            PID  Runtime      # DAGs    # Errors  Last Runtime    Last Run
---------------------------------  -----  ---------  --------  ----------  --------------  -------------------
/opt/airflow/dags/my_first_dag.py   2327  0.01s             1           0  0.08s           2026-03-14T01:30:06
================================================================================
[2026-03-14T01:31:06.593+0000] {manager.py:887} INFO - 
================================================================================
DAG File Processing Stats

File Path                            PID  Runtime      # DAGs    # Errors  Last Runtime    Last Run
---------------------------------  -----  ---------  --------  ----------  --------------  -------------------
/opt/airflow/dags/my_first_dag.py   2339  0.00s             1           0  0.09s           2026-03-14T01:30:36
================================================================================
[2026-03-14T01:31:36.797+0000] {manager.py:887} INFO - 
================================================================================
DAG File Processing Stats

File Path                            PID  Runtime      # DAGs    # Errors  Last Runtime    Last Run
---------------------------------  -----  ---------  --------  ----------  --------------  -------------------
/opt/airflow/dags/my_first_dag.py   2351  0.00s             1           0  0.08s           2026-03-14T01:31:06
================================================================================
[2026-03-14T01:32:07.007+0000] {manager.py:887} INFO - 
================================================================================
DAG File Processing Stats

File Path                            PID  Runtime      # DAGs    # Errors  Last Runtime    Last Run
---------------------------------  -----  ---------  --------  ----------  --------------  -------------------
/opt/airflow/dags/my_first_dag.py   2363  0.00s             1           0  0.08s           2026-03-14T01:31:36
================================================================================
[2026-03-14T01:32:37.228+0000] {manager.py:887} INFO - 
================================================================================
DAG File Processing Stats

File Path                            PID  Runtime      # DAGs    # Errors  Last Runtime    Last Run
---------------------------------  -----  ---------  --------  ----------  --------------  -------------------
/opt/airflow/dags/my_first_dag.py   2375  0.00s             1           0  0.08s           2026-03-14T01:32:07
================================================================================
[2026-03-14T01:32:41.265+0000] {manager.py:755} INFO - Searching for files in /opt/airflow/dags
[2026-03-14T01:32:41.267+0000] {manager.py:758} INFO - There are 1 files in /opt/airflow/dags
[2026-03-14T01:33:07.444+0000] {manager.py:887} INFO - 
================================================================================
DAG File Processing Stats

File Path                            PID  Runtime      # DAGs    # Errors  Last Runtime    Last Run
---------------------------------  -----  ---------  --------  ----------  --------------  -------------------
/opt/airflow/dags/my_first_dag.py   2387  0.00s             1           0  0.08s           2026-03-14T01:32:37
================================================================================
[2026-03-14T01:33:37.617+0000] {manager.py:887} INFO - 
================================================================================
DAG File Processing Stats

File Path                            PID  Runtime      # DAGs    # Errors  Last Runtime    Last Run
---------------------------------  -----  ---------  --------  ----------  --------------  -------------------
/opt/airflow/dags/my_first_dag.py   2399  0.00s             1           0  0.08s           2026-03-14T01:33:07
================================================================================
[2026-03-14T01:34:07.818+0000] {manager.py:887} INFO - 
================================================================================
DAG File Processing Stats

File Path                            PID  Runtime      # DAGs    # Errors  Last Runtime    Last Run
---------------------------------  -----  ---------  --------  ----------  --------------  -------------------
/opt/airflow/dags/my_first_dag.py   2411  0.01s             1           0  0.09s           2026-03-14T01:33:37
================================================================================
[2026-03-14T01:34:38.072+0000] {manager.py:887} INFO - 
================================================================================
DAG File Processing Stats

File Path                            PID  Runtime      # DAGs    # Errors  Last Runtime    Last Run
---------------------------------  -----  ---------  --------  ----------  --------------  -------------------
/opt/airflow/dags/my_first_dag.py   2422  0.00s             1           0  0.08s           2026-03-14T01:34:07
================================================================================
[2026-03-14T01:35:08.299+0000] {manager.py:887} INFO - 
================================================================================
DAG File Processing Stats

File Path                            PID  Runtime      # DAGs    # Errors  Last Runtime    Last Run
---------------------------------  -----  ---------  --------  ----------  --------------  -------------------
/opt/airflow/dags/my_first_dag.py   2434  0.01s             1           0  0.08s           2026-03-14T01:34:38
================================================================================
[2026-03-14T01:35:38.503+0000] {manager.py:887} INFO - 
================================================================================
DAG File Processing Stats

File Path                            PID  Runtime      # DAGs    # Errors  Last Runtime    Last Run
---------------------------------  -----  ---------  --------  ----------  --------------  -------------------
/opt/airflow/dags/my_first_dag.py   2446  0.01s             1           0  0.09s           2026-03-14T01:35:08
================================================================================
[2026-03-14T01:36:08.686+0000] {manager.py:887} INFO - 
================================================================================
DAG File Processing Stats

File Path                            PID  Runtime      # DAGs    # Errors  Last Runtime    Last Run
---------------------------------  -----  ---------  --------  ----------  --------------  -------------------
/opt/airflow/dags/my_first_dag.py   2458  0.00s             1           0  0.09s           2026-03-14T01:35:38
================================================================================
[2026-03-14T01:36:38.941+0000] {manager.py:887} INFO - 
================================================================================
DAG File Processing Stats

File Path                            PID  Runtime      # DAGs    # Errors  Last Runtime    Last Run
---------------------------------  -----  ---------  --------  ----------  --------------  -------------------
/opt/airflow/dags/my_first_dag.py   2470  0.00s             1           0  0.08s           2026-03-14T01:36:08
================================================================================
[2026-03-14T01:37:09.153+0000] {manager.py:887} INFO - 
================================================================================
DAG File Processing Stats

File Path                            PID  Runtime      # DAGs    # Errors  Last Runtime    Last Run
---------------------------------  -----  ---------  --------  ----------  --------------  -------------------
/opt/airflow/dags/my_first_dag.py   2482  0.00s             1           0  0.07s           2026-03-14T01:36:39
================================================================================
[2026-03-14T01:37:39.328+0000] {manager.py:887} INFO - 
================================================================================
DAG File Processing Stats

File Path                            PID  Runtime      # DAGs    # Errors  Last Runtime    Last Run
---------------------------------  -----  ---------  --------  ----------  --------------  -------------------
/opt/airflow/dags/my_first_dag.py   2494  0.00s             1           0  0.08s           2026-03-14T01:37:09
================================================================================
[2026-03-14T01:37:41.364+0000] {manager.py:755} INFO - Searching for files in /opt/airflow/dags
[2026-03-14T01:37:41.365+0000] {manager.py:758} INFO - There are 1 files in /opt/airflow/dags
[2026-03-14T01:38:09.536+0000] {manager.py:887} INFO - 
================================================================================
DAG File Processing Stats

File Path                            PID  Runtime      # DAGs    # Errors  Last Runtime    Last Run
---------------------------------  -----  ---------  --------  ----------  --------------  -------------------
/opt/airflow/dags/my_first_dag.py   2506  0.00s             1           0  0.09s           2026-03-14T01:37:39
================================================================================
[2026-03-14T01:38:39.762+0000] {manager.py:887} INFO - 
================================================================================
DAG File Processing Stats

File Path                            PID  Runtime      # DAGs    # Errors  Last Runtime    Last Run
---------------------------------  -----  ---------  --------  ----------  --------------  -------------------
/opt/airflow/dags/my_first_dag.py   2518  0.00s             1           0  0.08s           2026-03-14T01:38:09
================================================================================
[2026-03-14T01:39:09.953+0000] {manager.py:887} INFO - 
================================================================================
DAG File Processing Stats

File Path                            PID  Runtime      # DAGs    # Errors  Last Runtime    Last Run
---------------------------------  -----  ---------  --------  ----------  --------------  -------------------
/opt/airflow/dags/my_first_dag.py   2530  0.00s             1           0  0.08s           2026-03-14T01:38:39
================================================================================
[2026-03-14T01:39:40.246+0000] {manager.py:887} INFO - 
================================================================================
DAG File Processing Stats

File Path                            PID  Runtime      # DAGs    # Errors  Last Runtime    Last Run
---------------------------------  -----  ---------  --------  ----------  --------------  -------------------
/opt/airflow/dags/my_first_dag.py   2542  0.01s             1           0  0.08s           2026-03-14T01:39:10
================================================================================
[2026-03-14T01:40:10.461+0000] {manager.py:887} INFO - 
================================================================================
DAG File Processing Stats

File Path                            PID  Runtime      # DAGs    # Errors  Last Runtime    Last Run
---------------------------------  -----  ---------  --------  ----------  --------------  -------------------
/opt/airflow/dags/my_first_dag.py   2554  0.00s             1           0  0.09s           2026-03-14T01:39:40
================================================================================
[2026-03-14T01:40:40.683+0000] {manager.py:887} INFO - 
================================================================================
DAG File Processing Stats

File Path                            PID  Runtime      # DAGs    # Errors  Last Runtime    Last Run
---------------------------------  -----  ---------  --------  ----------  --------------  -------------------
/opt/airflow/dags/my_first_dag.py   2566  0.00s             1           0  0.08s           2026-03-14T01:40:10
================================================================================
[2026-03-14T01:41:10.889+0000] {manager.py:887} INFO - 
================================================================================
DAG File Processing Stats

File Path                            PID  Runtime      # DAGs    # Errors  Last Runtime    Last Run
---------------------------------  -----  ---------  --------  ----------  --------------  -------------------
/opt/airflow/dags/my_first_dag.py   2578  0.00s             1           0  0.08s           2026-03-14T01:40:40
================================================================================
[2026-03-14T01:41:41.084+0000] {manager.py:887} INFO - 
================================================================================
DAG File Processing Stats

File Path                            PID  Runtime      # DAGs    # Errors  Last Runtime    Last Run
---------------------------------  -----  ---------  --------  ----------  --------------  -------------------
/opt/airflow/dags/my_first_dag.py   2590  0.00s             1           0  0.08s           2026-03-14T01:41:10
================================================================================
[2026-03-14T01:42:11.268+0000] {manager.py:887} INFO - 
================================================================================
DAG File Processing Stats

File Path                            PID  Runtime      # DAGs    # Errors  Last Runtime    Last Run
---------------------------------  -----  ---------  --------  ----------  --------------  -------------------
/opt/airflow/dags/my_first_dag.py   2602  0.00s             1           0  0.10s           2026-03-14T01:41:41
================================================================================
[2026-03-14T01:42:41.478+0000] {manager.py:755} INFO - Searching for files in /opt/airflow/dags
[2026-03-14T01:42:41.479+0000] {manager.py:758} INFO - There are 1 files in /opt/airflow/dags
[2026-03-14T01:42:41.491+0000] {manager.py:887} INFO - 
================================================================================
DAG File Processing Stats

File Path                            PID  Runtime      # DAGs    # Errors  Last Runtime    Last Run
---------------------------------  -----  ---------  --------  ----------  --------------  -------------------
/opt/airflow/dags/my_first_dag.py   2614  0.00s             1           0  0.08s           2026-03-14T01:42:11
================================================================================
[2026-03-14T01:43:11.703+0000] {manager.py:887} INFO - 
================================================================================
DAG File Processing Stats

File Path                            PID  Runtime      # DAGs    # Errors  Last Runtime    Last Run
---------------------------------  -----  ---------  --------  ----------  --------------  -------------------
/opt/airflow/dags/my_first_dag.py   2626  0.01s             1           0  0.08s           2026-03-14T01:42:41
================================================================================
[2026-03-14T01:43:41.919+0000] {manager.py:887} INFO - 
================================================================================
DAG File Processing Stats

File Path                            PID  Runtime      # DAGs    # Errors  Last Runtime    Last Run
---------------------------------  -----  ---------  --------  ----------  --------------  -------------------
/opt/airflow/dags/my_first_dag.py   2639  0.01s             1           0  0.09s           2026-03-14T01:43:11
================================================================================
[2026-03-14T01:44:12.140+0000] {manager.py:887} INFO - 
================================================================================
DAG File Processing Stats

File Path                            PID  Runtime      # DAGs    # Errors  Last Runtime    Last Run
---------------------------------  -----  ---------  --------  ----------  --------------  -------------------
/opt/airflow/dags/my_first_dag.py   2651  0.01s             1           0  0.08s           2026-03-14T01:43:41
================================================================================
[2026-03-14T01:44:42.344+0000] {manager.py:887} INFO - 
================================================================================
DAG File Processing Stats

File Path                            PID  Runtime      # DAGs    # Errors  Last Runtime    Last Run
---------------------------------  -----  ---------  --------  ----------  --------------  -------------------
/opt/airflow/dags/my_first_dag.py   2663  0.01s             1           0  0.10s           2026-03-14T01:44:12
================================================================================
[2026-03-14T01:45:12.594+0000] {manager.py:887} INFO - 
================================================================================
DAG File Processing Stats

File Path                            PID  Runtime      # DAGs    # Errors  Last Runtime    Last Run
---------------------------------  -----  ---------  --------  ----------  --------------  -------------------
/opt/airflow/dags/my_first_dag.py   2675  0.00s             1           0  0.09s           2026-03-14T01:44:42
================================================================================
[2026-03-14T01:45:42.759+0000] {manager.py:887} INFO - 
================================================================================
DAG File Processing Stats

File Path                            PID  Runtime      # DAGs    # Errors  Last Runtime    Last Run
---------------------------------  -----  ---------  --------  ----------  --------------  -------------------
/opt/airflow/dags/my_first_dag.py   2687  0.00s             1           0  0.08s           2026-03-14T01:45:12
================================================================================
[2026-03-14T01:46:13.009+0000] {manager.py:887} INFO - 
================================================================================
DAG File Processing Stats

File Path                            PID  Runtime      # DAGs    # Errors  Last Runtime    Last Run
---------------------------------  -----  ---------  --------  ----------  --------------  -------------------
/opt/airflow/dags/my_first_dag.py   2698  0.01s             1           0  0.10s           2026-03-14T01:45:42
================================================================================
[2026-03-14T01:46:43.221+0000] {manager.py:887} INFO - 
================================================================================
DAG File Processing Stats

File Path                            PID  Runtime      # DAGs    # Errors  Last Runtime    Last Run
---------------------------------  -----  ---------  --------  ----------  --------------  -------------------
/opt/airflow/dags/my_first_dag.py   2710  0.00s             1           0  0.08s           2026-03-14T01:46:13
================================================================================
[2026-03-14T01:47:13.439+0000] {manager.py:887} INFO - 
================================================================================
DAG File Processing Stats

File Path                            PID  Runtime      # DAGs    # Errors  Last Runtime    Last Run
---------------------------------  -----  ---------  --------  ----------  --------------  -------------------
/opt/airflow/dags/my_first_dag.py   2722  0.00s             1           0  0.08s           2026-03-14T01:46:43
================================================================================
[2026-03-14T01:47:41.653+0000] {manager.py:755} INFO - Searching for files in /opt/airflow/dags
[2026-03-14T01:47:41.655+0000] {manager.py:758} INFO - There are 1 files in /opt/airflow/dags
[2026-03-14T01:47:43.701+0000] {manager.py:887} INFO - 
================================================================================
DAG File Processing Stats

File Path                            PID  Runtime      # DAGs    # Errors  Last Runtime    Last Run
---------------------------------  -----  ---------  --------  ----------  --------------  -------------------
/opt/airflow/dags/my_first_dag.py   2733  0.01s             1           0  0.08s           2026-03-14T01:47:13
================================================================================
[2026-03-14T01:48:13.928+0000] {manager.py:887} INFO - 
================================================================================
DAG File Processing Stats

File Path                            PID  Runtime      # DAGs    # Errors  Last Runtime    Last Run
---------------------------------  -----  ---------  --------  ----------  --------------  -------------------
/opt/airflow/dags/my_first_dag.py   2745  0.00s             1           0  0.09s           2026-03-14T01:47:43
================================================================================
[2026-03-14T01:48:44.144+0000] {manager.py:887} INFO - 
================================================================================
DAG File Processing Stats

File Path                            PID  Runtime      # DAGs    # Errors  Last Runtime    Last Run
---------------------------------  -----  ---------  --------  ----------  --------------  -------------------
/opt/airflow/dags/my_first_dag.py   2757  0.01s             1           0  0.07s           2026-03-14T01:48:13
================================================================================
[2026-03-14T01:49:14.358+0000] {manager.py:887} INFO - 
================================================================================
DAG File Processing Stats

File Path                            PID  Runtime      # DAGs    # Errors  Last Runtime    Last Run
---------------------------------  -----  ---------  --------  ----------  --------------  -------------------
/opt/airflow/dags/my_first_dag.py   2769  0.00s             1           0  0.08s           2026-03-14T01:48:44
================================================================================
[2026-03-14T01:49:44.533+0000] {manager.py:887} INFO - 
================================================================================
DAG File Processing Stats

File Path                            PID  Runtime      # DAGs    # Errors  Last Runtime    Last Run
---------------------------------  -----  ---------  --------  ----------  --------------  -------------------
/opt/airflow/dags/my_first_dag.py   2781  0.00s             1           0  0.09s           2026-03-14T01:49:14
================================================================================
[2026-03-14T01:50:14.749+0000] {manager.py:887} INFO - 
================================================================================
DAG File Processing Stats

File Path                            PID  Runtime      # DAGs    # Errors  Last Runtime    Last Run
---------------------------------  -----  ---------  --------  ----------  --------------  -------------------
/opt/airflow/dags/my_first_dag.py   2799  0.00s             1           0  0.10s           2026-03-14T01:49:44
================================================================================
[2026-03-14T01:50:44.965+0000] {manager.py:887} INFO - 
================================================================================
DAG File Processing Stats

File Path                            PID  Runtime      # DAGs    # Errors  Last Runtime    Last Run
---------------------------------  -----  ---------  --------  ----------  --------------  -------------------
/opt/airflow/dags/my_first_dag.py   2812  0.00s             1           0  0.08s           2026-03-14T01:50:14
================================================================================
[2026-03-14T01:51:15.185+0000] {manager.py:887} INFO - 
================================================================================
DAG File Processing Stats

File Path                            PID  Runtime      # DAGs    # Errors  Last Runtime    Last Run
---------------------------------  -----  ---------  --------  ----------  --------------  -------------------
/opt/airflow/dags/my_first_dag.py   2824  0.01s             1           0  0.08s           2026-03-14T01:50:45
================================================================================
[2026-03-14T01:51:45.400+0000] {manager.py:887} INFO - 
================================================================================
DAG File Processing Stats

File Path                            PID  Runtime      # DAGs    # Errors  Last Runtime    Last Run
---------------------------------  -----  ---------  --------  ----------  --------------  -------------------
/opt/airflow/dags/my_first_dag.py   2836  0.00s             1           0  0.08s           2026-03-14T01:51:15
================================================================================
[2026-03-14T01:52:15.609+0000] {manager.py:887} INFO - 
================================================================================
DAG File Processing Stats

File Path                            PID  Runtime      # DAGs    # Errors  Last Runtime    Last Run
---------------------------------  -----  ---------  --------  ----------  --------------  -------------------
/opt/airflow/dags/my_first_dag.py   2848  0.00s             1           0  0.08s           2026-03-14T01:51:45
================================================================================
[2026-03-14T01:52:41.806+0000] {manager.py:755} INFO - Searching for files in /opt/airflow/dags
[2026-03-14T01:52:41.807+0000] {manager.py:758} INFO - There are 1 files in /opt/airflow/dags
[2026-03-14T01:52:45.837+0000] {manager.py:887} INFO - 
================================================================================
DAG File Processing Stats

File Path                            PID  Runtime      # DAGs    # Errors  Last Runtime    Last Run
---------------------------------  -----  ---------  --------  ----------  --------------  -------------------
/opt/airflow/dags/my_first_dag.py   2861  0.00s             1           0  0.10s           2026-03-14T01:52:15
================================================================================
[2026-03-14T01:53:16.026+0000] {manager.py:887} INFO - 
================================================================================
DAG File Processing Stats

File Path                            PID  Runtime      # DAGs    # Errors  Last Runtime    Last Run
---------------------------------  -----  ---------  --------  ----------  --------------  -------------------
/opt/airflow/dags/my_first_dag.py   2873  0.00s             1           0  0.09s           2026-03-14T01:52:45
================================================================================
[2026-03-14T01:53:46.224+0000] {manager.py:887} INFO - 
================================================================================
DAG File Processing Stats

File Path                            PID  Runtime      # DAGs    # Errors  Last Runtime    Last Run
---------------------------------  -----  ---------  --------  ----------  --------------  -------------------
/opt/airflow/dags/my_first_dag.py   2885  0.00s             1           0  0.09s           2026-03-14T01:53:16
================================================================================
[2026-03-14T01:54:16.454+0000] {manager.py:887} INFO - 
================================================================================
DAG File Processing Stats

File Path                            PID  Runtime      # DAGs    # Errors  Last Runtime    Last Run
---------------------------------  -----  ---------  --------  ----------  --------------  -------------------
/opt/airflow/dags/my_first_dag.py   2897  0.01s             1           0  0.09s           2026-03-14T01:53:46
================================================================================
[2026-03-14T01:54:46.680+0000] {manager.py:887} INFO - 
================================================================================
DAG File Processing Stats

File Path                            PID  Runtime      # DAGs    # Errors  Last Runtime    Last Run
---------------------------------  -----  ---------  --------  ----------  --------------  -------------------
/opt/airflow/dags/my_first_dag.py   2909  0.00s             1           0  0.09s           2026-03-14T01:54:16
================================================================================
[2026-03-14T01:55:16.893+0000] {manager.py:887} INFO - 
================================================================================
DAG File Processing Stats

File Path                            PID  Runtime      # DAGs    # Errors  Last Runtime    Last Run
---------------------------------  -----  ---------  --------  ----------  --------------  -------------------
/opt/airflow/dags/my_first_dag.py   2921  0.01s             1           0  0.08s           2026-03-14T01:54:46
================================================================================
[2026-03-14T01:55:47.090+0000] {manager.py:887} INFO - 
================================================================================
DAG File Processing Stats

File Path                            PID  Runtime      # DAGs    # Errors  Last Runtime    Last Run
---------------------------------  -----  ---------  --------  ----------  --------------  -------------------
/opt/airflow/dags/my_first_dag.py   2933  0.00s             1           0  0.08s           2026-03-14T01:55:16
================================================================================
[2026-03-14T01:56:17.284+0000] {manager.py:887} INFO - 
================================================================================
DAG File Processing Stats

File Path                            PID  Runtime      # DAGs    # Errors  Last Runtime    Last Run
---------------------------------  -----  ---------  --------  ----------  --------------  -------------------
/opt/airflow/dags/my_first_dag.py   2944  0.00s             1           0  0.08s           2026-03-14T01:55:47
================================================================================
[2026-03-14T01:56:47.472+0000] {manager.py:887} INFO - 
================================================================================
DAG File Processing Stats

File Path                            PID  Runtime      # DAGs    # Errors  Last Runtime    Last Run
---------------------------------  -----  ---------  --------  ----------  --------------  -------------------
/opt/airflow/dags/my_first_dag.py   2956  0.00s             1           0  0.08s           2026-03-14T01:56:17
================================================================================
[2026-03-14T01:57:17.688+0000] {manager.py:887} INFO - 
================================================================================
DAG File Processing Stats

File Path                            PID  Runtime      # DAGs    # Errors  Last Runtime    Last Run
---------------------------------  -----  ---------  --------  ----------  --------------  -------------------
/opt/airflow/dags/my_first_dag.py   2968  0.00s             1           0  0.08s           2026-03-14T01:56:47
================================================================================
[2026-03-14T01:57:41.825+0000] {manager.py:755} INFO - Searching for files in /opt/airflow/dags
[2026-03-14T01:57:41.826+0000] {manager.py:758} INFO - There are 1 files in /opt/airflow/dags
[2026-03-14T01:57:47.865+0000] {manager.py:887} INFO - 
================================================================================
DAG File Processing Stats

File Path                            PID  Runtime      # DAGs    # Errors  Last Runtime    Last Run
---------------------------------  -----  ---------  --------  ----------  --------------  -------------------
/opt/airflow/dags/my_first_dag.py   2979  0.00s             1           0  0.09s           2026-03-14T01:57:17
================================================================================
[2026-03-14T01:58:18.083+0000] {manager.py:887} INFO - 
================================================================================
DAG File Processing Stats

File Path                            PID  Runtime      # DAGs    # Errors  Last Runtime    Last Run
---------------------------------  -----  ---------  --------  ----------  --------------  -------------------
/opt/airflow/dags/my_first_dag.py   2991  0.00s             1           0  0.09s           2026-03-14T01:57:47
================================================================================
[2026-03-14T01:58:48.296+0000] {manager.py:887} INFO - 
================================================================================
DAG File Processing Stats

File Path                            PID  Runtime      # DAGs    # Errors  Last Runtime    Last Run
---------------------------------  -----  ---------  --------  ----------  --------------  -------------------
/opt/airflow/dags/my_first_dag.py   3003  0.01s             1           0  0.08s           2026-03-14T01:58:18
================================================================================
[2026-03-14T01:59:18.536+0000] {manager.py:887} INFO - 
================================================================================
DAG File Processing Stats

File Path                            PID  Runtime      # DAGs    # Errors  Last Runtime    Last Run
---------------------------------  -----  ---------  --------  ----------  --------------  -------------------
/opt/airflow/dags/my_first_dag.py   3014  0.01s             1           0  0.08s           2026-03-14T01:58:48
================================================================================
[2026-03-14T01:59:48.701+0000] {manager.py:887} INFO - 
================================================================================
DAG File Processing Stats

File Path                            PID  Runtime      # DAGs    # Errors  Last Runtime    Last Run
---------------------------------  -----  ---------  --------  ----------  --------------  -------------------
/opt/airflow/dags/my_first_dag.py   3026  0.00s             1           0  0.08s           2026-03-14T01:59:18
================================================================================
[2026-03-14T02:00:18.901+0000] {manager.py:887} INFO - 
================================================================================
DAG File Processing Stats

File Path                            PID  Runtime      # DAGs    # Errors  Last Runtime    Last Run
---------------------------------  -----  ---------  --------  ----------  --------------  -------------------
/opt/airflow/dags/my_first_dag.py   3039  0.00s             1           0  0.07s           2026-03-14T01:59:48
================================================================================
[2026-03-14T02:00:49.091+0000] {manager.py:887} INFO - 
================================================================================
DAG File Processing Stats

File Path                            PID  Runtime      # DAGs    # Errors  Last Runtime    Last Run
---------------------------------  -----  ---------  --------  ----------  --------------  -------------------
/opt/airflow/dags/my_first_dag.py   3051  0.00s             1           0  0.08s           2026-03-14T02:00:18
================================================================================
[2026-03-14T02:01:19.354+0000] {manager.py:887} INFO - 
================================================================================
DAG File Processing Stats

File Path                            PID  Runtime      # DAGs    # Errors  Last Runtime    Last Run
---------------------------------  -----  ---------  --------  ----------  --------------  -------------------
/opt/airflow/dags/my_first_dag.py   3063  0.00s             1           0  0.08s           2026-03-14T02:00:49
================================================================================
[2026-03-14T02:01:49.529+0000] {manager.py:887} INFO - 
================================================================================
DAG File Processing Stats

File Path                            PID  Runtime      # DAGs    # Errors  Last Runtime    Last Run
---------------------------------  -----  ---------  --------  ----------  --------------  -------------------
/opt/airflow/dags/my_first_dag.py   3075  0.00s             1           0  0.09s           2026-03-14T02:01:19
================================================================================
[2026-03-14T02:02:19.773+0000] {manager.py:887} INFO - 
================================================================================
DAG File Processing Stats

File Path                            PID  Runtime      # DAGs    # Errors  Last Runtime    Last Run
---------------------------------  -----  ---------  --------  ----------  --------------  -------------------
/opt/airflow/dags/my_first_dag.py   3087  0.00s             1           0  0.09s           2026-03-14T02:01:49
================================================================================
[2026-03-14T02:02:41.893+0000] {manager.py:755} INFO - Searching for files in /opt/airflow/dags
[2026-03-14T02:02:41.894+0000] {manager.py:758} INFO - There are 1 files in /opt/airflow/dags
[2026-03-14T02:02:49.935+0000] {manager.py:887} INFO - 
================================================================================
DAG File Processing Stats

File Path                            PID  Runtime      # DAGs    # Errors  Last Runtime    Last Run
---------------------------------  -----  ---------  --------  ----------  --------------  -------------------
/opt/airflow/dags/my_first_dag.py   3099  0.00s             1           0  0.08s           2026-03-14T02:02:19
================================================================================
[2026-03-14T02:03:20.116+0000] {manager.py:887} INFO - 
================================================================================
DAG File Processing Stats

File Path                            PID  Runtime      # DAGs    # Errors  Last Runtime    Last Run
---------------------------------  -----  ---------  --------  ----------  --------------  -------------------
/opt/airflow/dags/my_first_dag.py   3111  0.00s             1           0  0.08s           2026-03-14T02:02:50
================================================================================
[2026-03-14T02:03:50.288+0000] {manager.py:887} INFO - 
================================================================================
DAG File Processing Stats

File Path                            PID  Runtime      # DAGs    # Errors  Last Runtime    Last Run
---------------------------------  -----  ---------  --------  ----------  --------------  -------------------
/opt/airflow/dags/my_first_dag.py   3123  0.00s             1           0  0.08s           2026-03-14T02:03:20
================================================================================
[2026-03-14T02:04:20.573+0000] {manager.py:887} INFO - 
================================================================================
DAG File Processing Stats

File Path                            PID  Runtime      # DAGs    # Errors  Last Runtime    Last Run
---------------------------------  -----  ---------  --------  ----------  --------------  -------------------
/opt/airflow/dags/my_first_dag.py   3135  0.00s             1           0  0.08s           2026-03-14T02:03:50
================================================================================
[2026-03-14T02:04:50.753+0000] {manager.py:887} INFO - 
================================================================================
DAG File Processing Stats

File Path                            PID  Runtime      # DAGs    # Errors  Last Runtime    Last Run
---------------------------------  -----  ---------  --------  ----------  --------------  -------------------
/opt/airflow/dags/my_first_dag.py   3147  0.00s             1           0  0.08s           2026-03-14T02:04:20
================================================================================
[2026-03-14T02:05:20.955+0000] {manager.py:887} INFO - 
================================================================================
DAG File Processing Stats

File Path                            PID  Runtime      # DAGs    # Errors  Last Runtime    Last Run
---------------------------------  -----  ---------  --------  ----------  --------------  -------------------
/opt/airflow/dags/my_first_dag.py   3159  0.00s             1           0  0.08s           2026-03-14T02:04:50
================================================================================
[2026-03-14T02:05:51.136+0000] {manager.py:887} INFO - 
================================================================================
DAG File Processing Stats

File Path                            PID  Runtime      # DAGs    # Errors  Last Runtime    Last Run
---------------------------------  -----  ---------  --------  ----------  --------------  -------------------
/opt/airflow/dags/my_first_dag.py   3171  0.00s             1           0  0.09s           2026-03-14T02:05:21
================================================================================
[2026-03-14T02:06:21.369+0000] {manager.py:887} INFO - 
================================================================================
DAG File Processing Stats

File Path                            PID  Runtime      # DAGs    # Errors  Last Runtime    Last Run
---------------------------------  -----  ---------  --------  ----------  --------------  -------------------
/opt/airflow/dags/my_first_dag.py   3183  0.00s             1           0  0.10s           2026-03-14T02:05:51
================================================================================
[2026-03-14T02:06:51.562+0000] {manager.py:887} INFO - 
================================================================================
DAG File Processing Stats

File Path                            PID  Runtime      # DAGs    # Errors  Last Runtime    Last Run
---------------------------------  -----  ---------  --------  ----------  --------------  -------------------
/opt/airflow/dags/my_first_dag.py   3195  0.00s             1           0  0.08s           2026-03-14T02:06:21
================================================================================
[2026-03-14T02:07:21.729+0000] {manager.py:887} INFO - 
================================================================================
DAG File Processing Stats

File Path                            PID  Runtime      # DAGs    # Errors  Last Runtime    Last Run
---------------------------------  -----  ---------  --------  ----------  --------------  -------------------
/opt/airflow/dags/my_first_dag.py   3207  0.00s             1           0  0.08s           2026-03-14T02:06:51
================================================================================
[2026-03-14T02:07:42.848+0000] {manager.py:755} INFO - Searching for files in /opt/airflow/dags
[2026-03-14T02:07:42.849+0000] {manager.py:758} INFO - There are 1 files in /opt/airflow/dags
[2026-03-14T02:07:51.904+0000] {manager.py:887} INFO - 
================================================================================
DAG File Processing Stats

File Path                            PID  Runtime      # DAGs    # Errors  Last Runtime    Last Run
---------------------------------  -----  ---------  --------  ----------  --------------  -------------------
/opt/airflow/dags/my_first_dag.py   3219  0.00s             1           0  0.08s           2026-03-14T02:07:21
================================================================================
[2026-03-14T02:08:22.116+0000] {manager.py:887} INFO - 
================================================================================
DAG File Processing Stats

File Path                            PID  Runtime      # DAGs    # Errors  Last Runtime    Last Run
---------------------------------  -----  ---------  --------  ----------  --------------  -------------------
/opt/airflow/dags/my_first_dag.py   3230  0.01s             1           0  0.08s           2026-03-14T02:07:51
================================================================================
[2026-03-14T02:08:52.292+0000] {manager.py:887} INFO - 
================================================================================
DAG File Processing Stats

File Path                            PID  Runtime      # DAGs    # Errors  Last Runtime    Last Run
---------------------------------  -----  ---------  --------  ----------  --------------  -------------------
/opt/airflow/dags/my_first_dag.py   3242  0.00s             1           0  0.09s           2026-03-14T02:08:22
================================================================================
[2026-03-14T02:09:22.520+0000] {manager.py:887} INFO - 
================================================================================
DAG File Processing Stats

File Path                            PID  Runtime      # DAGs    # Errors  Last Runtime    Last Run
---------------------------------  -----  ---------  --------  ----------  --------------  -------------------
/opt/airflow/dags/my_first_dag.py   3254  0.00s             1           0  0.08s           2026-03-14T02:08:52
================================================================================
[2026-03-14T02:09:52.693+0000] {manager.py:887} INFO - 
================================================================================
DAG File Processing Stats

File Path                            PID  Runtime      # DAGs    # Errors  Last Runtime    Last Run
---------------------------------  -----  ---------  --------  ----------  --------------  -------------------
/opt/airflow/dags/my_first_dag.py   3266  0.00s             1           0  0.09s           2026-03-14T02:09:22
================================================================================
[2026-03-14T02:10:22.939+0000] {manager.py:887} INFO - 
================================================================================
DAG File Processing Stats

File Path                            PID  Runtime      # DAGs    # Errors  Last Runtime    Last Run
---------------------------------  -----  ---------  --------  ----------  --------------  -------------------
/opt/airflow/dags/my_first_dag.py   3277  0.01s             1           0  0.09s           2026-03-14T02:09:52
================================================================================
[2026-03-14T02:10:53.110+0000] {manager.py:887} INFO - 
================================================================================
DAG File Processing Stats

File Path                            PID  Runtime      # DAGs    # Errors  Last Runtime    Last Run
---------------------------------  -----  ---------  --------  ----------  --------------  -------------------
/opt/airflow/dags/my_first_dag.py   3289  0.00s             1           0  0.09s           2026-03-14T02:10:23
================================================================================
[2026-03-14T02:11:23.340+0000] {manager.py:887} INFO - 
================================================================================
DAG File Processing Stats

File Path                            PID  Runtime      # DAGs    # Errors  Last Runtime    Last Run
---------------------------------  -----  ---------  --------  ----------  --------------  -------------------
/opt/airflow/dags/my_first_dag.py   3301  0.01s             1           0  0.08s           2026-03-14T02:10:53
================================================================================
[2026-03-14T02:11:53.520+0000] {manager.py:887} INFO - 
================================================================================
DAG File Processing Stats

File Path                            PID  Runtime      # DAGs    # Errors  Last Runtime    Last Run
---------------------------------  -----  ---------  --------  ----------  --------------  -------------------
/opt/airflow/dags/my_first_dag.py   3313  0.00s             1           0  0.08s           2026-03-14T02:11:23
================================================================================
[2026-03-14T02:12:23.720+0000] {manager.py:887} INFO - 
================================================================================
DAG File Processing Stats

File Path                            PID  Runtime      # DAGs    # Errors  Last Runtime    Last Run
---------------------------------  -----  ---------  --------  ----------  --------------  -------------------
/opt/airflow/dags/my_first_dag.py   3325  0.00s             1           0  0.08s           2026-03-14T02:11:53
================================================================================
[2026-03-14T02:12:42.893+0000] {manager.py:755} INFO - Searching for files in /opt/airflow/dags
[2026-03-14T02:12:42.894+0000] {manager.py:758} INFO - There are 1 files in /opt/airflow/dags
[2026-03-14T02:12:53.983+0000] {manager.py:887} INFO - 
================================================================================
DAG File Processing Stats

File Path                            PID  Runtime      # DAGs    # Errors  Last Runtime    Last Run
---------------------------------  -----  ---------  --------  ----------  --------------  -------------------
/opt/airflow/dags/my_first_dag.py   3337  0.00s             1           0  0.08s           2026-03-14T02:12:23
================================================================================
[2026-03-14T02:13:24.164+0000] {manager.py:887} INFO - 
================================================================================
DAG File Processing Stats

File Path                            PID  Runtime      # DAGs    # Errors  Last Runtime    Last Run
---------------------------------  -----  ---------  --------  ----------  --------------  -------------------
/opt/airflow/dags/my_first_dag.py   3349  0.00s             1           0  0.08s           2026-03-14T02:12:54
================================================================================
[2026-03-14T02:13:54.383+0000] {manager.py:887} INFO - 
================================================================================
DAG File Processing Stats

File Path                            PID  Runtime      # DAGs    # Errors  Last Runtime    Last Run
---------------------------------  -----  ---------  --------  ----------  --------------  -------------------
/opt/airflow/dags/my_first_dag.py   3361  0.00s             1           0  0.09s           2026-03-14T02:13:24
================================================================================
[2026-03-14T02:14:24.509+0000] {manager.py:887} INFO - 
================================================================================
DAG File Processing Stats

File Path                            PID  Runtime      # DAGs    # Errors  Last Runtime    Last Run
---------------------------------  -----  ---------  --------  ----------  --------------  -------------------
/opt/airflow/dags/my_first_dag.py   3373  0.00s             1           0  0.10s           2026-03-14T02:13:54
================================================================================
[2026-03-14T02:14:54.729+0000] {manager.py:887} INFO - 
================================================================================
DAG File Processing Stats

File Path                            PID  Runtime      # DAGs    # Errors  Last Runtime    Last Run
---------------------------------  -----  ---------  --------  ----------  --------------  -------------------
/opt/airflow/dags/my_first_dag.py   3385  0.00s             1           0  0.08s           2026-03-14T02:14:24
================================================================================
[2026-03-14T02:15:24.925+0000] {manager.py:887} INFO - 
================================================================================
DAG File Processing Stats

File Path                            PID  Runtime      # DAGs    # Errors  Last Runtime    Last Run
---------------------------------  -----  ---------  --------  ----------  --------------  -------------------
/opt/airflow/dags/my_first_dag.py   3397  0.00s             1           0  0.08s           2026-03-14T02:14:54
================================================================================
[2026-03-14T02:15:55.166+0000] {manager.py:887} INFO - 
================================================================================
DAG File Processing Stats

File Path                            PID  Runtime      # DAGs    # Errors  Last Runtime    Last Run
---------------------------------  -----  ---------  --------  ----------  --------------  -------------------
/opt/airflow/dags/my_first_dag.py   3410  0.01s             1           0  0.08s           2026-03-14T02:15:24
================================================================================
[2026-03-14T02:16:25.350+0000] {manager.py:887} INFO - 
================================================================================
DAG File Processing Stats

File Path                            PID  Runtime      # DAGs    # Errors  Last Runtime    Last Run
---------------------------------  -----  ---------  --------  ----------  --------------  -------------------
/opt/airflow/dags/my_first_dag.py   3422  0.00s             1           0  0.09s           2026-03-14T02:15:55
================================================================================
[2026-03-14T02:16:55.592+0000] {manager.py:887} INFO - 
================================================================================
DAG File Processing Stats

File Path                            PID  Runtime      # DAGs    # Errors  Last Runtime    Last Run
---------------------------------  -----  ---------  --------  ----------  --------------  -------------------
/opt/airflow/dags/my_first_dag.py   3434  0.00s             1           0  0.08s           2026-03-14T02:16:25
================================================================================
[2026-03-14T02:17:25.759+0000] {manager.py:887} INFO - 
================================================================================
DAG File Processing Stats

File Path                            PID  Runtime      # DAGs    # Errors  Last Runtime    Last Run
---------------------------------  -----  ---------  --------  ----------  --------------  -------------------
/opt/airflow/dags/my_first_dag.py   3446  0.00s             1           0  0.08s           2026-03-14T02:16:55
================================================================================
[2026-03-14T02:17:42.930+0000] {manager.py:755} INFO - Searching for files in /opt/airflow/dags
[2026-03-14T02:17:42.931+0000] {manager.py:758} INFO - There are 1 files in /opt/airflow/dags
[2026-03-14T02:17:56.002+0000] {manager.py:887} INFO - 
================================================================================
DAG File Processing Stats

File Path                            PID  Runtime      # DAGs    # Errors  Last Runtime    Last Run
---------------------------------  -----  ---------  --------  ----------  --------------  -------------------
/opt/airflow/dags/my_first_dag.py   3458  0.00s             1           0  0.09s           2026-03-14T02:17:25
================================================================================
[2026-03-14T02:18:26.191+0000] {manager.py:887} INFO - 
================================================================================
DAG File Processing Stats

File Path                            PID  Runtime      # DAGs    # Errors  Last Runtime    Last Run
---------------------------------  -----  ---------  --------  ----------  --------------  -------------------
/opt/airflow/dags/my_first_dag.py   3470  0.00s             1           0  0.09s           2026-03-14T02:17:56
================================================================================
[2026-03-14T02:18:56.427+0000] {manager.py:887} INFO - 
================================================================================
DAG File Processing Stats

File Path                            PID  Runtime      # DAGs    # Errors  Last Runtime    Last Run
---------------------------------  -----  ---------  --------  ----------  --------------  -------------------
/opt/airflow/dags/my_first_dag.py   3482  0.00s             1           0  0.08s           2026-03-14T02:18:26
================================================================================
[2026-03-14T02:19:26.619+0000] {manager.py:887} INFO - 
================================================================================
DAG File Processing Stats

File Path                            PID  Runtime      # DAGs    # Errors  Last Runtime    Last Run
---------------------------------  -----  ---------  --------  ----------  --------------  -------------------
/opt/airflow/dags/my_first_dag.py   3494  0.00s             1           0  0.08s           2026-03-14T02:18:56
================================================================================
[2026-03-14T02:19:56.872+0000] {manager.py:887} INFO - 
================================================================================
DAG File Processing Stats

File Path                            PID  Runtime      # DAGs    # Errors  Last Runtime    Last Run
---------------------------------  -----  ---------  --------  ----------  --------------  -------------------
/opt/airflow/dags/my_first_dag.py   3506  0.01s             1           0  0.08s           2026-03-14T02:19:26
================================================================================
[2026-03-14T02:20:27.089+0000] {manager.py:887} INFO - 
================================================================================
DAG File Processing Stats

File Path                            PID  Runtime      # DAGs    # Errors  Last Runtime    Last Run
---------------------------------  -----  ---------  --------  ----------  --------------  -------------------
/opt/airflow/dags/my_first_dag.py   3518  0.00s             1           0  0.10s           2026-03-14T02:19:56
================================================================================
[2026-03-14T02:20:57.270+0000] {manager.py:887} INFO - 
================================================================================
DAG File Processing Stats

File Path                            PID  Runtime      # DAGs    # Errors  Last Runtime    Last Run
---------------------------------  -----  ---------  --------  ----------  --------------  -------------------
/opt/airflow/dags/my_first_dag.py   3530  0.00s             1           0  0.08s           2026-03-14T02:20:27
================================================================================
[2026-03-14T02:21:27.519+0000] {manager.py:887} INFO - 
================================================================================
DAG File Processing Stats

File Path                            PID  Runtime      # DAGs    # Errors  Last Runtime    Last Run
---------------------------------  -----  ---------  --------  ----------  --------------  -------------------
/opt/airflow/dags/my_first_dag.py   3542  0.00s             1           0  0.08s           2026-03-14T02:20:57
================================================================================
[2026-03-14T02:21:57.631+0000] {manager.py:887} INFO - 
================================================================================
DAG File Processing Stats

File Path                            PID  Runtime      # DAGs    # Errors  Last Runtime    Last Run
---------------------------------  -----  ---------  --------  ----------  --------------  -------------------
/opt/airflow/dags/my_first_dag.py   3554  0.00s             1           0  0.09s           2026-03-14T02:21:27
================================================================================
[2026-03-14T02:22:27.889+0000] {manager.py:887} INFO - 
================================================================================
DAG File Processing Stats

File Path                            PID  Runtime      # DAGs    # Errors  Last Runtime    Last Run
---------------------------------  -----  ---------  --------  ----------  --------------  -------------------
/opt/airflow/dags/my_first_dag.py   3566  0.01s             1           0  0.10s           2026-03-14T02:21:57
================================================================================
[2026-03-14T02:22:42.949+0000] {manager.py:755} INFO - Searching for files in /opt/airflow/dags
[2026-03-14T02:22:42.950+0000] {manager.py:758} INFO - There are 1 files in /opt/airflow/dags
[2026-03-14T02:22:58.057+0000] {manager.py:887} INFO - 
================================================================================
DAG File Processing Stats

File Path                            PID  Runtime      # DAGs    # Errors  Last Runtime    Last Run
---------------------------------  -----  ---------  --------  ----------  --------------  -------------------
/opt/airflow/dags/my_first_dag.py   3578  0.01s             1           0  0.09s           2026-03-14T02:22:27
================================================================================
[2026-03-14T02:23:28.245+0000] {manager.py:887} INFO - 
================================================================================
DAG File Processing Stats

File Path                            PID  Runtime      # DAGs    # Errors  Last Runtime    Last Run
---------------------------------  -----  ---------  --------  ----------  --------------  -------------------
/opt/airflow/dags/my_first_dag.py   3590  0.01s             1           0  0.08s           2026-03-14T02:22:58
================================================================================
[2026-03-14T02:23:58.464+0000] {manager.py:887} INFO - 
================================================================================
DAG File Processing Stats

File Path                            PID  Runtime      # DAGs    # Errors  Last Runtime    Last Run
---------------------------------  -----  ---------  --------  ----------  --------------  -------------------
/opt/airflow/dags/my_first_dag.py   3602  0.00s             1           0  0.09s           2026-03-14T02:23:28
================================================================================
[2026-03-14T02:24:28.685+0000] {manager.py:887} INFO - 
================================================================================
DAG File Processing Stats

File Path                            PID  Runtime      # DAGs    # Errors  Last Runtime    Last Run
---------------------------------  -----  ---------  --------  ----------  --------------  -------------------
/opt/airflow/dags/my_first_dag.py   3614  0.01s             1           0  0.08s           2026-03-14T02:23:58
================================================================================
[2026-03-14T02:24:58.917+0000] {manager.py:887} INFO - 
================================================================================
DAG File Processing Stats

File Path                            PID  Runtime      # DAGs    # Errors  Last Runtime    Last Run
---------------------------------  -----  ---------  --------  ----------  --------------  -------------------
/opt/airflow/dags/my_first_dag.py   3626  0.00s             1           0  0.13s           2026-03-14T02:24:28
================================================================================
[2026-03-14T02:25:29.153+0000] {manager.py:887} INFO - 
================================================================================
DAG File Processing Stats

File Path                            PID  Runtime      # DAGs    # Errors  Last Runtime    Last Run
---------------------------------  -----  ---------  --------  ----------  --------------  -------------------
/opt/airflow/dags/my_first_dag.py   3638  0.00s             1           0  0.08s           2026-03-14T02:24:58
================================================================================
[2026-03-14T02:25:59.329+0000] {manager.py:887} INFO - 
================================================================================
DAG File Processing Stats

File Path                            PID  Runtime      # DAGs    # Errors  Last Runtime    Last Run
---------------------------------  -----  ---------  --------  ----------  --------------  -------------------
/opt/airflow/dags/my_first_dag.py   3650  0.00s             1           0  0.09s           2026-03-14T02:25:29
================================================================================
[2026-03-14T02:26:29.556+0000] {manager.py:887} INFO - 
================================================================================
DAG File Processing Stats

File Path                            PID  Runtime      # DAGs    # Errors  Last Runtime    Last Run
---------------------------------  -----  ---------  --------  ----------  --------------  -------------------
/opt/airflow/dags/my_first_dag.py   3662  0.00s             1           0  0.09s           2026-03-14T02:25:59
================================================================================
[2026-03-14T02:26:59.793+0000] {manager.py:887} INFO - 
================================================================================
DAG File Processing Stats

File Path                            PID  Runtime      # DAGs    # Errors  Last Runtime    Last Run
---------------------------------  -----  ---------  --------  ----------  --------------  -------------------
/opt/airflow/dags/my_first_dag.py   3674  0.01s             1           0  0.08s           2026-03-14T02:26:29
================================================================================
[2026-03-14T02:27:30.001+0000] {manager.py:887} INFO - 
================================================================================
DAG File Processing Stats

File Path                            PID  Runtime      # DAGs    # Errors  Last Runtime    Last Run
---------------------------------  -----  ---------  --------  ----------  --------------  -------------------
/opt/airflow/dags/my_first_dag.py   3686  0.00s             1           0  0.09s           2026-03-14T02:26:59
================================================================================
[2026-03-14T02:27:43.138+0000] {manager.py:755} INFO - Searching for files in /opt/airflow/dags
[2026-03-14T02:27:43.143+0000] {manager.py:758} INFO - There are 1 files in /opt/airflow/dags
[2026-03-14T02:28:00.242+0000] {manager.py:887} INFO - 
================================================================================
DAG File Processing Stats

File Path                            PID  Runtime      # DAGs    # Errors  Last Runtime    Last Run
---------------------------------  -----  ---------  --------  ----------  --------------  -------------------
/opt/airflow/dags/my_first_dag.py   3698  0.00s             1           0  0.08s           2026-03-14T02:27:30
================================================================================
[2026-03-14T02:28:30.474+0000] {manager.py:887} INFO - 
================================================================================
DAG File Processing Stats

File Path                            PID  Runtime      # DAGs    # Errors  Last Runtime    Last Run
---------------------------------  -----  ---------  --------  ----------  --------------  -------------------
/opt/airflow/dags/my_first_dag.py   3710  0.00s             1           0  0.08s           2026-03-14T02:28:00
================================================================================
[2026-03-14T02:29:00.737+0000] {manager.py:887} INFO - 
================================================================================
DAG File Processing Stats

File Path                            PID  Runtime      # DAGs    # Errors  Last Runtime    Last Run
---------------------------------  -----  ---------  --------  ----------  --------------  -------------------
/opt/airflow/dags/my_first_dag.py   3722  0.00s             1           0  0.11s           2026-03-14T02:28:30
================================================================================
[2026-03-14T02:29:30.951+0000] {manager.py:887} INFO - 
================================================================================
DAG File Processing Stats

File Path                            PID  Runtime      # DAGs    # Errors  Last Runtime    Last Run
---------------------------------  -----  ---------  --------  ----------  --------------  -------------------
/opt/airflow/dags/my_first_dag.py   3734  0.00s             1           0  0.08s           2026-03-14T02:29:00
================================================================================
[2026-03-14T02:30:01.131+0000] {manager.py:887} INFO - 
================================================================================
DAG File Processing Stats

File Path                            PID  Runtime      # DAGs    # Errors  Last Runtime    Last Run
---------------------------------  -----  ---------  --------  ----------  --------------  -------------------
/opt/airflow/dags/my_first_dag.py   3745  0.00s             1           0  0.09s           2026-03-14T02:29:31
================================================================================
[2026-03-14T02:30:31.395+0000] {manager.py:887} INFO - 
================================================================================
DAG File Processing Stats

File Path                            PID  Runtime      # DAGs    # Errors  Last Runtime    Last Run
---------------------------------  -----  ---------  --------  ----------  --------------  -------------------
/opt/airflow/dags/my_first_dag.py   3757  0.00s             1           0  0.10s           2026-03-14T02:30:01
================================================================================
[2026-03-14T02:31:01.601+0000] {manager.py:887} INFO - 
================================================================================
DAG File Processing Stats

File Path                            PID  Runtime      # DAGs    # Errors  Last Runtime    Last Run
---------------------------------  -----  ---------  --------  ----------  --------------  -------------------
/opt/airflow/dags/my_first_dag.py   3769  0.00s             1           0  0.08s           2026-03-14T02:30:31
================================================================================
[2026-03-14T02:31:31.822+0000] {manager.py:887} INFO - 
================================================================================
DAG File Processing Stats

File Path                            PID  Runtime      # DAGs    # Errors  Last Runtime    Last Run
---------------------------------  -----  ---------  --------  ----------  --------------  -------------------
/opt/airflow/dags/my_first_dag.py   3782  0.01s             1           0  0.08s           2026-03-14T02:31:01
================================================================================
[2026-03-14T02:32:02.034+0000] {manager.py:887} INFO - 
================================================================================
DAG File Processing Stats

File Path                            PID  Runtime      # DAGs    # Errors  Last Runtime    Last Run
---------------------------------  -----  ---------  --------  ----------  --------------  -------------------
/opt/airflow/dags/my_first_dag.py   3794  0.01s             1           0  0.09s           2026-03-14T02:31:31
================================================================================
[2026-03-14T02:32:32.290+0000] {manager.py:887} INFO - 
================================================================================
DAG File Processing Stats

File Path                            PID  Runtime      # DAGs    # Errors  Last Runtime    Last Run
---------------------------------  -----  ---------  --------  ----------  --------------  -------------------
/opt/airflow/dags/my_first_dag.py   3806  0.00s             1           0  0.09s           2026-03-14T02:32:02
================================================================================
[2026-03-14T02:32:43.370+0000] {manager.py:755} INFO - Searching for files in /opt/airflow/dags
[2026-03-14T02:32:43.371+0000] {manager.py:758} INFO - There are 1 files in /opt/airflow/dags
[2026-03-14T02:33:02.509+0000] {manager.py:887} INFO - 
================================================================================
DAG File Processing Stats

File Path                            PID  Runtime      # DAGs    # Errors  Last Runtime    Last Run
---------------------------------  -----  ---------  --------  ----------  --------------  -------------------
/opt/airflow/dags/my_first_dag.py   3818  0.00s             1           0  0.08s           2026-03-14T02:32:32
================================================================================
[2026-03-14T02:33:32.698+0000] {manager.py:887} INFO - 
================================================================================
DAG File Processing Stats

File Path                            PID  Runtime      # DAGs    # Errors  Last Runtime    Last Run
---------------------------------  -----  ---------  --------  ----------  --------------  -------------------
/opt/airflow/dags/my_first_dag.py   3830  0.00s             1           0  0.08s           2026-03-14T02:33:02
================================================================================
[2026-03-14T02:34:02.892+0000] {manager.py:887} INFO - 
================================================================================
DAG File Processing Stats

File Path                            PID  Runtime      # DAGs    # Errors  Last Runtime    Last Run
---------------------------------  -----  ---------  --------  ----------  --------------  -------------------
/opt/airflow/dags/my_first_dag.py   3841  0.01s             1           0  0.10s           2026-03-14T02:33:32
================================================================================
[2026-03-14T02:34:33.126+0000] {manager.py:887} INFO - 
================================================================================
DAG File Processing Stats

File Path                            PID  Runtime      # DAGs    # Errors  Last Runtime    Last Run
---------------------------------  -----  ---------  --------  ----------  --------------  -------------------
/opt/airflow/dags/my_first_dag.py   3853  0.00s             1           0  0.10s           2026-03-14T02:34:02
================================================================================
[2026-03-14T02:35:03.339+0000] {manager.py:887} INFO - 
================================================================================
DAG File Processing Stats

File Path                            PID  Runtime      # DAGs    # Errors  Last Runtime    Last Run
---------------------------------  -----  ---------  --------  ----------  --------------  -------------------
/opt/airflow/dags/my_first_dag.py   3865  0.00s             1           0  0.08s           2026-03-14T02:34:33
================================================================================
[2026-03-14T02:35:33.543+0000] {manager.py:887} INFO - 
================================================================================
DAG File Processing Stats

File Path                            PID  Runtime      # DAGs    # Errors  Last Runtime    Last Run
---------------------------------  -----  ---------  --------  ----------  --------------  -------------------
/opt/airflow/dags/my_first_dag.py   3877  0.00s             1           0  0.08s           2026-03-14T02:35:03
================================================================================
[2026-03-14T02:36:03.798+0000] {manager.py:887} INFO - 
================================================================================
DAG File Processing Stats

File Path                          PID    Runtime      # DAGs    # Errors  Last Runtime    Last Run
---------------------------------  -----  ---------  --------  ----------  --------------  -------------------
/opt/airflow/dags/my_first_dag.py                           1           0  0.79s           2026-03-14T02:35:34
================================================================================
[2026-03-14T02:36:34.731+0000] {manager.py:887} INFO - 
================================================================================
DAG File Processing Stats

File Path                            PID  Runtime      # DAGs    # Errors  Last Runtime    Last Run
---------------------------------  -----  ---------  --------  ----------  --------------  -------------------
/opt/airflow/dags/my_first_dag.py   3901  0.00s             1           0  0.08s           2026-03-14T02:36:04
================================================================================
[2026-03-14T02:37:04.993+0000] {manager.py:887} INFO - 
================================================================================
DAG File Processing Stats

File Path                            PID  Runtime      # DAGs    # Errors  Last Runtime    Last Run
---------------------------------  -----  ---------  --------  ----------  --------------  -------------------
/opt/airflow/dags/my_first_dag.py   3913  0.00s             1           0  0.08s           2026-03-14T02:36:34
================================================================================
[2026-03-14T02:37:35.171+0000] {manager.py:887} INFO - 
================================================================================
DAG File Processing Stats

File Path                            PID  Runtime      # DAGs    # Errors  Last Runtime    Last Run
---------------------------------  -----  ---------  --------  ----------  --------------  -------------------
/opt/airflow/dags/my_first_dag.py   3925  0.00s             1           0  0.08s           2026-03-14T02:37:05
================================================================================
[2026-03-14T02:37:44.265+0000] {manager.py:755} INFO - Searching for files in /opt/airflow/dags
[2026-03-14T02:37:44.266+0000] {manager.py:758} INFO - There are 1 files in /opt/airflow/dags
[2026-03-14T02:38:05.407+0000] {manager.py:887} INFO - 
================================================================================
DAG File Processing Stats

File Path                            PID  Runtime      # DAGs    # Errors  Last Runtime    Last Run
---------------------------------  -----  ---------  --------  ----------  --------------  -------------------
/opt/airflow/dags/my_first_dag.py   3937  0.00s             1           0  0.09s           2026-03-14T02:37:35
================================================================================
[2026-03-14T02:38:35.601+0000] {manager.py:887} INFO - 
================================================================================
DAG File Processing Stats

File Path                            PID  Runtime      # DAGs    # Errors  Last Runtime    Last Run
---------------------------------  -----  ---------  --------  ----------  --------------  -------------------
/opt/airflow/dags/my_first_dag.py   3948  0.00s             1           0  0.10s           2026-03-14T02:38:05
================================================================================
[2026-03-14T02:39:05.869+0000] {manager.py:887} INFO - 
================================================================================
DAG File Processing Stats

File Path                            PID  Runtime      # DAGs    # Errors  Last Runtime    Last Run
---------------------------------  -----  ---------  --------  ----------  --------------  -------------------
/opt/airflow/dags/my_first_dag.py   3960  0.00s             1           0  0.08s           2026-03-14T02:38:35
================================================================================
[2026-03-14T02:39:36.055+0000] {manager.py:887} INFO - 
================================================================================
DAG File Processing Stats

File Path                            PID  Runtime      # DAGs    # Errors  Last Runtime    Last Run
---------------------------------  -----  ---------  --------  ----------  --------------  -------------------
/opt/airflow/dags/my_first_dag.py   3971  0.01s             1           0  0.08s           2026-03-14T02:39:05
================================================================================
[2026-03-14T02:40:06.320+0000] {manager.py:887} INFO - 
================================================================================
DAG File Processing Stats

File Path                            PID  Runtime      # DAGs    # Errors  Last Runtime    Last Run
---------------------------------  -----  ---------  --------  ----------  --------------  -------------------
/opt/airflow/dags/my_first_dag.py   3983  0.01s             1           0  0.08s           2026-03-14T02:39:36
================================================================================
[2026-03-14T02:40:36.542+0000] {manager.py:887} INFO - 
================================================================================
DAG File Processing Stats

File Path                            PID  Runtime      # DAGs    # Errors  Last Runtime    Last Run
---------------------------------  -----  ---------  --------  ----------  --------------  -------------------
/opt/airflow/dags/my_first_dag.py   3995  0.00s             1           0  0.09s           2026-03-14T02:40:06
================================================================================
[2026-03-14T02:41:06.772+0000] {manager.py:887} INFO - 
================================================================================
DAG File Processing Stats

File Path                            PID  Runtime      # DAGs    # Errors  Last Runtime    Last Run
---------------------------------  -----  ---------  --------  ----------  --------------  -------------------
/opt/airflow/dags/my_first_dag.py   4007  0.01s             1           0  0.08s           2026-03-14T02:40:36
================================================================================
[2026-03-14T02:41:36.978+0000] {manager.py:887} INFO - 
================================================================================
DAG File Processing Stats

File Path                            PID  Runtime      # DAGs    # Errors  Last Runtime    Last Run
---------------------------------  -----  ---------  --------  ----------  --------------  -------------------
/opt/airflow/dags/my_first_dag.py   4019  0.00s             1           0  0.09s           2026-03-14T02:41:06
================================================================================
[2026-03-14T02:42:07.177+0000] {manager.py:887} INFO - 
================================================================================
DAG File Processing Stats

File Path                            PID  Runtime      # DAGs    # Errors  Last Runtime    Last Run
---------------------------------  -----  ---------  --------  ----------  --------------  -------------------
/opt/airflow/dags/my_first_dag.py   4031  0.00s             1           0  0.09s           2026-03-14T02:41:37
================================================================================
[2026-03-14T02:42:37.415+0000] {manager.py:887} INFO - 
================================================================================
DAG File Processing Stats

File Path                            PID  Runtime      # DAGs    # Errors  Last Runtime    Last Run
---------------------------------  -----  ---------  --------  ----------  --------------  -------------------
/opt/airflow/dags/my_first_dag.py   4043  0.01s             1           0  0.10s           2026-03-14T02:42:07
================================================================================
[2026-03-14T02:42:44.473+0000] {manager.py:755} INFO - Searching for files in /opt/airflow/dags
[2026-03-14T02:42:44.474+0000] {manager.py:758} INFO - There are 1 files in /opt/airflow/dags
[2026-03-14T02:43:07.649+0000] {manager.py:887} INFO - 
================================================================================
DAG File Processing Stats

File Path                            PID  Runtime      # DAGs    # Errors  Last Runtime    Last Run
---------------------------------  -----  ---------  --------  ----------  --------------  -------------------
/opt/airflow/dags/my_first_dag.py   4055  0.00s             1           0  0.09s           2026-03-14T02:42:37
================================================================================
[2026-03-14T02:43:37.851+0000] {manager.py:887} INFO - 
================================================================================
DAG File Processing Stats

File Path                            PID  Runtime      # DAGs    # Errors  Last Runtime    Last Run
---------------------------------  -----  ---------  --------  ----------  --------------  -------------------
/opt/airflow/dags/my_first_dag.py   4067  0.00s             1           0  0.08s           2026-03-14T02:43:07
================================================================================
[2026-03-14T02:44:08.083+0000] {manager.py:887} INFO - 
================================================================================
DAG File Processing Stats

File Path                            PID  Runtime      # DAGs    # Errors  Last Runtime    Last Run
---------------------------------  -----  ---------  --------  ----------  --------------  -------------------
/opt/airflow/dags/my_first_dag.py   4079  0.01s             1           0  0.07s           2026-03-14T02:43:37
================================================================================
[2026-03-14T02:44:38.298+0000] {manager.py:887} INFO - 
================================================================================
DAG File Processing Stats

File Path                            PID  Runtime      # DAGs    # Errors  Last Runtime    Last Run
---------------------------------  -----  ---------  --------  ----------  --------------  -------------------
/opt/airflow/dags/my_first_dag.py   4091  0.00s             1           0  0.08s           2026-03-14T02:44:08
================================================================================
[2026-03-14T02:45:08.521+0000] {manager.py:887} INFO - 
================================================================================
DAG File Processing Stats

File Path                            PID  Runtime      # DAGs    # Errors  Last Runtime    Last Run
---------------------------------  -----  ---------  --------  ----------  --------------  -------------------
/opt/airflow/dags/my_first_dag.py   4103  0.00s             1           0  0.08s           2026-03-14T02:44:38
================================================================================
[2026-03-14T02:45:38.713+0000] {manager.py:887} INFO - 
================================================================================
DAG File Processing Stats

File Path                            PID  Runtime      # DAGs    # Errors  Last Runtime    Last Run
---------------------------------  -----  ---------  --------  ----------  --------------  -------------------
/opt/airflow/dags/my_first_dag.py   4115  0.00s             1           0  0.08s           2026-03-14T02:45:08
================================================================================
[2026-03-14T02:46:08.922+0000] {manager.py:887} INFO - 
================================================================================
DAG File Processing Stats

File Path                            PID  Runtime      # DAGs    # Errors  Last Runtime    Last Run
---------------------------------  -----  ---------  --------  ----------  --------------  -------------------
/opt/airflow/dags/my_first_dag.py   4126  0.00s             1           0  0.10s           2026-03-14T02:45:38
================================================================================
[2026-03-14T02:46:39.155+0000] {manager.py:887} INFO - 
================================================================================
DAG File Processing Stats

File Path                            PID  Runtime      # DAGs    # Errors  Last Runtime    Last Run
---------------------------------  -----  ---------  --------  ----------  --------------  -------------------
/opt/airflow/dags/my_first_dag.py   4138  0.00s             1           0  0.10s           2026-03-14T02:46:09
================================================================================
[2026-03-14T02:47:09.372+0000] {manager.py:887} INFO - 
================================================================================
DAG File Processing Stats

File Path                            PID  Runtime      # DAGs    # Errors  Last Runtime    Last Run
---------------------------------  -----  ---------  --------  ----------  --------------  -------------------
/opt/airflow/dags/my_first_dag.py   4150  0.00s             1           0  0.08s           2026-03-14T02:46:39
================================================================================
[2026-03-14T02:47:39.593+0000] {manager.py:887} INFO - 
================================================================================
DAG File Processing Stats

File Path                            PID  Runtime      # DAGs    # Errors  Last Runtime    Last Run
---------------------------------  -----  ---------  --------  ----------  --------------  -------------------
/opt/airflow/dags/my_first_dag.py   4163  0.00s             1           0  0.08s           2026-03-14T02:47:09
================================================================================
[2026-03-14T02:47:44.616+0000] {manager.py:755} INFO - Searching for files in /opt/airflow/dags
[2026-03-14T02:47:44.616+0000] {manager.py:758} INFO - There are 1 files in /opt/airflow/dags
[2026-03-14T02:48:09.792+0000] {manager.py:887} INFO - 
================================================================================
DAG File Processing Stats

File Path                            PID  Runtime      # DAGs    # Errors  Last Runtime    Last Run
---------------------------------  -----  ---------  --------  ----------  --------------  -------------------
/opt/airflow/dags/my_first_dag.py   4175  0.00s             1           0  0.08s           2026-03-14T02:47:39
================================================================================
[2026-03-14T02:48:40.013+0000] {manager.py:887} INFO - 
================================================================================
DAG File Processing Stats

File Path                            PID  Runtime      # DAGs    # Errors  Last Runtime    Last Run
---------------------------------  -----  ---------  --------  ----------  --------------  -------------------
/opt/airflow/dags/my_first_dag.py   4187  0.00s             1           0  0.08s           2026-03-14T02:48:09
================================================================================
[2026-03-14T02:49:10.247+0000] {manager.py:887} INFO - 
================================================================================
DAG File Processing Stats

File Path                            PID  Runtime      # DAGs    # Errors  Last Runtime    Last Run
---------------------------------  -----  ---------  --------  ----------  --------------  -------------------
/opt/airflow/dags/my_first_dag.py   4199  0.01s             1           0  0.08s           2026-03-14T02:48:40
================================================================================
[2026-03-14T02:49:40.437+0000] {manager.py:887} INFO - 
================================================================================
DAG File Processing Stats

File Path                            PID  Runtime      # DAGs    # Errors  Last Runtime    Last Run
---------------------------------  -----  ---------  --------  ----------  --------------  -------------------
/opt/airflow/dags/my_first_dag.py   4211  0.00s             1           0  0.10s           2026-03-14T02:49:10
================================================================================
[2026-03-14T02:50:10.656+0000] {manager.py:887} INFO - 
================================================================================
DAG File Processing Stats

File Path                            PID  Runtime      # DAGs    # Errors  Last Runtime    Last Run
---------------------------------  -----  ---------  --------  ----------  --------------  -------------------
/opt/airflow/dags/my_first_dag.py   4223  0.00s             1           0  0.10s           2026-03-14T02:49:40
================================================================================
[2026-03-14T02:50:40.861+0000] {manager.py:887} INFO - 
================================================================================
DAG File Processing Stats

File Path                            PID  Runtime      # DAGs    # Errors  Last Runtime    Last Run
---------------------------------  -----  ---------  --------  ----------  --------------  -------------------
/opt/airflow/dags/my_first_dag.py   4235  0.01s             1           0  0.10s           2026-03-14T02:50:10
================================================================================
[2026-03-14T02:51:11.082+0000] {manager.py:887} INFO - 
================================================================================
DAG File Processing Stats

File Path                            PID  Runtime      # DAGs    # Errors  Last Runtime    Last Run
---------------------------------  -----  ---------  --------  ----------  --------------  -------------------
/opt/airflow/dags/my_first_dag.py   4247  0.00s             1           0  0.08s           2026-03-14T02:50:40
================================================================================
[2026-03-14T02:51:41.306+0000] {manager.py:887} INFO - 
================================================================================
DAG File Processing Stats

File Path                            PID  Runtime      # DAGs    # Errors  Last Runtime    Last Run
---------------------------------  -----  ---------  --------  ----------  --------------  -------------------
/opt/airflow/dags/my_first_dag.py   4259  0.01s             1           0  0.08s           2026-03-14T02:51:11
================================================================================
[2026-03-14T02:52:11.531+0000] {manager.py:887} INFO - 
================================================================================
DAG File Processing Stats

File Path                            PID  Runtime      # DAGs    # Errors  Last Runtime    Last Run
---------------------------------  -----  ---------  --------  ----------  --------------  -------------------
/opt/airflow/dags/my_first_dag.py   4271  0.01s             1           0  0.08s           2026-03-14T02:51:41
================================================================================
[2026-03-14T02:52:41.752+0000] {manager.py:887} INFO - 
================================================================================
DAG File Processing Stats

File Path                            PID  Runtime      # DAGs    # Errors  Last Runtime    Last Run
---------------------------------  -----  ---------  --------  ----------  --------------  -------------------
/opt/airflow/dags/my_first_dag.py   4284  0.00s             1           0  0.09s           2026-03-14T02:52:11
================================================================================
[2026-03-14T02:52:44.783+0000] {manager.py:755} INFO - Searching for files in /opt/airflow/dags
[2026-03-14T02:52:44.784+0000] {manager.py:758} INFO - There are 1 files in /opt/airflow/dags
[2026-03-14T02:53:11.972+0000] {manager.py:887} INFO - 
================================================================================
DAG File Processing Stats

File Path                            PID  Runtime      # DAGs    # Errors  Last Runtime    Last Run
---------------------------------  -----  ---------  --------  ----------  --------------  -------------------
/opt/airflow/dags/my_first_dag.py   4296  0.00s             1           0  0.08s           2026-03-14T02:52:41
================================================================================
[2026-03-14T02:53:42.156+0000] {manager.py:887} INFO - 
================================================================================
DAG File Processing Stats

File Path                            PID  Runtime      # DAGs    # Errors  Last Runtime    Last Run
---------------------------------  -----  ---------  --------  ----------  --------------  -------------------
/opt/airflow/dags/my_first_dag.py   4308  0.00s             1           0  0.09s           2026-03-14T02:53:12
================================================================================
[2026-03-14T02:54:12.380+0000] {manager.py:887} INFO - 
================================================================================
DAG File Processing Stats

File Path                            PID  Runtime      # DAGs    # Errors  Last Runtime    Last Run
---------------------------------  -----  ---------  --------  ----------  --------------  -------------------
/opt/airflow/dags/my_first_dag.py   4320  0.00s             1           0  0.09s           2026-03-14T02:53:42
================================================================================
[2026-03-14T02:54:42.585+0000] {manager.py:887} INFO - 
================================================================================
DAG File Processing Stats

File Path                            PID  Runtime      # DAGs    # Errors  Last Runtime    Last Run
---------------------------------  -----  ---------  --------  ----------  --------------  -------------------
/opt/airflow/dags/my_first_dag.py   4332  0.00s             1           0  0.11s           2026-03-14T02:54:12
================================================================================
[2026-03-14T02:55:12.816+0000] {manager.py:887} INFO - 
================================================================================
DAG File Processing Stats

File Path                            PID  Runtime      # DAGs    # Errors  Last Runtime    Last Run
---------------------------------  -----  ---------  --------  ----------  --------------  -------------------
/opt/airflow/dags/my_first_dag.py   4344  0.00s             1           0  0.08s           2026-03-14T02:54:42
================================================================================
[2026-03-14T02:55:42.998+0000] {manager.py:887} INFO - 
================================================================================
DAG File Processing Stats

File Path                            PID  Runtime      # DAGs    # Errors  Last Runtime    Last Run
---------------------------------  -----  ---------  --------  ----------  --------------  -------------------
/opt/airflow/dags/my_first_dag.py   4356  0.00s             1           0  0.08s           2026-03-14T02:55:12
================================================================================
[2026-03-14T02:56:13.231+0000] {manager.py:887} INFO - 
================================================================================
DAG File Processing Stats

File Path                            PID  Runtime      # DAGs    # Errors  Last Runtime    Last Run
---------------------------------  -----  ---------  --------  ----------  --------------  -------------------
/opt/airflow/dags/my_first_dag.py   4368  0.00s             1           0  0.08s           2026-03-14T02:55:43
================================================================================
[2026-03-14T02:56:43.423+0000] {manager.py:887} INFO - 
================================================================================
DAG File Processing Stats

File Path                            PID  Runtime      # DAGs    # Errors  Last Runtime    Last Run
---------------------------------  -----  ---------  --------  ----------  --------------  -------------------
/opt/airflow/dags/my_first_dag.py   4380  0.00s             1           0  0.08s           2026-03-14T02:56:13
================================================================================
[2026-03-14T02:57:13.648+0000] {manager.py:887} INFO - 
================================================================================
DAG File Processing Stats

File Path                            PID  Runtime      # DAGs    # Errors  Last Runtime    Last Run
---------------------------------  -----  ---------  --------  ----------  --------------  -------------------
/opt/airflow/dags/my_first_dag.py   4392  0.00s             1           0  0.08s           2026-03-14T02:56:43
================================================================================
[2026-03-14T02:57:43.838+0000] {manager.py:887} INFO - 
================================================================================
DAG File Processing Stats

File Path                            PID  Runtime      # DAGs    # Errors  Last Runtime    Last Run
---------------------------------  -----  ---------  --------  ----------  --------------  -------------------
/opt/airflow/dags/my_first_dag.py   4404  0.00s             1           0  0.10s           2026-03-14T02:57:13
================================================================================
[2026-03-14T02:57:44.894+0000] {manager.py:755} INFO - Searching for files in /opt/airflow/dags
[2026-03-14T02:57:44.895+0000] {manager.py:758} INFO - There are 1 files in /opt/airflow/dags
[2026-03-14T02:58:14.081+0000] {manager.py:887} INFO - 
================================================================================
DAG File Processing Stats

File Path                            PID  Runtime      # DAGs    # Errors  Last Runtime    Last Run
---------------------------------  -----  ---------  --------  ----------  --------------  -------------------
/opt/airflow/dags/my_first_dag.py   4416  0.00s             1           0  0.10s           2026-03-14T02:57:43
================================================================================
[2026-03-14T02:58:44.279+0000] {manager.py:887} INFO - 
================================================================================
DAG File Processing Stats

File Path                            PID  Runtime      # DAGs    # Errors  Last Runtime    Last Run
---------------------------------  -----  ---------  --------  ----------  --------------  -------------------
/opt/airflow/dags/my_first_dag.py   4428  0.00s             1           0  0.11s           2026-03-14T02:58:14
================================================================================
[2026-03-14T02:59:14.525+0000] {manager.py:887} INFO - 
================================================================================
DAG File Processing Stats

File Path                            PID  Runtime      # DAGs    # Errors  Last Runtime    Last Run
---------------------------------  -----  ---------  --------  ----------  --------------  -------------------
/opt/airflow/dags/my_first_dag.py   4440  0.00s             1           0  0.08s           2026-03-14T02:58:44
================================================================================
[2026-03-14T02:59:44.706+0000] {manager.py:887} INFO - 
================================================================================
DAG File Processing Stats

File Path                            PID  Runtime      # DAGs    # Errors  Last Runtime    Last Run
---------------------------------  -----  ---------  --------  ----------  --------------  -------------------
/opt/airflow/dags/my_first_dag.py   4452  0.00s             1           0  0.08s           2026-03-14T02:59:14
================================================================================
[2026-03-14T03:00:14.930+0000] {manager.py:887} INFO - 
================================================================================
DAG File Processing Stats

File Path                            PID  Runtime      # DAGs    # Errors  Last Runtime    Last Run
---------------------------------  -----  ---------  --------  ----------  --------------  -------------------
/opt/airflow/dags/my_first_dag.py   4464  0.00s             1           0  0.08s           2026-03-14T02:59:44
================================================================================
[2026-03-14T03:00:45.121+0000] {manager.py:887} INFO - 
================================================================================
DAG File Processing Stats

File Path                            PID  Runtime      # DAGs    # Errors  Last Runtime    Last Run
---------------------------------  -----  ---------  --------  ----------  --------------  -------------------
/opt/airflow/dags/my_first_dag.py   4476  0.00s             1           0  0.08s           2026-03-14T03:00:15
================================================================================
[2026-03-14T03:01:15.331+0000] {manager.py:887} INFO - 
================================================================================
DAG File Processing Stats

File Path                            PID  Runtime      # DAGs    # Errors  Last Runtime    Last Run
---------------------------------  -----  ---------  --------  ----------  --------------  -------------------
/opt/airflow/dags/my_first_dag.py   4488  0.00s             1           0  0.08s           2026-03-14T03:00:45
================================================================================
[2026-03-14T03:01:45.530+0000] {manager.py:887} INFO - 
================================================================================
DAG File Processing Stats

File Path                            PID  Runtime      # DAGs    # Errors  Last Runtime    Last Run
---------------------------------  -----  ---------  --------  ----------  --------------  -------------------
/opt/airflow/dags/my_first_dag.py   4500  0.00s             1           0  0.10s           2026-03-14T03:01:15
================================================================================
[2026-03-14T03:02:15.766+0000] {manager.py:887} INFO - 
================================================================================
DAG File Processing Stats

File Path                            PID  Runtime      # DAGs    # Errors  Last Runtime    Last Run
---------------------------------  -----  ---------  --------  ----------  --------------  -------------------
/opt/airflow/dags/my_first_dag.py   4513  0.00s             1           0  0.10s           2026-03-14T03:01:45
================================================================================
[2026-03-14T03:02:44.943+0000] {manager.py:755} INFO - Searching for files in /opt/airflow/dags
[2026-03-14T03:02:44.944+0000] {manager.py:758} INFO - There are 1 files in /opt/airflow/dags
[2026-03-14T03:02:45.960+0000] {manager.py:887} INFO - 
================================================================================
DAG File Processing Stats

File Path                            PID  Runtime      # DAGs    # Errors  Last Runtime    Last Run
---------------------------------  -----  ---------  --------  ----------  --------------  -------------------
/opt/airflow/dags/my_first_dag.py   4525  0.00s             1           0  0.10s           2026-03-14T03:02:15
================================================================================
[2026-03-14T03:03:16.232+0000] {manager.py:887} INFO - 
================================================================================
DAG File Processing Stats

File Path                            PID  Runtime      # DAGs    # Errors  Last Runtime    Last Run
---------------------------------  -----  ---------  --------  ----------  --------------  -------------------
/opt/airflow/dags/my_first_dag.py   4537  0.01s             1           0  0.08s           2026-03-14T03:02:46
================================================================================
[2026-03-14T03:03:46.438+0000] {manager.py:887} INFO - 
================================================================================
DAG File Processing Stats

File Path                            PID  Runtime      # DAGs    # Errors  Last Runtime    Last Run
---------------------------------  -----  ---------  --------  ----------  --------------  -------------------
/opt/airflow/dags/my_first_dag.py   4549  0.00s             1           0  0.08s           2026-03-14T03:03:16
================================================================================
[2026-03-14T03:04:16.668+0000] {manager.py:887} INFO - 
================================================================================
DAG File Processing Stats

File Path                            PID  Runtime      # DAGs    # Errors  Last Runtime    Last Run
---------------------------------  -----  ---------  --------  ----------  --------------  -------------------
/opt/airflow/dags/my_first_dag.py   4561  0.01s             1           0  0.09s           2026-03-14T03:03:46
================================================================================
[2026-03-14T03:04:46.870+0000] {manager.py:887} INFO - 
================================================================================
DAG File Processing Stats

File Path                            PID  Runtime      # DAGs    # Errors  Last Runtime    Last Run
---------------------------------  -----  ---------  --------  ----------  --------------  -------------------
/opt/airflow/dags/my_first_dag.py   4573  0.00s             1           0  0.09s           2026-03-14T03:04:16
================================================================================
[2026-03-14T03:05:17.107+0000] {manager.py:887} INFO - 
================================================================================
DAG File Processing Stats

File Path                            PID  Runtime      # DAGs    # Errors  Last Runtime    Last Run
---------------------------------  -----  ---------  --------  ----------  --------------  -------------------
/opt/airflow/dags/my_first_dag.py   4585  0.00s             1           0  0.08s           2026-03-14T03:04:46
================================================================================
[2026-03-14T03:05:47.284+0000] {manager.py:887} INFO - 
================================================================================
DAG File Processing Stats

File Path                            PID  Runtime      # DAGs    # Errors  Last Runtime    Last Run
---------------------------------  -----  ---------  --------  ----------  --------------  -------------------
/opt/airflow/dags/my_first_dag.py   4597  0.00s             1           0  0.10s           2026-03-14T03:05:17
================================================================================
[2026-03-14T03:06:17.458+0000] {manager.py:887} INFO - 
================================================================================
DAG File Processing Stats

File Path                            PID  Runtime      # DAGs    # Errors  Last Runtime    Last Run
---------------------------------  -----  ---------  --------  ----------  --------------  -------------------
/opt/airflow/dags/my_first_dag.py   4609  0.00s             1           0  0.09s           2026-03-14T03:05:47
================================================================================
[2026-03-14T03:06:47.656+0000] {manager.py:887} INFO - 
================================================================================
DAG File Processing Stats

File Path                            PID  Runtime      # DAGs    # Errors  Last Runtime    Last Run
---------------------------------  -----  ---------  --------  ----------  --------------  -------------------
/opt/airflow/dags/my_first_dag.py   4621  0.00s             1           0  0.08s           2026-03-14T03:06:17
================================================================================
[2026-03-14T03:07:17.876+0000] {manager.py:887} INFO - 
================================================================================
DAG File Processing Stats

File Path                            PID  Runtime      # DAGs    # Errors  Last Runtime    Last Run
---------------------------------  -----  ---------  --------  ----------  --------------  -------------------
/opt/airflow/dags/my_first_dag.py   4633  0.00s             1           0  0.08s           2026-03-14T03:06:47
================================================================================
[2026-03-14T03:07:45.054+0000] {manager.py:755} INFO - Searching for files in /opt/airflow/dags
[2026-03-14T03:07:45.055+0000] {manager.py:758} INFO - There are 1 files in /opt/airflow/dags
[2026-03-14T03:07:48.086+0000] {manager.py:887} INFO - 
================================================================================
DAG File Processing Stats

File Path                            PID  Runtime      # DAGs    # Errors  Last Runtime    Last Run
---------------------------------  -----  ---------  --------  ----------  --------------  -------------------
/opt/airflow/dags/my_first_dag.py   4645  0.00s             1           0  0.08s           2026-03-14T03:07:17
================================================================================
[2026-03-14T03:08:18.308+0000] {manager.py:887} INFO - 
================================================================================
DAG File Processing Stats

File Path                            PID  Runtime      # DAGs    # Errors  Last Runtime    Last Run
---------------------------------  -----  ---------  --------  ----------  --------------  -------------------
/opt/airflow/dags/my_first_dag.py   4656  0.00s             1           0  0.07s           2026-03-14T03:07:48
================================================================================
[2026-03-14T03:08:48.485+0000] {manager.py:887} INFO - 
================================================================================
DAG File Processing Stats

File Path                            PID  Runtime      # DAGs    # Errors  Last Runtime    Last Run
---------------------------------  -----  ---------  --------  ----------  --------------  -------------------
/opt/airflow/dags/my_first_dag.py   4668  0.00s             1           0  0.08s           2026-03-14T03:08:18
================================================================================
[2026-03-14T03:09:18.733+0000] {manager.py:887} INFO - 
================================================================================
DAG File Processing Stats

File Path                            PID  Runtime      # DAGs    # Errors  Last Runtime    Last Run
---------------------------------  -----  ---------  --------  ----------  --------------  -------------------
/opt/airflow/dags/my_first_dag.py   4679  0.00s             1           0  0.08s           2026-03-14T03:08:48
================================================================================
[2026-03-14T03:09:48.920+0000] {manager.py:887} INFO - 
================================================================================
DAG File Processing Stats

File Path                            PID  Runtime      # DAGs    # Errors  Last Runtime    Last Run
---------------------------------  -----  ---------  --------  ----------  --------------  -------------------
/opt/airflow/dags/my_first_dag.py   4691  0.00s             1           0  0.09s           2026-03-14T03:09:18
================================================================================
[2026-03-14T03:10:19.140+0000] {manager.py:887} INFO - 
================================================================================
DAG File Processing Stats

File Path                            PID  Runtime      # DAGs    # Errors  Last Runtime    Last Run
---------------------------------  -----  ---------  --------  ----------  --------------  -------------------
/opt/airflow/dags/my_first_dag.py   4703  0.00s             1           0  0.09s           2026-03-14T03:09:49
================================================================================
[2026-03-14T03:10:49.358+0000] {manager.py:887} INFO - 
================================================================================
DAG File Processing Stats

File Path                            PID  Runtime      # DAGs    # Errors  Last Runtime    Last Run
---------------------------------  -----  ---------  --------  ----------  --------------  -------------------
/opt/airflow/dags/my_first_dag.py   4715  0.00s             1           0  0.10s           2026-03-14T03:10:19
================================================================================
[2026-03-14T03:11:19.638+0000] {manager.py:887} INFO - 
================================================================================
DAG File Processing Stats

File Path                            PID  Runtime      # DAGs    # Errors  Last Runtime    Last Run
---------------------------------  -----  ---------  --------  ----------  --------------  -------------------
/opt/airflow/dags/my_first_dag.py   4726  0.01s             1           0  0.08s           2026-03-14T03:10:49
================================================================================
[2026-03-14T03:11:49.870+0000] {manager.py:887} INFO - 
================================================================================
DAG File Processing Stats

File Path                            PID  Runtime      # DAGs    # Errors  Last Runtime    Last Run
---------------------------------  -----  ---------  --------  ----------  --------------  -------------------
/opt/airflow/dags/my_first_dag.py   4738  0.01s             1           0  0.09s           2026-03-14T03:11:19
================================================================================
[2026-03-14T03:12:20.102+0000] {manager.py:887} INFO - 
================================================================================
DAG File Processing Stats

File Path                            PID  Runtime      # DAGs    # Errors  Last Runtime    Last Run
---------------------------------  -----  ---------  --------  ----------  --------------  -------------------
/opt/airflow/dags/my_first_dag.py   4750  0.01s             1           0  0.08s           2026-03-14T03:11:49
================================================================================
[2026-03-14T03:12:45.313+0000] {manager.py:755} INFO - Searching for files in /opt/airflow/dags
[2026-03-14T03:12:45.314+0000] {manager.py:758} INFO - There are 1 files in /opt/airflow/dags
[2026-03-14T03:12:50.349+0000] {manager.py:887} INFO - 
================================================================================
DAG File Processing Stats

File Path                            PID  Runtime      # DAGs    # Errors  Last Runtime    Last Run
---------------------------------  -----  ---------  --------  ----------  --------------  -------------------
/opt/airflow/dags/my_first_dag.py   4762  0.01s             1           0  0.08s           2026-03-14T03:12:20
================================================================================
[2026-03-14T03:13:20.562+0000] {manager.py:887} INFO - 
================================================================================
DAG File Processing Stats

File Path                            PID  Runtime      # DAGs    # Errors  Last Runtime    Last Run
---------------------------------  -----  ---------  --------  ----------  --------------  -------------------
/opt/airflow/dags/my_first_dag.py   4774  0.00s             1           0  0.09s           2026-03-14T03:12:50
================================================================================
[2026-03-14T03:13:50.770+0000] {manager.py:887} INFO - 
================================================================================
DAG File Processing Stats

File Path                            PID  Runtime      # DAGs    # Errors  Last Runtime    Last Run
---------------------------------  -----  ---------  --------  ----------  --------------  -------------------
/opt/airflow/dags/my_first_dag.py   4785  0.00s             1           0  0.09s           2026-03-14T03:13:20
================================================================================
[2026-03-14T03:14:20.996+0000] {manager.py:887} INFO - 
================================================================================
DAG File Processing Stats

File Path                            PID  Runtime      # DAGs    # Errors  Last Runtime    Last Run
---------------------------------  -----  ---------  --------  ----------  --------------  -------------------
/opt/airflow/dags/my_first_dag.py   4798  0.01s             1           0  0.09s           2026-03-14T03:13:50
================================================================================
[2026-03-14T03:14:51.212+0000] {manager.py:887} INFO - 
================================================================================
DAG File Processing Stats

File Path                            PID  Runtime      # DAGs    # Errors  Last Runtime    Last Run
---------------------------------  -----  ---------  --------  ----------  --------------  -------------------
/opt/airflow/dags/my_first_dag.py   4810  0.00s             1           0  0.08s           2026-03-14T03:14:21
================================================================================
[2026-03-14T03:15:21.475+0000] {manager.py:887} INFO - 
================================================================================
DAG File Processing Stats

File Path                            PID  Runtime      # DAGs    # Errors  Last Runtime    Last Run
---------------------------------  -----  ---------  --------  ----------  --------------  -------------------
/opt/airflow/dags/my_first_dag.py   4822  0.00s             1           0  0.08s           2026-03-14T03:14:51
================================================================================
[2026-03-14T03:15:51.663+0000] {manager.py:887} INFO - 
================================================================================
DAG File Processing Stats

File Path                            PID  Runtime      # DAGs    # Errors  Last Runtime    Last Run
---------------------------------  -----  ---------  --------  ----------  --------------  -------------------
/opt/airflow/dags/my_first_dag.py   4834  0.00s             1           0  0.08s           2026-03-14T03:15:21
================================================================================
[2026-03-14T03:16:21.944+0000] {manager.py:887} INFO - 
================================================================================
DAG File Processing Stats

File Path                            PID  Runtime      # DAGs    # Errors  Last Runtime    Last Run
---------------------------------  -----  ---------  --------  ----------  --------------  -------------------
/opt/airflow/dags/my_first_dag.py   4846  0.00s             1           0  0.08s           2026-03-14T03:15:51
================================================================================
[2026-03-14T03:16:52.159+0000] {manager.py:887} INFO - 
================================================================================
DAG File Processing Stats

File Path                            PID  Runtime      # DAGs    # Errors  Last Runtime    Last Run
---------------------------------  -----  ---------  --------  ----------  --------------  -------------------
/opt/airflow/dags/my_first_dag.py   4857  0.00s             1           0  0.07s           2026-03-14T03:16:22
================================================================================
[2026-03-14T03:17:22.383+0000] {manager.py:887} INFO - 
================================================================================
DAG File Processing Stats

File Path                            PID  Runtime      # DAGs    # Errors  Last Runtime    Last Run
---------------------------------  -----  ---------  --------  ----------  --------------  -------------------
/opt/airflow/dags/my_first_dag.py   4869  0.00s             1           0  0.08s           2026-03-14T03:16:52
================================================================================
[2026-03-14T03:17:45.537+0000] {manager.py:755} INFO - Searching for files in /opt/airflow/dags
[2026-03-14T03:17:45.538+0000] {manager.py:758} INFO - There are 1 files in /opt/airflow/dags
[2026-03-14T03:17:52.584+0000] {manager.py:887} INFO - 
================================================================================
DAG File Processing Stats

File Path                            PID  Runtime      # DAGs    # Errors  Last Runtime    Last Run
---------------------------------  -----  ---------  --------  ----------  --------------  -------------------
/opt/airflow/dags/my_first_dag.py   4881  0.00s             1           0  0.09s           2026-03-14T03:17:22
================================================================================
[2026-03-14T03:18:22.790+0000] {manager.py:887} INFO - 
================================================================================
DAG File Processing Stats

File Path                            PID  Runtime      # DAGs    # Errors  Last Runtime    Last Run
---------------------------------  -----  ---------  --------  ----------  --------------  -------------------
/opt/airflow/dags/my_first_dag.py   4893  0.00s             1           0  0.09s           2026-03-14T03:17:52
================================================================================
[2026-03-14T03:18:53.068+0000] {manager.py:887} INFO - 
================================================================================
DAG File Processing Stats

File Path                            PID  Runtime      # DAGs    # Errors  Last Runtime    Last Run
---------------------------------  -----  ---------  --------  ----------  --------------  -------------------
/opt/airflow/dags/my_first_dag.py   4904  0.01s             1           0  0.08s           2026-03-14T03:18:22
================================================================================
[2026-03-14T03:19:23.265+0000] {manager.py:887} INFO - 
================================================================================
DAG File Processing Stats

File Path                            PID  Runtime      # DAGs    # Errors  Last Runtime    Last Run
---------------------------------  -----  ---------  --------  ----------  --------------  -------------------
/opt/airflow/dags/my_first_dag.py   4915  0.00s             1           0  0.09s           2026-03-14T03:18:53
================================================================================
[2026-03-14T03:19:53.533+0000] {manager.py:887} INFO - 
================================================================================
DAG File Processing Stats

File Path                            PID  Runtime      # DAGs    # Errors  Last Runtime    Last Run
---------------------------------  -----  ---------  --------  ----------  --------------  -------------------
/opt/airflow/dags/my_first_dag.py   4927  0.00s             1           0  0.09s           2026-03-14T03:19:23
================================================================================
[2026-03-14T03:20:23.754+0000] {manager.py:887} INFO - 
================================================================================
DAG File Processing Stats

File Path                            PID  Runtime      # DAGs    # Errors  Last Runtime    Last Run
---------------------------------  -----  ---------  --------  ----------  --------------  -------------------
/opt/airflow/dags/my_first_dag.py   4939  0.00s             1           0  0.08s           2026-03-14T03:19:53
================================================================================
[2026-03-14T03:20:53.933+0000] {manager.py:887} INFO - 
================================================================================
DAG File Processing Stats

File Path                            PID  Runtime      # DAGs    # Errors  Last Runtime    Last Run
---------------------------------  -----  ---------  --------  ----------  --------------  -------------------
/opt/airflow/dags/my_first_dag.py   4951  0.01s             1           0  0.08s           2026-03-14T03:20:23
================================================================================
[2026-03-14T03:21:24.127+0000] {manager.py:887} INFO - 
================================================================================
DAG File Processing Stats

File Path                            PID  Runtime      # DAGs    # Errors  Last Runtime    Last Run
---------------------------------  -----  ---------  --------  ----------  --------------  -------------------
/opt/airflow/dags/my_first_dag.py   4963  0.00s             1           0  0.08s           2026-03-14T03:20:54
================================================================================
[2026-03-14T03:21:54.360+0000] {manager.py:887} INFO - 
================================================================================
DAG File Processing Stats

File Path                            PID  Runtime      # DAGs    # Errors  Last Runtime    Last Run
---------------------------------  -----  ---------  --------  ----------  --------------  -------------------
/opt/airflow/dags/my_first_dag.py   4975  0.00s             1           0  0.10s           2026-03-14T03:21:24
================================================================================
[2026-03-14T03:22:24.575+0000] {manager.py:887} INFO - 
================================================================================
DAG File Processing Stats

File Path                            PID  Runtime      # DAGs    # Errors  Last Runtime    Last Run
---------------------------------  -----  ---------  --------  ----------  --------------  -------------------
/opt/airflow/dags/my_first_dag.py   4987  0.01s             1           0  0.09s           2026-03-14T03:21:54
================================================================================
[2026-03-14T03:22:45.764+0000] {manager.py:755} INFO - Searching for files in /opt/airflow/dags
[2026-03-14T03:22:45.768+0000] {manager.py:758} INFO - There are 1 files in /opt/airflow/dags
[2026-03-14T03:22:54.850+0000] {manager.py:887} INFO - 
================================================================================
DAG File Processing Stats

File Path                            PID  Runtime      # DAGs    # Errors  Last Runtime    Last Run
---------------------------------  -----  ---------  --------  ----------  --------------  -------------------
/opt/airflow/dags/my_first_dag.py   4999  0.01s             1           0  0.09s           2026-03-14T03:22:24
================================================================================
[2026-03-14T03:23:25.045+0000] {manager.py:887} INFO - 
================================================================================
DAG File Processing Stats

File Path                            PID  Runtime      # DAGs    # Errors  Last Runtime    Last Run
---------------------------------  -----  ---------  --------  ----------  --------------  -------------------
/opt/airflow/dags/my_first_dag.py   5011  0.00s             1           0  0.10s           2026-03-14T03:22:54
================================================================================
[2026-03-14T03:23:55.292+0000] {manager.py:887} INFO - 
================================================================================
DAG File Processing Stats

File Path                            PID  Runtime      # DAGs    # Errors  Last Runtime    Last Run
---------------------------------  -----  ---------  --------  ----------  --------------  -------------------
/opt/airflow/dags/my_first_dag.py   5023  0.01s             1           0  0.08s           2026-03-14T03:23:25
================================================================================
[2026-03-14T03:24:25.489+0000] {manager.py:887} INFO - 
================================================================================
DAG File Processing Stats

File Path                            PID  Runtime      # DAGs    # Errors  Last Runtime    Last Run
---------------------------------  -----  ---------  --------  ----------  --------------  -------------------
/opt/airflow/dags/my_first_dag.py   5034  0.00s             1           0  0.09s           2026-03-14T03:23:55
================================================================================
[2026-03-14T03:24:55.733+0000] {manager.py:887} INFO - 
================================================================================
DAG File Processing Stats

File Path                            PID  Runtime      # DAGs    # Errors  Last Runtime    Last Run
---------------------------------  -----  ---------  --------  ----------  --------------  -------------------
/opt/airflow/dags/my_first_dag.py   5046  0.00s             1           0  0.08s           2026-03-14T03:24:25
================================================================================
[2026-03-14T03:25:25.938+0000] {manager.py:887} INFO - 
================================================================================
DAG File Processing Stats

File Path                            PID  Runtime      # DAGs    # Errors  Last Runtime    Last Run
---------------------------------  -----  ---------  --------  ----------  --------------  -------------------
/opt/airflow/dags/my_first_dag.py   5059  0.00s             1           0  0.08s           2026-03-14T03:24:55
================================================================================
[2026-03-14T03:25:56.148+0000] {manager.py:887} INFO - 
================================================================================
DAG File Processing Stats

File Path                            PID  Runtime      # DAGs    # Errors  Last Runtime    Last Run
---------------------------------  -----  ---------  --------  ----------  --------------  -------------------
/opt/airflow/dags/my_first_dag.py   5071  0.00s             1           0  0.09s           2026-03-14T03:25:26
================================================================================
[2026-03-14T03:26:26.392+0000] {manager.py:887} INFO - 
================================================================================
DAG File Processing Stats

File Path                            PID  Runtime      # DAGs    # Errors  Last Runtime    Last Run
---------------------------------  -----  ---------  --------  ----------  --------------  -------------------
/opt/airflow/dags/my_first_dag.py   5083  0.01s             1           0  0.10s           2026-03-14T03:25:56
================================================================================
[2026-03-14T03:26:56.611+0000] {manager.py:887} INFO - 
================================================================================
DAG File Processing Stats

File Path                            PID  Runtime      # DAGs    # Errors  Last Runtime    Last Run
---------------------------------  -----  ---------  --------  ----------  --------------  -------------------
/opt/airflow/dags/my_first_dag.py   5095  0.00s             1           0  0.09s           2026-03-14T03:26:26
================================================================================
[2026-03-14T03:27:26.857+0000] {manager.py:887} INFO - 
================================================================================
DAG File Processing Stats

File Path                            PID  Runtime      # DAGs    # Errors  Last Runtime    Last Run
---------------------------------  -----  ---------  --------  ----------  --------------  -------------------
/opt/airflow/dags/my_first_dag.py   5107  0.01s             1           0  0.08s           2026-03-14T03:26:56
================================================================================
[2026-03-14T03:27:46.007+0000] {manager.py:755} INFO - Searching for files in /opt/airflow/dags
[2026-03-14T03:27:46.008+0000] {manager.py:758} INFO - There are 1 files in /opt/airflow/dags
[2026-03-14T03:27:57.065+0000] {manager.py:887} INFO - 
================================================================================
DAG File Processing Stats

File Path                            PID  Runtime      # DAGs    # Errors  Last Runtime    Last Run
---------------------------------  -----  ---------  --------  ----------  --------------  -------------------
/opt/airflow/dags/my_first_dag.py   5119  0.00s             1           0  0.09s           2026-03-14T03:27:26
================================================================================
[2026-03-14T03:28:27.312+0000] {manager.py:887} INFO - 
================================================================================
DAG File Processing Stats

File Path                            PID  Runtime      # DAGs    # Errors  Last Runtime    Last Run
---------------------------------  -----  ---------  --------  ----------  --------------  -------------------
/opt/airflow/dags/my_first_dag.py   5130  0.00s             1           0  0.08s           2026-03-14T03:27:57
================================================================================
[2026-03-14T03:28:57.573+0000] {manager.py:887} INFO - 
================================================================================
DAG File Processing Stats

File Path                            PID  Runtime      # DAGs    # Errors  Last Runtime    Last Run
---------------------------------  -----  ---------  --------  ----------  --------------  -------------------
/opt/airflow/dags/my_first_dag.py   5142  0.00s             1           0  0.08s           2026-03-14T03:28:27
================================================================================
[2026-03-14T03:29:27.779+0000] {manager.py:887} INFO - 
================================================================================
DAG File Processing Stats

File Path                            PID  Runtime      # DAGs    # Errors  Last Runtime    Last Run
---------------------------------  -----  ---------  --------  ----------  --------------  -------------------
/opt/airflow/dags/my_first_dag.py   5154  0.00s             1           0  0.08s           2026-03-14T03:28:57
================================================================================
[2026-03-14T03:29:57.948+0000] {manager.py:887} INFO - 
================================================================================
DAG File Processing Stats

File Path                            PID  Runtime      # DAGs    # Errors  Last Runtime    Last Run
---------------------------------  -----  ---------  --------  ----------  --------------  -------------------
/opt/airflow/dags/my_first_dag.py   5166  0.00s             1           0  0.09s           2026-03-14T03:29:27
================================================================================
[2026-03-14T03:30:28.152+0000] {manager.py:887} INFO - 
================================================================================
DAG File Processing Stats

File Path                            PID  Runtime      # DAGs    # Errors  Last Runtime    Last Run
---------------------------------  -----  ---------  --------  ----------  --------------  -------------------
/opt/airflow/dags/my_first_dag.py   5178  0.01s             1           0  0.09s           2026-03-14T03:29:58
================================================================================
[2026-03-14T03:30:58.417+0000] {manager.py:887} INFO - 
================================================================================
DAG File Processing Stats

File Path                            PID  Runtime      # DAGs    # Errors  Last Runtime    Last Run
---------------------------------  -----  ---------  --------  ----------  --------------  -------------------
/opt/airflow/dags/my_first_dag.py   5190  0.00s             1           0  0.09s           2026-03-14T03:30:28
================================================================================
[2026-03-14T03:31:28.653+0000] {manager.py:887} INFO - 
================================================================================
DAG File Processing Stats

File Path                            PID  Runtime      # DAGs    # Errors  Last Runtime    Last Run
---------------------------------  -----  ---------  --------  ----------  --------------  -------------------
/opt/airflow/dags/my_first_dag.py   5202  0.01s             1           0  0.08s           2026-03-14T03:30:58
================================================================================
[2026-03-14T03:31:58.880+0000] {manager.py:887} INFO - 
================================================================================
DAG File Processing Stats

File Path                            PID  Runtime      # DAGs    # Errors  Last Runtime    Last Run
---------------------------------  -----  ---------  --------  ----------  --------------  -------------------
/opt/airflow/dags/my_first_dag.py   5214  0.00s             1           0  0.09s           2026-03-14T03:31:28
================================================================================
[2026-03-14T03:32:29.137+0000] {manager.py:887} INFO - 
================================================================================
DAG File Processing Stats

File Path                            PID  Runtime      # DAGs    # Errors  Last Runtime    Last Run
---------------------------------  -----  ---------  --------  ----------  --------------  -------------------
/opt/airflow/dags/my_first_dag.py   5226  0.00s             1           0  0.08s           2026-03-14T03:31:58
================================================================================
[2026-03-14T03:32:46.282+0000] {manager.py:755} INFO - Searching for files in /opt/airflow/dags
[2026-03-14T03:32:46.283+0000] {manager.py:758} INFO - There are 1 files in /opt/airflow/dags
[2026-03-14T03:32:59.368+0000] {manager.py:887} INFO - 
================================================================================
DAG File Processing Stats

File Path                            PID  Runtime      # DAGs    # Errors  Last Runtime    Last Run
---------------------------------  -----  ---------  --------  ----------  --------------  -------------------
/opt/airflow/dags/my_first_dag.py   5238  0.00s             1           0  0.08s           2026-03-14T03:32:29
================================================================================
[2026-03-14T03:33:29.599+0000] {manager.py:887} INFO - 
================================================================================
DAG File Processing Stats

File Path                            PID  Runtime      # DAGs    # Errors  Last Runtime    Last Run
---------------------------------  -----  ---------  --------  ----------  --------------  -------------------
/opt/airflow/dags/my_first_dag.py   5250  0.00s             1           0  0.08s           2026-03-14T03:32:59
================================================================================
[2026-03-14T03:33:59.804+0000] {manager.py:887} INFO - 
================================================================================
DAG File Processing Stats

File Path                            PID  Runtime      # DAGs    # Errors  Last Runtime    Last Run
---------------------------------  -----  ---------  --------  ----------  --------------  -------------------
/opt/airflow/dags/my_first_dag.py   5262  0.00s             1           0  0.10s           2026-03-14T03:33:29
================================================================================
[2026-03-14T03:34:30.060+0000] {manager.py:887} INFO - 
================================================================================
DAG File Processing Stats

File Path                            PID  Runtime      # DAGs    # Errors  Last Runtime    Last Run
---------------------------------  -----  ---------  --------  ----------  --------------  -------------------
/opt/airflow/dags/my_first_dag.py   5274  0.01s             1           0  0.10s           2026-03-14T03:33:59
================================================================================
[2026-03-14T03:35:00.286+0000] {manager.py:887} INFO - 
================================================================================
DAG File Processing Stats

File Path                            PID  Runtime      # DAGs    # Errors  Last Runtime    Last Run
---------------------------------  -----  ---------  --------  ----------  --------------  -------------------
/opt/airflow/dags/my_first_dag.py   5286  0.01s             1           0  0.10s           2026-03-14T03:34:30
================================================================================
[2026-03-14T03:35:30.523+0000] {manager.py:887} INFO - 
================================================================================
DAG File Processing Stats

File Path                            PID  Runtime      # DAGs    # Errors  Last Runtime    Last Run
---------------------------------  -----  ---------  --------  ----------  --------------  -------------------
/opt/airflow/dags/my_first_dag.py   5298  0.00s             1           0  0.09s           2026-03-14T03:35:00
================================================================================
[2026-03-14T03:36:00.771+0000] {manager.py:887} INFO - 
================================================================================
DAG File Processing Stats

File Path                            PID  Runtime      # DAGs    # Errors  Last Runtime    Last Run
---------------------------------  -----  ---------  --------  ----------  --------------  -------------------
/opt/airflow/dags/my_first_dag.py   5310  0.00s             1           0  0.07s           2026-03-14T03:35:30
================================================================================
[2026-03-14T03:36:30.991+0000] {manager.py:887} INFO - 
================================================================================
DAG File Processing Stats

File Path                            PID  Runtime      # DAGs    # Errors  Last Runtime    Last Run
---------------------------------  -----  ---------  --------  ----------  --------------  -------------------
/opt/airflow/dags/my_first_dag.py   5322  0.00s             1           0  0.08s           2026-03-14T03:36:00
================================================================================
[2026-03-14T03:37:01.266+0000] {manager.py:887} INFO - 
================================================================================
DAG File Processing Stats

File Path                            PID  Runtime      # DAGs    # Errors  Last Runtime    Last Run
---------------------------------  -----  ---------  --------  ----------  --------------  -------------------
/opt/airflow/dags/my_first_dag.py   5334  0.01s             1           0  0.08s           2026-03-14T03:36:31
================================================================================
[2026-03-14T03:37:31.471+0000] {manager.py:887} INFO - 
================================================================================
DAG File Processing Stats

File Path                            PID  Runtime      # DAGs    # Errors  Last Runtime    Last Run
---------------------------------  -----  ---------  --------  ----------  --------------  -------------------
/opt/airflow/dags/my_first_dag.py   5346  0.00s             1           0  0.09s           2026-03-14T03:37:01
================================================================================
[2026-03-14T03:37:46.619+0000] {manager.py:755} INFO - Searching for files in /opt/airflow/dags
[2026-03-14T03:37:46.620+0000] {manager.py:758} INFO - There are 1 files in /opt/airflow/dags
[2026-03-14T03:38:01.698+0000] {manager.py:887} INFO - 
================================================================================
DAG File Processing Stats

File Path                            PID  Runtime      # DAGs    # Errors  Last Runtime    Last Run
---------------------------------  -----  ---------  --------  ----------  --------------  -------------------
/opt/airflow/dags/my_first_dag.py   5358  0.01s             1           0  0.10s           2026-03-14T03:37:31
================================================================================
[2026-03-14T03:38:31.936+0000] {manager.py:887} INFO - 
================================================================================
DAG File Processing Stats

File Path                            PID  Runtime      # DAGs    # Errors  Last Runtime    Last Run
---------------------------------  -----  ---------  --------  ----------  --------------  -------------------
/opt/airflow/dags/my_first_dag.py   5369  0.01s             1           0  0.10s           2026-03-14T03:38:01
================================================================================
[2026-03-14T03:39:02.197+0000] {manager.py:887} INFO - 
================================================================================
DAG File Processing Stats

File Path                            PID  Runtime      # DAGs    # Errors  Last Runtime    Last Run
---------------------------------  -----  ---------  --------  ----------  --------------  -------------------
/opt/airflow/dags/my_first_dag.py   5381  0.00s             1           0  0.10s           2026-03-14T03:38:32
================================================================================
[2026-03-14T03:39:32.431+0000] {manager.py:887} INFO - 
================================================================================
DAG File Processing Stats

File Path                            PID  Runtime      # DAGs    # Errors  Last Runtime    Last Run
---------------------------------  -----  ---------  --------  ----------  --------------  -------------------
/opt/airflow/dags/my_first_dag.py   5393  0.00s             1           0  0.08s           2026-03-14T03:39:02
================================================================================
[2026-03-14T03:40:02.621+0000] {manager.py:887} INFO - 
================================================================================
DAG File Processing Stats

File Path                            PID  Runtime      # DAGs    # Errors  Last Runtime    Last Run
---------------------------------  -----  ---------  --------  ----------  --------------  -------------------
/opt/airflow/dags/my_first_dag.py   5405  0.00s             1           0  0.08s           2026-03-14T03:39:32
================================================================================
[2026-03-14T03:40:32.829+0000] {manager.py:887} INFO - 
================================================================================
DAG File Processing Stats

File Path                            PID  Runtime      # DAGs    # Errors  Last Runtime    Last Run
---------------------------------  -----  ---------  --------  ----------  --------------  -------------------
/opt/airflow/dags/my_first_dag.py   5417  0.01s             1           0  0.09s           2026-03-14T03:40:02
================================================================================
[2026-03-14T03:41:03.119+0000] {manager.py:887} INFO - 
================================================================================
DAG File Processing Stats

File Path                            PID  Runtime      # DAGs    # Errors  Last Runtime    Last Run
---------------------------------  -----  ---------  --------  ----------  --------------  -------------------
/opt/airflow/dags/my_first_dag.py   5429  0.01s             1           0  0.09s           2026-03-14T03:40:32
================================================================================
[2026-03-14T03:41:33.326+0000] {manager.py:887} INFO - 
================================================================================
DAG File Processing Stats

File Path                            PID  Runtime      # DAGs    # Errors  Last Runtime    Last Run
---------------------------------  -----  ---------  --------  ----------  --------------  -------------------
/opt/airflow/dags/my_first_dag.py   5441  0.00s             1           0  0.09s           2026-03-14T03:41:03
================================================================================
[2026-03-14T03:42:03.573+0000] {manager.py:887} INFO - 
================================================================================
DAG File Processing Stats

File Path                            PID  Runtime      # DAGs    # Errors  Last Runtime    Last Run
---------------------------------  -----  ---------  --------  ----------  --------------  -------------------
/opt/airflow/dags/my_first_dag.py   5453  0.00s             1           0  0.09s           2026-03-14T03:41:33
================================================================================
[2026-03-14T03:42:33.777+0000] {manager.py:887} INFO - 
================================================================================
DAG File Processing Stats

File Path                            PID  Runtime      # DAGs    # Errors  Last Runtime    Last Run
---------------------------------  -----  ---------  --------  ----------  --------------  -------------------
/opt/airflow/dags/my_first_dag.py   5464  0.00s             1           0  0.09s           2026-03-14T03:42:03
================================================================================
[2026-03-14T03:42:46.943+0000] {manager.py:755} INFO - Searching for files in /opt/airflow/dags
[2026-03-14T03:42:46.944+0000] {manager.py:758} INFO - There are 1 files in /opt/airflow/dags
[2026-03-14T03:43:04.060+0000] {manager.py:887} INFO - 
================================================================================
DAG File Processing Stats

File Path                            PID  Runtime      # DAGs    # Errors  Last Runtime    Last Run
---------------------------------  -----  ---------  --------  ----------  --------------  -------------------
/opt/airflow/dags/my_first_dag.py   5476  0.01s             1           0  0.08s           2026-03-14T03:42:33
================================================================================
[2026-03-14T03:43:34.253+0000] {manager.py:887} INFO - 
================================================================================
DAG File Processing Stats

File Path                            PID  Runtime      # DAGs    # Errors  Last Runtime    Last Run
---------------------------------  -----  ---------  --------  ----------  --------------  -------------------
/opt/airflow/dags/my_first_dag.py   5488  0.00s             1           0  0.09s           2026-03-14T03:43:04
================================================================================
[2026-03-14T03:44:04.518+0000] {manager.py:887} INFO - 
================================================================================
DAG File Processing Stats

File Path                            PID  Runtime      # DAGs    # Errors  Last Runtime    Last Run
---------------------------------  -----  ---------  --------  ----------  --------------  -------------------
/opt/airflow/dags/my_first_dag.py   5500  0.00s             1           0  0.08s           2026-03-14T03:43:34
================================================================================
[2026-03-14T03:44:34.765+0000] {manager.py:887} INFO - 
================================================================================
DAG File Processing Stats

File Path                            PID  Runtime      # DAGs    # Errors  Last Runtime    Last Run
---------------------------------  -----  ---------  --------  ----------  --------------  -------------------
/opt/airflow/dags/my_first_dag.py   5513  0.01s             1           0  0.09s           2026-03-14T03:44:04
================================================================================
[2026-03-14T03:45:05.010+0000] {manager.py:887} INFO - 
================================================================================
DAG File Processing Stats

File Path                            PID  Runtime      # DAGs    # Errors  Last Runtime    Last Run
---------------------------------  -----  ---------  --------  ----------  --------------  -------------------
/opt/airflow/dags/my_first_dag.py   5525  0.00s             1           0  0.09s           2026-03-14T03:44:34
================================================================================
[2026-03-14T03:45:35.216+0000] {manager.py:887} INFO - 
================================================================================
DAG File Processing Stats

File Path                            PID  Runtime      # DAGs    # Errors  Last Runtime    Last Run
---------------------------------  -----  ---------  --------  ----------  --------------  -------------------
/opt/airflow/dags/my_first_dag.py   5537  0.01s             1           0  0.07s           2026-03-14T03:45:05
================================================================================
[2026-03-14T03:46:05.425+0000] {manager.py:887} INFO - 
================================================================================
DAG File Processing Stats

File Path                            PID  Runtime      # DAGs    # Errors  Last Runtime    Last Run
---------------------------------  -----  ---------  --------  ----------  --------------  -------------------
/opt/airflow/dags/my_first_dag.py   5549  0.00s             1           0  0.11s           2026-03-14T03:45:35
================================================================================
[2026-03-14T03:46:35.681+0000] {manager.py:887} INFO - 
================================================================================
DAG File Processing Stats

File Path                            PID  Runtime      # DAGs    # Errors  Last Runtime    Last Run
---------------------------------  -----  ---------  --------  ----------  --------------  -------------------
/opt/airflow/dags/my_first_dag.py   5561  0.00s             1           0  0.09s           2026-03-14T03:46:05
================================================================================
[2026-03-14T03:47:05.918+0000] {manager.py:887} INFO - 
================================================================================
DAG File Processing Stats

File Path                            PID  Runtime      # DAGs    # Errors  Last Runtime    Last Run
---------------------------------  -----  ---------  --------  ----------  --------------  -------------------
/opt/airflow/dags/my_first_dag.py   5572  0.00s             1           0  0.08s           2026-03-14T03:46:35
================================================================================
[2026-03-14T03:47:36.145+0000] {manager.py:887} INFO - 
================================================================================
DAG File Processing Stats

File Path                            PID  Runtime      # DAGs    # Errors  Last Runtime    Last Run
---------------------------------  -----  ---------  --------  ----------  --------------  -------------------
/opt/airflow/dags/my_first_dag.py   5583  0.00s             1           0  0.08s           2026-03-14T03:47:05
================================================================================
[2026-03-14T03:47:47.300+0000] {manager.py:755} INFO - Searching for files in /opt/airflow/dags
[2026-03-14T03:47:47.301+0000] {manager.py:758} INFO - There are 1 files in /opt/airflow/dags
[2026-03-14T03:48:06.415+0000] {manager.py:887} INFO - 
================================================================================
DAG File Processing Stats

File Path                            PID  Runtime      # DAGs    # Errors  Last Runtime    Last Run
---------------------------------  -----  ---------  --------  ----------  --------------  -------------------
/opt/airflow/dags/my_first_dag.py   5595  0.00s             1           0  0.08s           2026-03-14T03:47:36
================================================================================
[2026-03-14T03:48:36.628+0000] {manager.py:887} INFO - 
================================================================================
DAG File Processing Stats

File Path                            PID  Runtime      # DAGs    # Errors  Last Runtime    Last Run
---------------------------------  -----  ---------  --------  ----------  --------------  -------------------
/opt/airflow/dags/my_first_dag.py   5607  0.00s             1           0  0.08s           2026-03-14T03:48:06
================================================================================
[2026-03-14T03:49:06.860+0000] {manager.py:887} INFO - 
================================================================================
DAG File Processing Stats

File Path                            PID  Runtime      # DAGs    # Errors  Last Runtime    Last Run
---------------------------------  -----  ---------  --------  ----------  --------------  -------------------
/opt/airflow/dags/my_first_dag.py   5619  0.00s             1           0  0.08s           2026-03-14T03:48:36
================================================================================
[2026-03-14T03:49:37.072+0000] {manager.py:887} INFO - 
================================================================================
DAG File Processing Stats

File Path                            PID  Runtime      # DAGs    # Errors  Last Runtime    Last Run
---------------------------------  -----  ---------  --------  ----------  --------------  -------------------
/opt/airflow/dags/my_first_dag.py   5631  0.00s             1           0  0.08s           2026-03-14T03:49:06
================================================================================
[2026-03-14T03:50:07.283+0000] {manager.py:887} INFO - 
================================================================================
DAG File Processing Stats

File Path                            PID  Runtime      # DAGs    # Errors  Last Runtime    Last Run
---------------------------------  -----  ---------  --------  ----------  --------------  -------------------
/opt/airflow/dags/my_first_dag.py   5643  0.00s             1           0  0.10s           2026-03-14T03:49:37
================================================================================
[2026-03-14T03:50:37.529+0000] {manager.py:887} INFO - 
================================================================================
DAG File Processing Stats

File Path                            PID  Runtime      # DAGs    # Errors  Last Runtime    Last Run
---------------------------------  -----  ---------  --------  ----------  --------------  -------------------
/opt/airflow/dags/my_first_dag.py   5655  0.00s             1           0  0.09s           2026-03-14T03:50:07
================================================================================
[2026-03-14T03:51:07.774+0000] {manager.py:887} INFO - 
================================================================================
DAG File Processing Stats

File Path                            PID  Runtime      # DAGs    # Errors  Last Runtime    Last Run
---------------------------------  -----  ---------  --------  ----------  --------------  -------------------
/opt/airflow/dags/my_first_dag.py   5667  0.01s             1           0  0.08s           2026-03-14T03:50:37
================================================================================
[2026-03-14T03:51:38.059+0000] {manager.py:887} INFO - 
================================================================================
DAG File Processing Stats

File Path                            PID  Runtime      # DAGs    # Errors  Last Runtime    Last Run
---------------------------------  -----  ---------  --------  ----------  --------------  -------------------
/opt/airflow/dags/my_first_dag.py   5679  0.01s             1           0  0.09s           2026-03-14T03:51:07
================================================================================
[2026-03-14T03:52:08.287+0000] {manager.py:887} INFO - 
================================================================================
DAG File Processing Stats

File Path                            PID  Runtime      # DAGs    # Errors  Last Runtime    Last Run
---------------------------------  -----  ---------  --------  ----------  --------------  -------------------
/opt/airflow/dags/my_first_dag.py   5691  0.01s             1           0  0.09s           2026-03-14T03:51:38
================================================================================
[2026-03-14T03:52:38.533+0000] {manager.py:887} INFO - 
================================================================================
DAG File Processing Stats

File Path                            PID  Runtime      # DAGs    # Errors  Last Runtime    Last Run
---------------------------------  -----  ---------  --------  ----------  --------------  -------------------
/opt/airflow/dags/my_first_dag.py   5703  0.01s             1           0  0.09s           2026-03-14T03:52:08
================================================================================
[2026-03-14T03:52:47.646+0000] {manager.py:755} INFO - Searching for files in /opt/airflow/dags
[2026-03-14T03:52:47.647+0000] {manager.py:758} INFO - There are 1 files in /opt/airflow/dags
[2026-03-14T03:53:08.756+0000] {manager.py:887} INFO - 
================================================================================
DAG File Processing Stats

File Path                            PID  Runtime      # DAGs    # Errors  Last Runtime    Last Run
---------------------------------  -----  ---------  --------  ----------  --------------  -------------------
/opt/airflow/dags/my_first_dag.py   5715  0.00s             1           0  0.08s           2026-03-14T03:52:38
================================================================================
[2026-03-14T03:53:38.965+0000] {manager.py:887} INFO - 
================================================================================
DAG File Processing Stats

File Path                            PID  Runtime      # DAGs    # Errors  Last Runtime    Last Run
---------------------------------  -----  ---------  --------  ----------  --------------  -------------------
/opt/airflow/dags/my_first_dag.py   5727  0.00s             1           0  0.09s           2026-03-14T03:53:08
================================================================================
[2026-03-14T03:54:09.183+0000] {manager.py:887} INFO - 
================================================================================
DAG File Processing Stats

File Path                            PID  Runtime      # DAGs    # Errors  Last Runtime    Last Run
---------------------------------  -----  ---------  --------  ----------  --------------  -------------------
/opt/airflow/dags/my_first_dag.py   5739  0.01s             1           0  0.09s           2026-03-14T03:53:39
================================================================================
[2026-03-14T03:54:39.393+0000] {manager.py:887} INFO - 
================================================================================
DAG File Processing Stats

File Path                            PID  Runtime      # DAGs    # Errors  Last Runtime    Last Run
---------------------------------  -----  ---------  --------  ----------  --------------  -------------------
/opt/airflow/dags/my_first_dag.py   5752  0.00s             1           0  0.11s           2026-03-14T03:54:09
================================================================================
[2026-03-14T03:55:09.717+0000] {manager.py:887} INFO - 
================================================================================
DAG File Processing Stats

File Path                            PID  Runtime      # DAGs    # Errors  Last Runtime    Last Run
---------------------------------  -----  ---------  --------  ----------  --------------  -------------------
/opt/airflow/dags/my_first_dag.py   5764  0.01s             1           0  0.08s           2026-03-14T03:54:39
================================================================================
[2026-03-14T03:55:39.942+0000] {manager.py:887} INFO - 
================================================================================
DAG File Processing Stats

File Path                            PID  Runtime      # DAGs    # Errors  Last Runtime    Last Run
---------------------------------  -----  ---------  --------  ----------  --------------  -------------------
/opt/airflow/dags/my_first_dag.py   5776  0.00s             1           0  0.09s           2026-03-14T03:55:09
================================================================================
[2026-03-14T03:56:10.176+0000] {manager.py:887} INFO - 
================================================================================
DAG File Processing Stats

File Path                            PID  Runtime      # DAGs    # Errors  Last Runtime    Last Run
---------------------------------  -----  ---------  --------  ----------  --------------  -------------------
/opt/airflow/dags/my_first_dag.py   5794  0.00s             1           0  0.08s           2026-03-14T03:55:40
================================================================================
[2026-03-14T03:56:40.370+0000] {manager.py:887} INFO - 
================================================================================
DAG File Processing Stats

File Path                            PID  Runtime      # DAGs    # Errors  Last Runtime    Last Run
---------------------------------  -----  ---------  --------  ----------  --------------  -------------------
/opt/airflow/dags/my_first_dag.py   5806  0.00s             1           0  0.08s           2026-03-14T03:56:10
================================================================================
[2026-03-14T03:57:10.584+0000] {manager.py:887} INFO - 
================================================================================
DAG File Processing Stats

File Path                            PID  Runtime      # DAGs    # Errors  Last Runtime    Last Run
---------------------------------  -----  ---------  --------  ----------  --------------  -------------------
/opt/airflow/dags/my_first_dag.py   5818  0.00s             1           0  0.08s           2026-03-14T03:56:40
================================================================================
[2026-03-14T03:57:40.816+0000] {manager.py:887} INFO - 
================================================================================
DAG File Processing Stats

File Path                            PID  Runtime      # DAGs    # Errors  Last Runtime    Last Run
---------------------------------  -----  ---------  --------  ----------  --------------  -------------------
/opt/airflow/dags/my_first_dag.py   5830  0.01s             1           0  0.08s           2026-03-14T03:57:10
================================================================================
[2026-03-14T03:57:47.864+0000] {manager.py:755} INFO - Searching for files in /opt/airflow/dags
[2026-03-14T03:57:47.865+0000] {manager.py:758} INFO - There are 1 files in /opt/airflow/dags
[2026-03-14T03:58:11.036+0000] {manager.py:887} INFO - 
================================================================================
DAG File Processing Stats

File Path                            PID  Runtime      # DAGs    # Errors  Last Runtime    Last Run
---------------------------------  -----  ---------  --------  ----------  --------------  -------------------
/opt/airflow/dags/my_first_dag.py   5842  0.00s             1           0  0.10s           2026-03-14T03:57:40
================================================================================
[2026-03-14T03:58:41.259+0000] {manager.py:887} INFO - 
================================================================================
DAG File Processing Stats

File Path                            PID  Runtime      # DAGs    # Errors  Last Runtime    Last Run
---------------------------------  -----  ---------  --------  ----------  --------------  -------------------
/opt/airflow/dags/my_first_dag.py   5854  0.00s             1           0  0.09s           2026-03-14T03:58:11
================================================================================
[2026-03-14T03:59:11.484+0000] {manager.py:887} INFO - 
================================================================================
DAG File Processing Stats

File Path                            PID  Runtime      # DAGs    # Errors  Last Runtime    Last Run
---------------------------------  -----  ---------  --------  ----------  --------------  -------------------
/opt/airflow/dags/my_first_dag.py   5866  0.00s             1           0  0.08s           2026-03-14T03:58:41
================================================================================
[2026-03-14T03:59:41.712+0000] {manager.py:887} INFO - 
================================================================================
DAG File Processing Stats

File Path                            PID  Runtime      # DAGs    # Errors  Last Runtime    Last Run
---------------------------------  -----  ---------  --------  ----------  --------------  -------------------
/opt/airflow/dags/my_first_dag.py   5878  0.00s             1           0  0.08s           2026-03-14T03:59:11
================================================================================
[2026-03-14T04:00:11.921+0000] {manager.py:887} INFO - 
================================================================================
DAG File Processing Stats

File Path                            PID  Runtime      # DAGs    # Errors  Last Runtime    Last Run
---------------------------------  -----  ---------  --------  ----------  --------------  -------------------
/opt/airflow/dags/my_first_dag.py   5890  0.00s             1           0  0.08s           2026-03-14T03:59:41
================================================================================
[2026-03-14T04:00:42.171+0000] {manager.py:887} INFO - 
================================================================================
DAG File Processing Stats

File Path                            PID  Runtime      # DAGs    # Errors  Last Runtime    Last Run
---------------------------------  -----  ---------  --------  ----------  --------------  -------------------
/opt/airflow/dags/my_first_dag.py   5902  0.00s             1           0  0.08s           2026-03-14T04:00:11
================================================================================
[2026-03-14T04:01:12.406+0000] {manager.py:887} INFO - 
================================================================================
DAG File Processing Stats

File Path                            PID  Runtime      # DAGs    # Errors  Last Runtime    Last Run
---------------------------------  -----  ---------  --------  ----------  --------------  -------------------
/opt/airflow/dags/my_first_dag.py   5914  0.01s             1           0  0.08s           2026-03-14T04:00:42
================================================================================
[2026-03-14T04:01:42.638+0000] {manager.py:887} INFO - 
================================================================================
DAG File Processing Stats

File Path                            PID  Runtime      # DAGs    # Errors  Last Runtime    Last Run
---------------------------------  -----  ---------  --------  ----------  --------------  -------------------
/opt/airflow/dags/my_first_dag.py   5926  0.00s             1           0  0.09s           2026-03-14T04:01:12
================================================================================
[2026-03-14T04:02:12.839+0000] {manager.py:887} INFO - 
================================================================================
DAG File Processing Stats

File Path                            PID  Runtime      # DAGs    # Errors  Last Runtime    Last Run
---------------------------------  -----  ---------  --------  ----------  --------------  -------------------
/opt/airflow/dags/my_first_dag.py   5938  0.00s             1           0  0.10s           2026-03-14T04:01:42
================================================================================
[2026-03-14T04:02:43.082+0000] {manager.py:887} INFO - 
================================================================================
DAG File Processing Stats

File Path                            PID  Runtime      # DAGs    # Errors  Last Runtime    Last Run
---------------------------------  -----  ---------  --------  ----------  --------------  -------------------
/opt/airflow/dags/my_first_dag.py   5950  0.00s             1           0  0.09s           2026-03-14T04:02:12
================================================================================
[2026-03-14T04:02:48.110+0000] {manager.py:755} INFO - Searching for files in /opt/airflow/dags
[2026-03-14T04:02:48.113+0000] {manager.py:758} INFO - There are 1 files in /opt/airflow/dags
[2026-03-14T04:03:13.308+0000] {manager.py:887} INFO - 
================================================================================
DAG File Processing Stats

File Path                            PID  Runtime      # DAGs    # Errors  Last Runtime    Last Run
---------------------------------  -----  ---------  --------  ----------  --------------  -------------------
/opt/airflow/dags/my_first_dag.py   5962  0.00s             1           0  0.08s           2026-03-14T04:02:43
================================================================================
[2026-03-14T04:03:43.536+0000] {manager.py:887} INFO - 
================================================================================
DAG File Processing Stats

File Path                            PID  Runtime      # DAGs    # Errors  Last Runtime    Last Run
---------------------------------  -----  ---------  --------  ----------  --------------  -------------------
/opt/airflow/dags/my_first_dag.py   5974  0.00s             1           0  0.08s           2026-03-14T04:03:13
================================================================================
[2026-03-14T04:04:13.781+0000] {manager.py:887} INFO - 
================================================================================
DAG File Processing Stats

File Path                            PID  Runtime      # DAGs    # Errors  Last Runtime    Last Run
---------------------------------  -----  ---------  --------  ----------  --------------  -------------------
/opt/airflow/dags/my_first_dag.py   5986  0.01s             1           0  0.08s           2026-03-14T04:03:43
================================================================================
[2026-03-14T04:04:44.026+0000] {manager.py:887} INFO - 
================================================================================
DAG File Processing Stats

File Path                            PID  Runtime      # DAGs    # Errors  Last Runtime    Last Run
---------------------------------  -----  ---------  --------  ----------  --------------  -------------------
/opt/airflow/dags/my_first_dag.py   5998  0.00s             1           0  0.08s           2026-03-14T04:04:13
================================================================================
[2026-03-14T04:05:14.248+0000] {manager.py:887} INFO - 
================================================================================
DAG File Processing Stats

File Path                            PID  Runtime      # DAGs    # Errors  Last Runtime    Last Run
---------------------------------  -----  ---------  --------  ----------  --------------  -------------------
/opt/airflow/dags/my_first_dag.py   6009  0.00s             1           0  0.08s           2026-03-14T04:04:44
================================================================================
[2026-03-14T04:05:44.485+0000] {manager.py:887} INFO - 
================================================================================
DAG File Processing Stats

File Path                            PID  Runtime      # DAGs    # Errors  Last Runtime    Last Run
---------------------------------  -----  ---------  --------  ----------  --------------  -------------------
/opt/airflow/dags/my_first_dag.py   6021  0.00s             1           0  0.10s           2026-03-14T04:05:14
================================================================================
[2026-03-14T04:06:14.699+0000] {manager.py:887} INFO - 
================================================================================
DAG File Processing Stats

File Path                            PID  Runtime      # DAGs    # Errors  Last Runtime    Last Run
---------------------------------  -----  ---------  --------  ----------  --------------  -------------------
/opt/airflow/dags/my_first_dag.py   6033  0.01s             1           0  0.09s           2026-03-14T04:05:44
================================================================================
[2026-03-14T04:06:44.924+0000] {manager.py:887} INFO - 
================================================================================
DAG File Processing Stats

File Path                            PID  Runtime      # DAGs    # Errors  Last Runtime    Last Run
---------------------------------  -----  ---------  --------  ----------  --------------  -------------------
/opt/airflow/dags/my_first_dag.py   6045  0.00s             1           0  0.10s           2026-03-14T04:06:14
================================================================================
[2026-03-14T04:07:15.179+0000] {manager.py:887} INFO - 
================================================================================
DAG File Processing Stats

File Path                            PID  Runtime      # DAGs    # Errors  Last Runtime    Last Run
---------------------------------  -----  ---------  --------  ----------  --------------  -------------------
/opt/airflow/dags/my_first_dag.py   6057  0.00s             1           0  0.08s           2026-03-14T04:06:44
================================================================================
[2026-03-14T04:07:45.400+0000] {manager.py:887} INFO - 
================================================================================
DAG File Processing Stats

File Path                            PID  Runtime      # DAGs    # Errors  Last Runtime    Last Run
---------------------------------  -----  ---------  --------  ----------  --------------  -------------------
/opt/airflow/dags/my_first_dag.py   6069  0.00s             1           0  0.10s           2026-03-14T04:07:15
================================================================================
[2026-03-14T04:07:48.480+0000] {manager.py:755} INFO - Searching for files in /opt/airflow/dags
[2026-03-14T04:07:48.481+0000] {manager.py:758} INFO - There are 1 files in /opt/airflow/dags
[2026-03-14T04:08:15.701+0000] {manager.py:887} INFO - 
================================================================================
DAG File Processing Stats

File Path                            PID  Runtime      # DAGs    # Errors  Last Runtime    Last Run
---------------------------------  -----  ---------  --------  ----------  --------------  -------------------
/opt/airflow/dags/my_first_dag.py   6081  0.00s             1           0  0.09s           2026-03-14T04:07:45
================================================================================
[2026-03-14T04:08:45.894+0000] {manager.py:887} INFO - 
================================================================================
DAG File Processing Stats

File Path                            PID  Runtime      # DAGs    # Errors  Last Runtime    Last Run
---------------------------------  -----  ---------  --------  ----------  --------------  -------------------
/opt/airflow/dags/my_first_dag.py   6093  0.00s             1           0  0.08s           2026-03-14T04:08:15
================================================================================
[2026-03-14T04:09:16.165+0000] {manager.py:887} INFO - 
================================================================================
DAG File Processing Stats

File Path                            PID  Runtime      # DAGs    # Errors  Last Runtime    Last Run
---------------------------------  -----  ---------  --------  ----------  --------------  -------------------
/opt/airflow/dags/my_first_dag.py   6105  0.00s             1           0  0.08s           2026-03-14T04:08:45
================================================================================
[2026-03-14T04:09:46.367+0000] {manager.py:887} INFO - 
================================================================================
DAG File Processing Stats

File Path                            PID  Runtime      # DAGs    # Errors  Last Runtime    Last Run
---------------------------------  -----  ---------  --------  ----------  --------------  -------------------
/opt/airflow/dags/my_first_dag.py   6117  0.00s             1           0  0.09s           2026-03-14T04:09:16
================================================================================
[2026-03-14T04:10:16.609+0000] {manager.py:887} INFO - 
================================================================================
DAG File Processing Stats

File Path                            PID  Runtime      # DAGs    # Errors  Last Runtime    Last Run
---------------------------------  -----  ---------  --------  ----------  --------------  -------------------
/opt/airflow/dags/my_first_dag.py   6128  0.00s             1           0  0.09s           2026-03-14T04:09:46
================================================================================
[2026-03-14T04:10:46.807+0000] {manager.py:887} INFO - 
================================================================================
DAG File Processing Stats

File Path                            PID  Runtime      # DAGs    # Errors  Last Runtime    Last Run
---------------------------------  -----  ---------  --------  ----------  --------------  -------------------
/opt/airflow/dags/my_first_dag.py   6140  0.00s             1           0  0.10s           2026-03-14T04:10:16
================================================================================
[2026-03-14T04:11:17.096+0000] {manager.py:887} INFO - 
================================================================================
DAG File Processing Stats

File Path                            PID  Runtime      # DAGs    # Errors  Last Runtime    Last Run
---------------------------------  -----  ---------  --------  ----------  --------------  -------------------
/opt/airflow/dags/my_first_dag.py   6152  0.00s             1           0  0.08s           2026-03-14T04:10:46
================================================================================
[2026-03-14T04:11:47.324+0000] {manager.py:887} INFO - 
================================================================================
DAG File Processing Stats

File Path                            PID  Runtime      # DAGs    # Errors  Last Runtime    Last Run
---------------------------------  -----  ---------  --------  ----------  --------------  -------------------
/opt/airflow/dags/my_first_dag.py   6164  0.01s             1           0  0.08s           2026-03-14T04:11:17
================================================================================
[2026-03-14T04:12:17.561+0000] {manager.py:887} INFO - 
================================================================================
DAG File Processing Stats

File Path                            PID  Runtime      # DAGs    # Errors  Last Runtime    Last Run
---------------------------------  -----  ---------  --------  ----------  --------------  -------------------
/opt/airflow/dags/my_first_dag.py   6176  0.01s             1           0  0.08s           2026-03-14T04:11:47
================================================================================
[2026-03-14T04:12:47.811+0000] {manager.py:887} INFO - 
================================================================================
DAG File Processing Stats

File Path                            PID  Runtime      # DAGs    # Errors  Last Runtime    Last Run
---------------------------------  -----  ---------  --------  ----------  --------------  -------------------
/opt/airflow/dags/my_first_dag.py   6188  0.01s             1           0  0.09s           2026-03-14T04:12:17
================================================================================
[2026-03-14T04:12:48.829+0000] {manager.py:755} INFO - Searching for files in /opt/airflow/dags
[2026-03-14T04:12:48.830+0000] {manager.py:758} INFO - There are 1 files in /opt/airflow/dags
[2026-03-14T04:13:18.024+0000] {manager.py:887} INFO - 
================================================================================
DAG File Processing Stats

File Path                            PID  Runtime      # DAGs    # Errors  Last Runtime    Last Run
---------------------------------  -----  ---------  --------  ----------  --------------  -------------------
/opt/airflow/dags/my_first_dag.py   6200  0.00s             1           0  0.09s           2026-03-14T04:12:47
================================================================================
[2026-03-14T04:13:48.251+0000] {manager.py:887} INFO - 
================================================================================
DAG File Processing Stats

File Path                            PID  Runtime      # DAGs    # Errors  Last Runtime    Last Run
---------------------------------  -----  ---------  --------  ----------  --------------  -------------------
/opt/airflow/dags/my_first_dag.py   6211  0.00s             1           0  0.09s           2026-03-14T04:13:18
================================================================================
[2026-03-14T04:14:18.464+0000] {manager.py:887} INFO - 
================================================================================
DAG File Processing Stats

File Path                            PID  Runtime      # DAGs    # Errors  Last Runtime    Last Run
---------------------------------  -----  ---------  --------  ----------  --------------  -------------------
/opt/airflow/dags/my_first_dag.py   6223  0.00s             1           0  0.10s           2026-03-14T04:13:48
================================================================================
[2026-03-14T04:14:48.692+0000] {manager.py:887} INFO - 
================================================================================
DAG File Processing Stats

File Path                            PID  Runtime      # DAGs    # Errors  Last Runtime    Last Run
---------------------------------  -----  ---------  --------  ----------  --------------  -------------------
/opt/airflow/dags/my_first_dag.py   6235  0.00s             1           0  0.10s           2026-03-14T04:14:18
================================================================================
[2026-03-14T04:15:18.916+0000] {manager.py:887} INFO - 
================================================================================
DAG File Processing Stats

File Path                            PID  Runtime      # DAGs    # Errors  Last Runtime    Last Run
---------------------------------  -----  ---------  --------  ----------  --------------  -------------------
/opt/airflow/dags/my_first_dag.py   6246  0.00s             1           0  0.07s           2026-03-14T04:14:48
================================================================================
[2026-03-14T04:15:49.135+0000] {manager.py:887} INFO - 
================================================================================
DAG File Processing Stats

File Path                            PID  Runtime      # DAGs    # Errors  Last Runtime    Last Run
---------------------------------  -----  ---------  --------  ----------  --------------  -------------------
/opt/airflow/dags/my_first_dag.py   6258  0.00s             1           0  0.08s           2026-03-14T04:15:18
================================================================================
[2026-03-14T04:16:19.381+0000] {manager.py:887} INFO - 
================================================================================
DAG File Processing Stats

File Path                            PID  Runtime      # DAGs    # Errors  Last Runtime    Last Run
---------------------------------  -----  ---------  --------  ----------  --------------  -------------------
/opt/airflow/dags/my_first_dag.py   6270  0.00s             1           0  0.08s           2026-03-14T04:15:49
================================================================================
[2026-03-14T04:16:49.588+0000] {manager.py:887} INFO - 
================================================================================
DAG File Processing Stats

File Path                            PID  Runtime      # DAGs    # Errors  Last Runtime    Last Run
---------------------------------  -----  ---------  --------  ----------  --------------  -------------------
/opt/airflow/dags/my_first_dag.py   6282  0.00s             1           0  0.08s           2026-03-14T04:16:19
================================================================================
[2026-03-14T04:17:19.819+0000] {manager.py:887} INFO - 
================================================================================
DAG File Processing Stats

File Path                            PID  Runtime      # DAGs    # Errors  Last Runtime    Last Run
---------------------------------  -----  ---------  --------  ----------  --------------  -------------------
/opt/airflow/dags/my_first_dag.py   6294  0.00s             1           0  0.08s           2026-03-14T04:16:49
================================================================================
[2026-03-14T04:17:49.035+0000] {manager.py:755} INFO - Searching for files in /opt/airflow/dags
[2026-03-14T04:17:49.036+0000] {manager.py:758} INFO - There are 1 files in /opt/airflow/dags
[2026-03-14T04:17:50.055+0000] {manager.py:887} INFO - 
================================================================================
DAG File Processing Stats

File Path                            PID  Runtime      # DAGs    # Errors  Last Runtime    Last Run
---------------------------------  -----  ---------  --------  ----------  --------------  -------------------
/opt/airflow/dags/my_first_dag.py   6306  0.00s             1           0  0.10s           2026-03-14T04:17:19
================================================================================
[2026-03-14T04:18:20.266+0000] {manager.py:887} INFO - 
================================================================================
DAG File Processing Stats

File Path                            PID  Runtime      # DAGs    # Errors  Last Runtime    Last Run
---------------------------------  -----  ---------  --------  ----------  --------------  -------------------
/opt/airflow/dags/my_first_dag.py   6318  0.00s             1           0  0.09s           2026-03-14T04:17:50
================================================================================
[2026-03-14T04:18:50.500+0000] {manager.py:887} INFO - 
================================================================================
DAG File Processing Stats

File Path                            PID  Runtime      # DAGs    # Errors  Last Runtime    Last Run
---------------------------------  -----  ---------  --------  ----------  --------------  -------------------
/opt/airflow/dags/my_first_dag.py   6330  0.00s             1           0  0.09s           2026-03-14T04:18:20
================================================================================
[2026-03-14T04:19:20.713+0000] {manager.py:887} INFO - 
================================================================================
DAG File Processing Stats

File Path                            PID  Runtime      # DAGs    # Errors  Last Runtime    Last Run
---------------------------------  -----  ---------  --------  ----------  --------------  -------------------
/opt/airflow/dags/my_first_dag.py   6342  0.00s             1           0  0.07s           2026-03-14T04:18:50
================================================================================
[2026-03-14T04:19:50.927+0000] {manager.py:887} INFO - 
================================================================================
DAG File Processing Stats

File Path                            PID  Runtime      # DAGs    # Errors  Last Runtime    Last Run
---------------------------------  -----  ---------  --------  ----------  --------------  -------------------
/opt/airflow/dags/my_first_dag.py   6354  0.00s             1           0  0.08s           2026-03-14T04:19:20
================================================================================
[2026-03-14T04:20:21.157+0000] {manager.py:887} INFO - 
================================================================================
DAG File Processing Stats

File Path                            PID  Runtime      # DAGs    # Errors  Last Runtime    Last Run
---------------------------------  -----  ---------  --------  ----------  --------------  -------------------
/opt/airflow/dags/my_first_dag.py   6366  0.00s             1           0  0.08s           2026-03-14T04:19:50
================================================================================
[2026-03-14T04:20:51.396+0000] {manager.py:887} INFO - 
================================================================================
DAG File Processing Stats

File Path                            PID  Runtime      # DAGs    # Errors  Last Runtime    Last Run
---------------------------------  -----  ---------  --------  ----------  --------------  -------------------
/opt/airflow/dags/my_first_dag.py   6378  0.01s             1           0  0.08s           2026-03-14T04:20:21
================================================================================
[2026-03-14T04:21:21.624+0000] {manager.py:887} INFO - 
================================================================================
DAG File Processing Stats

File Path                            PID  Runtime      # DAGs    # Errors  Last Runtime    Last Run
---------------------------------  -----  ---------  --------  ----------  --------------  -------------------
/opt/airflow/dags/my_first_dag.py   6390  0.00s             1           0  0.09s           2026-03-14T04:20:51
================================================================================
[2026-03-14T04:21:51.852+0000] {manager.py:887} INFO - 
================================================================================
DAG File Processing Stats

File Path                            PID  Runtime      # DAGs    # Errors  Last Runtime    Last Run
---------------------------------  -----  ---------  --------  ----------  --------------  -------------------
/opt/airflow/dags/my_first_dag.py   6402  0.00s             1           0  0.10s           2026-03-14T04:21:21
================================================================================
[2026-03-14T04:22:22.077+0000] {manager.py:887} INFO - 
================================================================================
DAG File Processing Stats

File Path                            PID  Runtime      # DAGs    # Errors  Last Runtime    Last Run
---------------------------------  -----  ---------  --------  ----------  --------------  -------------------
/opt/airflow/dags/my_first_dag.py   6414  0.00s             1           0  0.09s           2026-03-14T04:21:51
================================================================================
[2026-03-14T04:22:49.287+0000] {manager.py:755} INFO - Searching for files in /opt/airflow/dags
[2026-03-14T04:22:49.288+0000] {manager.py:758} INFO - There are 1 files in /opt/airflow/dags
[2026-03-14T04:22:52.311+0000] {manager.py:887} INFO - 
================================================================================
DAG File Processing Stats

File Path                            PID  Runtime      # DAGs    # Errors  Last Runtime    Last Run
---------------------------------  -----  ---------  --------  ----------  --------------  -------------------
/opt/airflow/dags/my_first_dag.py   6426  0.00s             1           0  0.09s           2026-03-14T04:22:22
================================================================================
[2026-03-14T04:23:22.555+0000] {manager.py:887} INFO - 
================================================================================
DAG File Processing Stats

File Path                            PID  Runtime      # DAGs    # Errors  Last Runtime    Last Run
---------------------------------  -----  ---------  --------  ----------  --------------  -------------------
/opt/airflow/dags/my_first_dag.py   6438  0.00s             1           0  0.08s           2026-03-14T04:22:52
================================================================================
[2026-03-14T04:23:52.806+0000] {manager.py:887} INFO - 
================================================================================
DAG File Processing Stats

File Path                            PID  Runtime      # DAGs    # Errors  Last Runtime    Last Run
---------------------------------  -----  ---------  --------  ----------  --------------  -------------------
/opt/airflow/dags/my_first_dag.py   6450  0.01s             1           0  0.08s           2026-03-14T04:23:22
================================================================================
[2026-03-14T04:24:23.055+0000] {manager.py:887} INFO - 
================================================================================
DAG File Processing Stats

File Path                            PID  Runtime      # DAGs    # Errors  Last Runtime    Last Run
---------------------------------  -----  ---------  --------  ----------  --------------  -------------------
/opt/airflow/dags/my_first_dag.py   6462  0.00s             1           0  0.09s           2026-03-14T04:23:52
================================================================================
[2026-03-14T04:24:53.292+0000] {manager.py:887} INFO - 
================================================================================
DAG File Processing Stats

File Path                            PID  Runtime      # DAGs    # Errors  Last Runtime    Last Run
---------------------------------  -----  ---------  --------  ----------  --------------  -------------------
/opt/airflow/dags/my_first_dag.py   6474  0.00s             1           0  0.08s           2026-03-14T04:24:23
================================================================================
[2026-03-14T04:25:23.519+0000] {manager.py:887} INFO - 
================================================================================
DAG File Processing Stats

File Path                            PID  Runtime      # DAGs    # Errors  Last Runtime    Last Run
---------------------------------  -----  ---------  --------  ----------  --------------  -------------------
/opt/airflow/dags/my_first_dag.py   6485  0.00s             1           0  0.09s           2026-03-14T04:24:53
================================================================================
[2026-03-14T04:25:53.735+0000] {manager.py:887} INFO - 
================================================================================
DAG File Processing Stats

File Path                            PID  Runtime      # DAGs    # Errors  Last Runtime    Last Run
---------------------------------  -----  ---------  --------  ----------  --------------  -------------------
/opt/airflow/dags/my_first_dag.py   6498  0.00s             1           0  0.10s           2026-03-14T04:25:23
================================================================================
[2026-03-14T04:26:23.958+0000] {manager.py:887} INFO - 
================================================================================
DAG File Processing Stats

File Path                            PID  Runtime      # DAGs    # Errors  Last Runtime    Last Run
---------------------------------  -----  ---------  --------  ----------  --------------  -------------------
/opt/airflow/dags/my_first_dag.py   6510  0.00s             1           0  0.09s           2026-03-14T04:25:53
================================================================================
[2026-03-14T04:26:54.192+0000] {manager.py:887} INFO - 
================================================================================
DAG File Processing Stats

File Path                            PID  Runtime      # DAGs    # Errors  Last Runtime    Last Run
---------------------------------  -----  ---------  --------  ----------  --------------  -------------------
/opt/airflow/dags/my_first_dag.py   6522  0.00s             1           0  0.09s           2026-03-14T04:26:24
================================================================================
[2026-03-14T04:27:24.451+0000] {manager.py:887} INFO - 
================================================================================
DAG File Processing Stats

File Path                            PID  Runtime      # DAGs    # Errors  Last Runtime    Last Run
---------------------------------  -----  ---------  --------  ----------  --------------  -------------------
/opt/airflow/dags/my_first_dag.py   6534  0.01s             1           0  0.08s           2026-03-14T04:26:54
================================================================================
[2026-03-14T04:27:49.654+0000] {manager.py:755} INFO - Searching for files in /opt/airflow/dags
[2026-03-14T04:27:49.654+0000] {manager.py:758} INFO - There are 1 files in /opt/airflow/dags
[2026-03-14T04:27:54.688+0000] {manager.py:887} INFO - 
================================================================================
DAG File Processing Stats

File Path                            PID  Runtime      # DAGs    # Errors  Last Runtime    Last Run
---------------------------------  -----  ---------  --------  ----------  --------------  -------------------
/opt/airflow/dags/my_first_dag.py   6546  0.00s             1           0  0.09s           2026-03-14T04:27:24
================================================================================
[2026-03-14T04:28:24.959+0000] {manager.py:887} INFO - 
================================================================================
DAG File Processing Stats

File Path                            PID  Runtime      # DAGs    # Errors  Last Runtime    Last Run
---------------------------------  -----  ---------  --------  ----------  --------------  -------------------
/opt/airflow/dags/my_first_dag.py   6558  0.00s             1           0  0.08s           2026-03-14T04:27:54
================================================================================
[2026-03-14T04:28:55.217+0000] {manager.py:887} INFO - 
================================================================================
DAG File Processing Stats

File Path                            PID  Runtime      # DAGs    # Errors  Last Runtime    Last Run
---------------------------------  -----  ---------  --------  ----------  --------------  -------------------
/opt/airflow/dags/my_first_dag.py   6570  0.01s             1           0  0.08s           2026-03-14T04:28:25
================================================================================
[2026-03-14T04:29:25.458+0000] {manager.py:887} INFO - 
================================================================================
DAG File Processing Stats

File Path                            PID  Runtime      # DAGs    # Errors  Last Runtime    Last Run
---------------------------------  -----  ---------  --------  ----------  --------------  -------------------
/opt/airflow/dags/my_first_dag.py   6582  0.00s             1           0  0.10s           2026-03-14T04:28:55
================================================================================
[2026-03-14T04:29:55.701+0000] {manager.py:887} INFO - 
================================================================================
DAG File Processing Stats

File Path                            PID  Runtime      # DAGs    # Errors  Last Runtime    Last Run
---------------------------------  -----  ---------  --------  ----------  --------------  -------------------
/opt/airflow/dags/my_first_dag.py   6594  0.00s             1           0  0.09s           2026-03-14T04:29:25
================================================================================
[2026-03-14T04:30:25.907+0000] {manager.py:887} INFO - 
================================================================================
DAG File Processing Stats

File Path                            PID  Runtime      # DAGs    # Errors  Last Runtime    Last Run
---------------------------------  -----  ---------  --------  ----------  --------------  -------------------
/opt/airflow/dags/my_first_dag.py   6606  0.00s             1           0  0.09s           2026-03-14T04:29:55
================================================================================
[2026-03-14T04:30:56.148+0000] {manager.py:887} INFO - 
================================================================================
DAG File Processing Stats

File Path                            PID  Runtime      # DAGs    # Errors  Last Runtime    Last Run
---------------------------------  -----  ---------  --------  ----------  --------------  -------------------
/opt/airflow/dags/my_first_dag.py   6618  0.00s             1           0  0.11s           2026-03-14T04:30:26
================================================================================
[2026-03-14T04:31:26.377+0000] {manager.py:887} INFO - 
================================================================================
DAG File Processing Stats

File Path                            PID  Runtime      # DAGs    # Errors  Last Runtime    Last Run
---------------------------------  -----  ---------  --------  ----------  --------------  -------------------
/opt/airflow/dags/my_first_dag.py   6630  0.00s             1           0  0.09s           2026-03-14T04:30:56
================================================================================
[2026-03-14T04:31:56.624+0000] {manager.py:887} INFO - 
================================================================================
DAG File Processing Stats

File Path                            PID  Runtime      # DAGs    # Errors  Last Runtime    Last Run
---------------------------------  -----  ---------  --------  ----------  --------------  -------------------
/opt/airflow/dags/my_first_dag.py   6642  0.00s             1           0  0.08s           2026-03-14T04:31:26
================================================================================
[2026-03-14T04:32:26.837+0000] {manager.py:887} INFO - 
================================================================================
DAG File Processing Stats

File Path                            PID  Runtime      # DAGs    # Errors  Last Runtime    Last Run
---------------------------------  -----  ---------  --------  ----------  --------------  -------------------
/opt/airflow/dags/my_first_dag.py   6654  0.00s             1           0  0.08s           2026-03-14T04:31:56
================================================================================
[2026-03-14T04:32:50.113+0000] {manager.py:755} INFO - Searching for files in /opt/airflow/dags
[2026-03-14T04:32:50.119+0000] {manager.py:758} INFO - There are 1 files in /opt/airflow/dags
[2026-03-14T04:32:57.178+0000] {manager.py:887} INFO - 
================================================================================
DAG File Processing Stats

File Path                            PID  Runtime      # DAGs    # Errors  Last Runtime    Last Run
---------------------------------  -----  ---------  --------  ----------  --------------  -------------------
/opt/airflow/dags/my_first_dag.py   6666  0.00s             1           0  0.09s           2026-03-14T04:32:26
================================================================================
[2026-03-14T04:33:27.386+0000] {manager.py:887} INFO - 
================================================================================
DAG File Processing Stats

File Path                            PID  Runtime      # DAGs    # Errors  Last Runtime    Last Run
---------------------------------  -----  ---------  --------  ----------  --------------  -------------------
/opt/airflow/dags/my_first_dag.py   6678  0.00s             1           0  0.09s           2026-03-14T04:32:57
================================================================================
[2026-03-14T04:33:57.631+0000] {manager.py:887} INFO - 
================================================================================
DAG File Processing Stats

File Path                            PID  Runtime      # DAGs    # Errors  Last Runtime    Last Run
---------------------------------  -----  ---------  --------  ----------  --------------  -------------------
/opt/airflow/dags/my_first_dag.py   6691  0.00s             1           0  0.11s           2026-03-14T04:33:27
================================================================================
[2026-03-14T04:34:27.860+0000] {manager.py:887} INFO - 
================================================================================
DAG File Processing Stats

File Path                            PID  Runtime      # DAGs    # Errors  Last Runtime    Last Run
---------------------------------  -----  ---------  --------  ----------  --------------  -------------------
/opt/airflow/dags/my_first_dag.py   6703  0.00s             1           0  0.10s           2026-03-14T04:33:57
================================================================================
[2026-03-14T04:34:58.092+0000] {manager.py:887} INFO - 
================================================================================
DAG File Processing Stats

File Path                            PID  Runtime      # DAGs    # Errors  Last Runtime    Last Run
---------------------------------  -----  ---------  --------  ----------  --------------  -------------------
/opt/airflow/dags/my_first_dag.py   6715  0.00s             1           0  0.10s           2026-03-14T04:34:27
================================================================================
[2026-03-14T04:35:28.310+0000] {manager.py:887} INFO - 
================================================================================
DAG File Processing Stats

File Path                            PID  Runtime      # DAGs    # Errors  Last Runtime    Last Run
---------------------------------  -----  ---------  --------  ----------  --------------  -------------------
/opt/airflow/dags/my_first_dag.py   6727  0.00s             1           0  0.08s           2026-03-14T04:34:58
================================================================================
[2026-03-14T04:35:58.528+0000] {manager.py:887} INFO - 
================================================================================
DAG File Processing Stats

File Path                            PID  Runtime      # DAGs    # Errors  Last Runtime    Last Run
---------------------------------  -----  ---------  --------  ----------  --------------  -------------------
/opt/airflow/dags/my_first_dag.py   6740  0.00s             1           0  0.09s           2026-03-14T04:35:28
================================================================================
[2026-03-14T04:36:28.744+0000] {manager.py:887} INFO - 
================================================================================
DAG File Processing Stats

File Path                            PID  Runtime      # DAGs    # Errors  Last Runtime    Last Run
---------------------------------  -----  ---------  --------  ----------  --------------  -------------------
/opt/airflow/dags/my_first_dag.py   6752  0.00s             1           0  0.08s           2026-03-14T04:35:58
================================================================================
[2026-03-14T04:36:59.003+0000] {manager.py:887} INFO - 
================================================================================
DAG File Processing Stats

File Path                            PID  Runtime      # DAGs    # Errors  Last Runtime    Last Run
---------------------------------  -----  ---------  --------  ----------  --------------  -------------------
/opt/airflow/dags/my_first_dag.py   6764  0.00s             1           0  0.08s           2026-03-14T04:36:28
================================================================================
[2026-03-14T04:37:29.222+0000] {manager.py:887} INFO - 
================================================================================
DAG File Processing Stats

File Path                            PID  Runtime      # DAGs    # Errors  Last Runtime    Last Run
---------------------------------  -----  ---------  --------  ----------  --------------  -------------------
/opt/airflow/dags/my_first_dag.py   6776  0.00s             1           0  0.08s           2026-03-14T04:36:59
================================================================================
[2026-03-14T04:37:50.426+0000] {manager.py:755} INFO - Searching for files in /opt/airflow/dags
[2026-03-14T04:37:50.427+0000] {manager.py:758} INFO - There are 1 files in /opt/airflow/dags
[2026-03-14T04:37:59.484+0000] {manager.py:887} INFO - 
================================================================================
DAG File Processing Stats

File Path                            PID  Runtime      # DAGs    # Errors  Last Runtime    Last Run
---------------------------------  -----  ---------  --------  ----------  --------------  -------------------
/opt/airflow/dags/my_first_dag.py   6788  0.00s             1           0  0.09s           2026-03-14T04:37:29
================================================================================
[2026-03-14T04:38:29.686+0000] {manager.py:887} INFO - 
================================================================================
DAG File Processing Stats

File Path                            PID  Runtime      # DAGs    # Errors  Last Runtime    Last Run
---------------------------------  -----  ---------  --------  ----------  --------------  -------------------
/opt/airflow/dags/my_first_dag.py   6800  0.00s             1           0  0.10s           2026-03-14T04:37:59
================================================================================
[2026-03-14T04:38:59.976+0000] {manager.py:887} INFO - 
================================================================================
DAG File Processing Stats

File Path                            PID  Runtime      # DAGs    # Errors  Last Runtime    Last Run
---------------------------------  -----  ---------  --------  ----------  --------------  -------------------
/opt/airflow/dags/my_first_dag.py   6812  0.01s             1           0  0.10s           2026-03-14T04:38:29
================================================================================
[2026-03-14T04:39:30.190+0000] {manager.py:887} INFO - 
================================================================================
DAG File Processing Stats

File Path                            PID  Runtime      # DAGs    # Errors  Last Runtime    Last Run
---------------------------------  -----  ---------  --------  ----------  --------------  -------------------
/opt/airflow/dags/my_first_dag.py   6824  0.00s             1           0  0.09s           2026-03-14T04:39:00
================================================================================
[2026-03-14T04:40:00.468+0000] {manager.py:887} INFO - 
================================================================================
DAG File Processing Stats

File Path                            PID  Runtime      # DAGs    # Errors  Last Runtime    Last Run
---------------------------------  -----  ---------  --------  ----------  --------------  -------------------
/opt/airflow/dags/my_first_dag.py   6836  0.00s             1           0  0.08s           2026-03-14T04:39:30
================================================================================
[2026-03-14T04:40:30.674+0000] {manager.py:887} INFO - 
================================================================================
DAG File Processing Stats

File Path                            PID  Runtime      # DAGs    # Errors  Last Runtime    Last Run
---------------------------------  -----  ---------  --------  ----------  --------------  -------------------
/opt/airflow/dags/my_first_dag.py   6848  0.00s             1           0  0.08s           2026-03-14T04:40:00
================================================================================
[2026-03-14T04:41:00.923+0000] {manager.py:887} INFO - 
================================================================================
DAG File Processing Stats

File Path                            PID  Runtime      # DAGs    # Errors  Last Runtime    Last Run
---------------------------------  -----  ---------  --------  ----------  --------------  -------------------
/opt/airflow/dags/my_first_dag.py   6860  0.00s             1           0  0.08s           2026-03-14T04:40:30
================================================================================
[2026-03-14T04:41:31.155+0000] {manager.py:887} INFO - 
================================================================================
DAG File Processing Stats

File Path                            PID  Runtime      # DAGs    # Errors  Last Runtime    Last Run
---------------------------------  -----  ---------  --------  ----------  --------------  -------------------
/opt/airflow/dags/my_first_dag.py   6872  0.00s             1           0  0.08s           2026-03-14T04:41:00
================================================================================
[2026-03-14T04:42:01.390+0000] {manager.py:887} INFO - 
================================================================================
DAG File Processing Stats

File Path                            PID  Runtime      # DAGs    # Errors  Last Runtime    Last Run
---------------------------------  -----  ---------  --------  ----------  --------------  -------------------
/opt/airflow/dags/my_first_dag.py   6884  0.00s             1           0  0.09s           2026-03-14T04:41:31
================================================================================
[2026-03-14T04:42:31.617+0000] {manager.py:887} INFO - 
================================================================================
DAG File Processing Stats

File Path                            PID  Runtime      # DAGs    # Errors  Last Runtime    Last Run
---------------------------------  -----  ---------  --------  ----------  --------------  -------------------
/opt/airflow/dags/my_first_dag.py   6896  0.00s             1           0  0.09s           2026-03-14T04:42:01
================================================================================
[2026-03-14T04:42:34.864+0000] {manager.py:469} INFO - Exiting gracefully upon receiving signal 15
