[2026-03-14T18:26:17.257+0000] {processor.py:157} INFO - Started process (PID=344) to work on /opt/airflow/dags/connections_dag.py
[2026-03-14T18:26:17.258+0000] {processor.py:829} INFO - Processing file /opt/airflow/dags/connections_dag.py for tasks to queue
[2026-03-14T18:26:17.259+0000] {logging_mixin.py:154} INFO - [2026-03-14T18:26:17.258+0000] {dagbag.py:536} INFO - Filling up the DagBag from /opt/airflow/dags/connections_dag.py
[2026-03-14T18:26:17.268+0000] {processor.py:839} INFO - DAG(s) dict_keys(['connections_exercise']) retrieved from /opt/airflow/dags/connections_dag.py
[2026-03-14T18:26:17.362+0000] {logging_mixin.py:154} INFO - [2026-03-14T18:26:17.362+0000] {manager.py:499} INFO - Created Permission View: %s
[2026-03-14T18:26:17.371+0000] {logging_mixin.py:154} INFO - [2026-03-14T18:26:17.371+0000] {manager.py:499} INFO - Created Permission View: %s
[2026-03-14T18:26:17.378+0000] {logging_mixin.py:154} INFO - [2026-03-14T18:26:17.378+0000] {manager.py:499} INFO - Created Permission View: %s
[2026-03-14T18:26:17.378+0000] {logging_mixin.py:154} INFO - [2026-03-14T18:26:17.378+0000] {dag.py:2941} INFO - Sync 1 DAGs
[2026-03-14T18:26:17.388+0000] {logging_mixin.py:154} INFO - [2026-03-14T18:26:17.388+0000] {dag.py:2963} INFO - Creating ORM DAG for connections_exercise
[2026-03-14T18:26:17.388+0000] {logging_mixin.py:154} INFO - [2026-03-14T18:26:17.388+0000] {dag.py:3722} INFO - Setting next_dagrun for connections_exercise to None, run_after=None
[2026-03-14T18:26:17.407+0000] {processor.py:179} INFO - Processing /opt/airflow/dags/connections_dag.py took 0.153 seconds
[2026-03-14T18:26:47.815+0000] {processor.py:157} INFO - Started process (PID=361) to work on /opt/airflow/dags/connections_dag.py
[2026-03-14T18:26:47.816+0000] {processor.py:829} INFO - Processing file /opt/airflow/dags/connections_dag.py for tasks to queue
[2026-03-14T18:26:47.817+0000] {logging_mixin.py:154} INFO - [2026-03-14T18:26:47.816+0000] {dagbag.py:536} INFO - Filling up the DagBag from /opt/airflow/dags/connections_dag.py
[2026-03-14T18:26:47.824+0000] {processor.py:839} INFO - DAG(s) dict_keys(['connections_exercise']) retrieved from /opt/airflow/dags/connections_dag.py
[2026-03-14T18:26:47.850+0000] {logging_mixin.py:154} INFO - [2026-03-14T18:26:47.850+0000] {dag.py:2941} INFO - Sync 1 DAGs
[2026-03-14T18:26:47.860+0000] {logging_mixin.py:154} INFO - [2026-03-14T18:26:47.860+0000] {dag.py:3722} INFO - Setting next_dagrun for connections_exercise to None, run_after=None
[2026-03-14T18:26:47.877+0000] {processor.py:179} INFO - Processing /opt/airflow/dags/connections_dag.py took 0.065 seconds
[2026-03-14T18:27:18.414+0000] {processor.py:157} INFO - Started process (PID=378) to work on /opt/airflow/dags/connections_dag.py
[2026-03-14T18:27:18.415+0000] {processor.py:829} INFO - Processing file /opt/airflow/dags/connections_dag.py for tasks to queue
[2026-03-14T18:27:18.416+0000] {logging_mixin.py:154} INFO - [2026-03-14T18:27:18.415+0000] {dagbag.py:536} INFO - Filling up the DagBag from /opt/airflow/dags/connections_dag.py
[2026-03-14T18:27:18.424+0000] {processor.py:839} INFO - DAG(s) dict_keys(['connections_exercise']) retrieved from /opt/airflow/dags/connections_dag.py
[2026-03-14T18:27:18.446+0000] {logging_mixin.py:154} INFO - [2026-03-14T18:27:18.446+0000] {dag.py:2941} INFO - Sync 1 DAGs
[2026-03-14T18:27:18.458+0000] {logging_mixin.py:154} INFO - [2026-03-14T18:27:18.458+0000] {dag.py:3722} INFO - Setting next_dagrun for connections_exercise to None, run_after=None
[2026-03-14T18:27:18.474+0000] {processor.py:179} INFO - Processing /opt/airflow/dags/connections_dag.py took 0.063 seconds
[2026-03-14T18:27:49.107+0000] {processor.py:157} INFO - Started process (PID=395) to work on /opt/airflow/dags/connections_dag.py
[2026-03-14T18:27:49.108+0000] {processor.py:829} INFO - Processing file /opt/airflow/dags/connections_dag.py for tasks to queue
[2026-03-14T18:27:49.109+0000] {logging_mixin.py:154} INFO - [2026-03-14T18:27:49.109+0000] {dagbag.py:536} INFO - Filling up the DagBag from /opt/airflow/dags/connections_dag.py
[2026-03-14T18:27:49.119+0000] {processor.py:839} INFO - DAG(s) dict_keys(['connections_exercise']) retrieved from /opt/airflow/dags/connections_dag.py
[2026-03-14T18:27:49.141+0000] {logging_mixin.py:154} INFO - [2026-03-14T18:27:49.141+0000] {dag.py:2941} INFO - Sync 1 DAGs
[2026-03-14T18:27:49.152+0000] {logging_mixin.py:154} INFO - [2026-03-14T18:27:49.152+0000] {dag.py:3722} INFO - Setting next_dagrun for connections_exercise to None, run_after=None
[2026-03-14T18:27:49.168+0000] {processor.py:179} INFO - Processing /opt/airflow/dags/connections_dag.py took 0.066 seconds
[2026-03-14T18:28:19.639+0000] {processor.py:157} INFO - Started process (PID=412) to work on /opt/airflow/dags/connections_dag.py
[2026-03-14T18:28:19.640+0000] {processor.py:829} INFO - Processing file /opt/airflow/dags/connections_dag.py for tasks to queue
[2026-03-14T18:28:19.641+0000] {logging_mixin.py:154} INFO - [2026-03-14T18:28:19.640+0000] {dagbag.py:536} INFO - Filling up the DagBag from /opt/airflow/dags/connections_dag.py
[2026-03-14T18:28:19.648+0000] {processor.py:839} INFO - DAG(s) dict_keys(['connections_exercise']) retrieved from /opt/airflow/dags/connections_dag.py
[2026-03-14T18:28:19.670+0000] {logging_mixin.py:154} INFO - [2026-03-14T18:28:19.670+0000] {dag.py:2941} INFO - Sync 1 DAGs
[2026-03-14T18:28:19.680+0000] {logging_mixin.py:154} INFO - [2026-03-14T18:28:19.680+0000] {dag.py:3722} INFO - Setting next_dagrun for connections_exercise to None, run_after=None
[2026-03-14T18:28:19.695+0000] {processor.py:179} INFO - Processing /opt/airflow/dags/connections_dag.py took 0.059 seconds
[2026-03-14T18:28:50.296+0000] {processor.py:157} INFO - Started process (PID=429) to work on /opt/airflow/dags/connections_dag.py
[2026-03-14T18:28:50.297+0000] {processor.py:829} INFO - Processing file /opt/airflow/dags/connections_dag.py for tasks to queue
[2026-03-14T18:28:50.298+0000] {logging_mixin.py:154} INFO - [2026-03-14T18:28:50.297+0000] {dagbag.py:536} INFO - Filling up the DagBag from /opt/airflow/dags/connections_dag.py
[2026-03-14T18:28:50.305+0000] {processor.py:839} INFO - DAG(s) dict_keys(['connections_exercise']) retrieved from /opt/airflow/dags/connections_dag.py
[2026-03-14T18:28:50.327+0000] {logging_mixin.py:154} INFO - [2026-03-14T18:28:50.327+0000] {dag.py:2941} INFO - Sync 1 DAGs
[2026-03-14T18:28:50.337+0000] {logging_mixin.py:154} INFO - [2026-03-14T18:28:50.337+0000] {dag.py:3722} INFO - Setting next_dagrun for connections_exercise to None, run_after=None
[2026-03-14T18:28:50.352+0000] {processor.py:179} INFO - Processing /opt/airflow/dags/connections_dag.py took 0.059 seconds
[2026-03-14T18:29:20.949+0000] {processor.py:157} INFO - Started process (PID=446) to work on /opt/airflow/dags/connections_dag.py
[2026-03-14T18:29:20.950+0000] {processor.py:829} INFO - Processing file /opt/airflow/dags/connections_dag.py for tasks to queue
[2026-03-14T18:29:20.951+0000] {logging_mixin.py:154} INFO - [2026-03-14T18:29:20.951+0000] {dagbag.py:536} INFO - Filling up the DagBag from /opt/airflow/dags/connections_dag.py
[2026-03-14T18:29:20.962+0000] {processor.py:839} INFO - DAG(s) dict_keys(['connections_exercise']) retrieved from /opt/airflow/dags/connections_dag.py
[2026-03-14T18:29:20.987+0000] {logging_mixin.py:154} INFO - [2026-03-14T18:29:20.986+0000] {dag.py:2941} INFO - Sync 1 DAGs
[2026-03-14T18:29:20.997+0000] {logging_mixin.py:154} INFO - [2026-03-14T18:29:20.997+0000] {dag.py:3722} INFO - Setting next_dagrun for connections_exercise to None, run_after=None
[2026-03-14T18:29:21.018+0000] {processor.py:179} INFO - Processing /opt/airflow/dags/connections_dag.py took 0.073 seconds
[2026-03-14T18:29:51.142+0000] {processor.py:157} INFO - Started process (PID=463) to work on /opt/airflow/dags/connections_dag.py
[2026-03-14T18:29:51.143+0000] {processor.py:829} INFO - Processing file /opt/airflow/dags/connections_dag.py for tasks to queue
[2026-03-14T18:29:51.144+0000] {logging_mixin.py:154} INFO - [2026-03-14T18:29:51.144+0000] {dagbag.py:536} INFO - Filling up the DagBag from /opt/airflow/dags/connections_dag.py
[2026-03-14T18:29:51.152+0000] {processor.py:839} INFO - DAG(s) dict_keys(['connections_exercise']) retrieved from /opt/airflow/dags/connections_dag.py
[2026-03-14T18:29:51.174+0000] {logging_mixin.py:154} INFO - [2026-03-14T18:29:51.173+0000] {dag.py:2941} INFO - Sync 1 DAGs
[2026-03-14T18:29:51.184+0000] {logging_mixin.py:154} INFO - [2026-03-14T18:29:51.184+0000] {dag.py:3722} INFO - Setting next_dagrun for connections_exercise to None, run_after=None
[2026-03-14T18:29:51.200+0000] {processor.py:179} INFO - Processing /opt/airflow/dags/connections_dag.py took 0.060 seconds
[2026-03-14T18:30:21.690+0000] {processor.py:157} INFO - Started process (PID=480) to work on /opt/airflow/dags/connections_dag.py
[2026-03-14T18:30:21.691+0000] {processor.py:829} INFO - Processing file /opt/airflow/dags/connections_dag.py for tasks to queue
[2026-03-14T18:30:21.691+0000] {logging_mixin.py:154} INFO - [2026-03-14T18:30:21.691+0000] {dagbag.py:536} INFO - Filling up the DagBag from /opt/airflow/dags/connections_dag.py
[2026-03-14T18:30:21.699+0000] {processor.py:839} INFO - DAG(s) dict_keys(['connections_exercise']) retrieved from /opt/airflow/dags/connections_dag.py
[2026-03-14T18:30:21.719+0000] {logging_mixin.py:154} INFO - [2026-03-14T18:30:21.718+0000] {dag.py:2941} INFO - Sync 1 DAGs
[2026-03-14T18:30:21.729+0000] {logging_mixin.py:154} INFO - [2026-03-14T18:30:21.728+0000] {dag.py:3722} INFO - Setting next_dagrun for connections_exercise to None, run_after=None
[2026-03-14T18:30:21.744+0000] {processor.py:179} INFO - Processing /opt/airflow/dags/connections_dag.py took 0.056 seconds
[2026-03-14T18:30:52.329+0000] {processor.py:157} INFO - Started process (PID=503) to work on /opt/airflow/dags/connections_dag.py
[2026-03-14T18:30:52.330+0000] {processor.py:829} INFO - Processing file /opt/airflow/dags/connections_dag.py for tasks to queue
[2026-03-14T18:30:52.331+0000] {logging_mixin.py:154} INFO - [2026-03-14T18:30:52.331+0000] {dagbag.py:536} INFO - Filling up the DagBag from /opt/airflow/dags/connections_dag.py
[2026-03-14T18:30:52.339+0000] {processor.py:839} INFO - DAG(s) dict_keys(['connections_exercise']) retrieved from /opt/airflow/dags/connections_dag.py
[2026-03-14T18:30:52.362+0000] {logging_mixin.py:154} INFO - [2026-03-14T18:30:52.361+0000] {dag.py:2941} INFO - Sync 1 DAGs
[2026-03-14T18:30:52.372+0000] {logging_mixin.py:154} INFO - [2026-03-14T18:30:52.372+0000] {dag.py:3722} INFO - Setting next_dagrun for connections_exercise to None, run_after=None
[2026-03-14T18:30:52.388+0000] {processor.py:179} INFO - Processing /opt/airflow/dags/connections_dag.py took 0.062 seconds
[2026-03-14T18:31:22.881+0000] {processor.py:157} INFO - Started process (PID=520) to work on /opt/airflow/dags/connections_dag.py
[2026-03-14T18:31:22.881+0000] {processor.py:829} INFO - Processing file /opt/airflow/dags/connections_dag.py for tasks to queue
[2026-03-14T18:31:22.882+0000] {logging_mixin.py:154} INFO - [2026-03-14T18:31:22.882+0000] {dagbag.py:536} INFO - Filling up the DagBag from /opt/airflow/dags/connections_dag.py
[2026-03-14T18:31:22.891+0000] {processor.py:839} INFO - DAG(s) dict_keys(['connections_exercise']) retrieved from /opt/airflow/dags/connections_dag.py
[2026-03-14T18:31:22.915+0000] {logging_mixin.py:154} INFO - [2026-03-14T18:31:22.914+0000] {dag.py:2941} INFO - Sync 1 DAGs
[2026-03-14T18:31:22.925+0000] {logging_mixin.py:154} INFO - [2026-03-14T18:31:22.925+0000] {dag.py:3722} INFO - Setting next_dagrun for connections_exercise to None, run_after=None
[2026-03-14T18:31:22.942+0000] {processor.py:179} INFO - Processing /opt/airflow/dags/connections_dag.py took 0.064 seconds
[2026-03-14T18:31:53.434+0000] {processor.py:157} INFO - Started process (PID=537) to work on /opt/airflow/dags/connections_dag.py
[2026-03-14T18:31:53.436+0000] {processor.py:829} INFO - Processing file /opt/airflow/dags/connections_dag.py for tasks to queue
[2026-03-14T18:31:53.437+0000] {logging_mixin.py:154} INFO - [2026-03-14T18:31:53.436+0000] {dagbag.py:536} INFO - Filling up the DagBag from /opt/airflow/dags/connections_dag.py
[2026-03-14T18:31:53.445+0000] {processor.py:839} INFO - DAG(s) dict_keys(['connections_exercise']) retrieved from /opt/airflow/dags/connections_dag.py
[2026-03-14T18:31:53.468+0000] {logging_mixin.py:154} INFO - [2026-03-14T18:31:53.468+0000] {dag.py:2941} INFO - Sync 1 DAGs
[2026-03-14T18:31:53.479+0000] {logging_mixin.py:154} INFO - [2026-03-14T18:31:53.479+0000] {dag.py:3722} INFO - Setting next_dagrun for connections_exercise to None, run_after=None
[2026-03-14T18:31:53.496+0000] {processor.py:179} INFO - Processing /opt/airflow/dags/connections_dag.py took 0.066 seconds
[2026-03-14T18:32:23.984+0000] {processor.py:157} INFO - Started process (PID=554) to work on /opt/airflow/dags/connections_dag.py
[2026-03-14T18:32:23.985+0000] {processor.py:829} INFO - Processing file /opt/airflow/dags/connections_dag.py for tasks to queue
[2026-03-14T18:32:23.986+0000] {logging_mixin.py:154} INFO - [2026-03-14T18:32:23.986+0000] {dagbag.py:536} INFO - Filling up the DagBag from /opt/airflow/dags/connections_dag.py
[2026-03-14T18:32:23.994+0000] {processor.py:839} INFO - DAG(s) dict_keys(['connections_exercise']) retrieved from /opt/airflow/dags/connections_dag.py
[2026-03-14T18:32:24.016+0000] {logging_mixin.py:154} INFO - [2026-03-14T18:32:24.015+0000] {dag.py:2941} INFO - Sync 1 DAGs
[2026-03-14T18:32:24.025+0000] {logging_mixin.py:154} INFO - [2026-03-14T18:32:24.025+0000] {dag.py:3722} INFO - Setting next_dagrun for connections_exercise to None, run_after=None
[2026-03-14T18:32:24.042+0000] {processor.py:179} INFO - Processing /opt/airflow/dags/connections_dag.py took 0.060 seconds
[2026-03-14T18:32:54.577+0000] {processor.py:157} INFO - Started process (PID=571) to work on /opt/airflow/dags/connections_dag.py
[2026-03-14T18:32:54.578+0000] {processor.py:829} INFO - Processing file /opt/airflow/dags/connections_dag.py for tasks to queue
[2026-03-14T18:32:54.578+0000] {logging_mixin.py:154} INFO - [2026-03-14T18:32:54.578+0000] {dagbag.py:536} INFO - Filling up the DagBag from /opt/airflow/dags/connections_dag.py
[2026-03-14T18:32:54.586+0000] {processor.py:839} INFO - DAG(s) dict_keys(['connections_exercise']) retrieved from /opt/airflow/dags/connections_dag.py
[2026-03-14T18:32:54.611+0000] {logging_mixin.py:154} INFO - [2026-03-14T18:32:54.611+0000] {dag.py:2941} INFO - Sync 1 DAGs
[2026-03-14T18:32:54.622+0000] {logging_mixin.py:154} INFO - [2026-03-14T18:32:54.622+0000] {dag.py:3722} INFO - Setting next_dagrun for connections_exercise to None, run_after=None
[2026-03-14T18:32:54.639+0000] {processor.py:179} INFO - Processing /opt/airflow/dags/connections_dag.py took 0.065 seconds
[2026-03-14T18:33:25.139+0000] {processor.py:157} INFO - Started process (PID=589) to work on /opt/airflow/dags/connections_dag.py
[2026-03-14T18:33:25.140+0000] {processor.py:829} INFO - Processing file /opt/airflow/dags/connections_dag.py for tasks to queue
[2026-03-14T18:33:25.141+0000] {logging_mixin.py:154} INFO - [2026-03-14T18:33:25.140+0000] {dagbag.py:536} INFO - Filling up the DagBag from /opt/airflow/dags/connections_dag.py
[2026-03-14T18:33:25.148+0000] {processor.py:839} INFO - DAG(s) dict_keys(['connections_exercise']) retrieved from /opt/airflow/dags/connections_dag.py
[2026-03-14T18:33:25.170+0000] {logging_mixin.py:154} INFO - [2026-03-14T18:33:25.170+0000] {dag.py:2941} INFO - Sync 1 DAGs
[2026-03-14T18:33:25.181+0000] {logging_mixin.py:154} INFO - [2026-03-14T18:33:25.181+0000] {dag.py:3722} INFO - Setting next_dagrun for connections_exercise to None, run_after=None
[2026-03-14T18:33:25.196+0000] {processor.py:179} INFO - Processing /opt/airflow/dags/connections_dag.py took 0.060 seconds
[2026-03-14T18:33:55.733+0000] {processor.py:157} INFO - Started process (PID=606) to work on /opt/airflow/dags/connections_dag.py
[2026-03-14T18:33:55.735+0000] {processor.py:829} INFO - Processing file /opt/airflow/dags/connections_dag.py for tasks to queue
[2026-03-14T18:33:55.735+0000] {logging_mixin.py:154} INFO - [2026-03-14T18:33:55.735+0000] {dagbag.py:536} INFO - Filling up the DagBag from /opt/airflow/dags/connections_dag.py
[2026-03-14T18:33:55.743+0000] {processor.py:839} INFO - DAG(s) dict_keys(['connections_exercise']) retrieved from /opt/airflow/dags/connections_dag.py
[2026-03-14T18:33:55.765+0000] {logging_mixin.py:154} INFO - [2026-03-14T18:33:55.765+0000] {dag.py:2941} INFO - Sync 1 DAGs
[2026-03-14T18:33:55.775+0000] {logging_mixin.py:154} INFO - [2026-03-14T18:33:55.775+0000] {dag.py:3722} INFO - Setting next_dagrun for connections_exercise to None, run_after=None
[2026-03-14T18:33:55.791+0000] {processor.py:179} INFO - Processing /opt/airflow/dags/connections_dag.py took 0.060 seconds
[2026-03-14T18:34:26.293+0000] {processor.py:157} INFO - Started process (PID=623) to work on /opt/airflow/dags/connections_dag.py
[2026-03-14T18:34:26.293+0000] {processor.py:829} INFO - Processing file /opt/airflow/dags/connections_dag.py for tasks to queue
[2026-03-14T18:34:26.294+0000] {logging_mixin.py:154} INFO - [2026-03-14T18:34:26.294+0000] {dagbag.py:536} INFO - Filling up the DagBag from /opt/airflow/dags/connections_dag.py
[2026-03-14T18:34:26.302+0000] {processor.py:839} INFO - DAG(s) dict_keys(['connections_exercise']) retrieved from /opt/airflow/dags/connections_dag.py
[2026-03-14T18:34:26.324+0000] {logging_mixin.py:154} INFO - [2026-03-14T18:34:26.324+0000] {dag.py:2941} INFO - Sync 1 DAGs
[2026-03-14T18:34:26.334+0000] {logging_mixin.py:154} INFO - [2026-03-14T18:34:26.334+0000] {dag.py:3722} INFO - Setting next_dagrun for connections_exercise to None, run_after=None
[2026-03-14T18:34:26.349+0000] {processor.py:179} INFO - Processing /opt/airflow/dags/connections_dag.py took 0.059 seconds
[2026-03-14T18:34:56.914+0000] {processor.py:157} INFO - Started process (PID=640) to work on /opt/airflow/dags/connections_dag.py
[2026-03-14T18:34:56.915+0000] {processor.py:829} INFO - Processing file /opt/airflow/dags/connections_dag.py for tasks to queue
[2026-03-14T18:34:56.916+0000] {logging_mixin.py:154} INFO - [2026-03-14T18:34:56.916+0000] {dagbag.py:536} INFO - Filling up the DagBag from /opt/airflow/dags/connections_dag.py
[2026-03-14T18:34:56.924+0000] {processor.py:839} INFO - DAG(s) dict_keys(['connections_exercise']) retrieved from /opt/airflow/dags/connections_dag.py
[2026-03-14T18:34:56.946+0000] {logging_mixin.py:154} INFO - [2026-03-14T18:34:56.946+0000] {dag.py:2941} INFO - Sync 1 DAGs
[2026-03-14T18:34:56.957+0000] {logging_mixin.py:154} INFO - [2026-03-14T18:34:56.957+0000] {dag.py:3722} INFO - Setting next_dagrun for connections_exercise to None, run_after=None
[2026-03-14T18:34:56.974+0000] {processor.py:179} INFO - Processing /opt/airflow/dags/connections_dag.py took 0.063 seconds
[2026-03-14T18:35:27.494+0000] {processor.py:157} INFO - Started process (PID=657) to work on /opt/airflow/dags/connections_dag.py
[2026-03-14T18:35:27.495+0000] {processor.py:829} INFO - Processing file /opt/airflow/dags/connections_dag.py for tasks to queue
[2026-03-14T18:35:27.496+0000] {logging_mixin.py:154} INFO - [2026-03-14T18:35:27.496+0000] {dagbag.py:536} INFO - Filling up the DagBag from /opt/airflow/dags/connections_dag.py
[2026-03-14T18:35:27.503+0000] {processor.py:839} INFO - DAG(s) dict_keys(['connections_exercise']) retrieved from /opt/airflow/dags/connections_dag.py
[2026-03-14T18:35:27.526+0000] {logging_mixin.py:154} INFO - [2026-03-14T18:35:27.526+0000] {dag.py:2941} INFO - Sync 1 DAGs
[2026-03-14T18:35:27.538+0000] {logging_mixin.py:154} INFO - [2026-03-14T18:35:27.538+0000] {dag.py:3722} INFO - Setting next_dagrun for connections_exercise to None, run_after=None
[2026-03-14T18:35:27.555+0000] {processor.py:179} INFO - Processing /opt/airflow/dags/connections_dag.py took 0.063 seconds
[2026-03-14T18:35:58.081+0000] {processor.py:157} INFO - Started process (PID=674) to work on /opt/airflow/dags/connections_dag.py
[2026-03-14T18:35:58.082+0000] {processor.py:829} INFO - Processing file /opt/airflow/dags/connections_dag.py for tasks to queue
[2026-03-14T18:35:58.083+0000] {logging_mixin.py:154} INFO - [2026-03-14T18:35:58.083+0000] {dagbag.py:536} INFO - Filling up the DagBag from /opt/airflow/dags/connections_dag.py
[2026-03-14T18:35:58.090+0000] {processor.py:839} INFO - DAG(s) dict_keys(['connections_exercise']) retrieved from /opt/airflow/dags/connections_dag.py
[2026-03-14T18:35:58.114+0000] {logging_mixin.py:154} INFO - [2026-03-14T18:35:58.113+0000] {dag.py:2941} INFO - Sync 1 DAGs
[2026-03-14T18:35:58.125+0000] {logging_mixin.py:154} INFO - [2026-03-14T18:35:58.125+0000] {dag.py:3722} INFO - Setting next_dagrun for connections_exercise to None, run_after=None
[2026-03-14T18:35:58.139+0000] {processor.py:179} INFO - Processing /opt/airflow/dags/connections_dag.py took 0.061 seconds
[2026-03-14T18:36:29.675+0000] {processor.py:157} INFO - Started process (PID=691) to work on /opt/airflow/dags/connections_dag.py
[2026-03-14T18:36:29.676+0000] {processor.py:829} INFO - Processing file /opt/airflow/dags/connections_dag.py for tasks to queue
[2026-03-14T18:36:29.677+0000] {logging_mixin.py:154} INFO - [2026-03-14T18:36:29.677+0000] {dagbag.py:536} INFO - Filling up the DagBag from /opt/airflow/dags/connections_dag.py
[2026-03-14T18:36:29.685+0000] {processor.py:839} INFO - DAG(s) dict_keys(['connections_exercise']) retrieved from /opt/airflow/dags/connections_dag.py
[2026-03-14T18:36:29.708+0000] {logging_mixin.py:154} INFO - [2026-03-14T18:36:29.707+0000] {dag.py:2941} INFO - Sync 1 DAGs
[2026-03-14T18:36:29.719+0000] {logging_mixin.py:154} INFO - [2026-03-14T18:36:29.718+0000] {dag.py:3722} INFO - Setting next_dagrun for connections_exercise to None, run_after=None
[2026-03-14T18:36:29.733+0000] {processor.py:179} INFO - Processing /opt/airflow/dags/connections_dag.py took 0.060 seconds
[2026-03-14T18:37:01.276+0000] {processor.py:157} INFO - Started process (PID=708) to work on /opt/airflow/dags/connections_dag.py
[2026-03-14T18:37:01.277+0000] {processor.py:829} INFO - Processing file /opt/airflow/dags/connections_dag.py for tasks to queue
[2026-03-14T18:37:01.278+0000] {logging_mixin.py:154} INFO - [2026-03-14T18:37:01.277+0000] {dagbag.py:536} INFO - Filling up the DagBag from /opt/airflow/dags/connections_dag.py
[2026-03-14T18:37:01.285+0000] {processor.py:839} INFO - DAG(s) dict_keys(['connections_exercise']) retrieved from /opt/airflow/dags/connections_dag.py
[2026-03-14T18:37:01.308+0000] {logging_mixin.py:154} INFO - [2026-03-14T18:37:01.308+0000] {dag.py:2941} INFO - Sync 1 DAGs
[2026-03-14T18:37:01.319+0000] {logging_mixin.py:154} INFO - [2026-03-14T18:37:01.319+0000] {dag.py:3722} INFO - Setting next_dagrun for connections_exercise to None, run_after=None
[2026-03-14T18:37:01.336+0000] {processor.py:179} INFO - Processing /opt/airflow/dags/connections_dag.py took 0.062 seconds
[2026-03-14T18:37:32.886+0000] {processor.py:157} INFO - Started process (PID=725) to work on /opt/airflow/dags/connections_dag.py
[2026-03-14T18:37:32.887+0000] {processor.py:829} INFO - Processing file /opt/airflow/dags/connections_dag.py for tasks to queue
[2026-03-14T18:37:32.888+0000] {logging_mixin.py:154} INFO - [2026-03-14T18:37:32.888+0000] {dagbag.py:536} INFO - Filling up the DagBag from /opt/airflow/dags/connections_dag.py
[2026-03-14T18:37:32.899+0000] {processor.py:839} INFO - DAG(s) dict_keys(['connections_exercise']) retrieved from /opt/airflow/dags/connections_dag.py
[2026-03-14T18:37:32.922+0000] {logging_mixin.py:154} INFO - [2026-03-14T18:37:32.922+0000] {dag.py:2941} INFO - Sync 1 DAGs
[2026-03-14T18:37:32.932+0000] {logging_mixin.py:154} INFO - [2026-03-14T18:37:32.932+0000] {dag.py:3722} INFO - Setting next_dagrun for connections_exercise to None, run_after=None
[2026-03-14T18:37:32.948+0000] {processor.py:179} INFO - Processing /opt/airflow/dags/connections_dag.py took 0.067 seconds
[2026-03-14T18:38:03.469+0000] {processor.py:157} INFO - Started process (PID=742) to work on /opt/airflow/dags/connections_dag.py
[2026-03-14T18:38:03.470+0000] {processor.py:829} INFO - Processing file /opt/airflow/dags/connections_dag.py for tasks to queue
[2026-03-14T18:38:03.471+0000] {logging_mixin.py:154} INFO - [2026-03-14T18:38:03.471+0000] {dagbag.py:536} INFO - Filling up the DagBag from /opt/airflow/dags/connections_dag.py
[2026-03-14T18:38:03.479+0000] {processor.py:839} INFO - DAG(s) dict_keys(['connections_exercise']) retrieved from /opt/airflow/dags/connections_dag.py
[2026-03-14T18:38:03.502+0000] {logging_mixin.py:154} INFO - [2026-03-14T18:38:03.502+0000] {dag.py:2941} INFO - Sync 1 DAGs
[2026-03-14T18:38:03.512+0000] {logging_mixin.py:154} INFO - [2026-03-14T18:38:03.512+0000] {dag.py:3722} INFO - Setting next_dagrun for connections_exercise to None, run_after=None
[2026-03-14T18:38:03.530+0000] {processor.py:179} INFO - Processing /opt/airflow/dags/connections_dag.py took 0.064 seconds
[2026-03-14T18:38:35.041+0000] {processor.py:157} INFO - Started process (PID=759) to work on /opt/airflow/dags/connections_dag.py
[2026-03-14T18:38:35.042+0000] {processor.py:829} INFO - Processing file /opt/airflow/dags/connections_dag.py for tasks to queue
[2026-03-14T18:38:35.042+0000] {logging_mixin.py:154} INFO - [2026-03-14T18:38:35.042+0000] {dagbag.py:536} INFO - Filling up the DagBag from /opt/airflow/dags/connections_dag.py
[2026-03-14T18:38:35.050+0000] {processor.py:839} INFO - DAG(s) dict_keys(['connections_exercise']) retrieved from /opt/airflow/dags/connections_dag.py
[2026-03-14T18:38:35.073+0000] {logging_mixin.py:154} INFO - [2026-03-14T18:38:35.073+0000] {dag.py:2941} INFO - Sync 1 DAGs
[2026-03-14T18:38:35.084+0000] {logging_mixin.py:154} INFO - [2026-03-14T18:38:35.084+0000] {dag.py:3722} INFO - Setting next_dagrun for connections_exercise to None, run_after=None
[2026-03-14T18:38:35.101+0000] {processor.py:179} INFO - Processing /opt/airflow/dags/connections_dag.py took 0.062 seconds
[2026-03-14T18:39:05.819+0000] {processor.py:157} INFO - Started process (PID=776) to work on /opt/airflow/dags/connections_dag.py
[2026-03-14T18:39:05.819+0000] {processor.py:829} INFO - Processing file /opt/airflow/dags/connections_dag.py for tasks to queue
[2026-03-14T18:39:05.820+0000] {logging_mixin.py:154} INFO - [2026-03-14T18:39:05.820+0000] {dagbag.py:536} INFO - Filling up the DagBag from /opt/airflow/dags/connections_dag.py
[2026-03-14T18:39:05.827+0000] {processor.py:839} INFO - DAG(s) dict_keys(['connections_exercise']) retrieved from /opt/airflow/dags/connections_dag.py
[2026-03-14T18:39:05.849+0000] {logging_mixin.py:154} INFO - [2026-03-14T18:39:05.849+0000] {dag.py:2941} INFO - Sync 1 DAGs
[2026-03-14T18:39:05.860+0000] {logging_mixin.py:154} INFO - [2026-03-14T18:39:05.860+0000] {dag.py:3722} INFO - Setting next_dagrun for connections_exercise to None, run_after=None
[2026-03-14T18:39:05.876+0000] {processor.py:179} INFO - Processing /opt/airflow/dags/connections_dag.py took 0.060 seconds
[2026-03-14T18:39:38.149+0000] {processor.py:157} INFO - Started process (PID=793) to work on /opt/airflow/dags/connections_dag.py
[2026-03-14T18:39:38.149+0000] {processor.py:829} INFO - Processing file /opt/airflow/dags/connections_dag.py for tasks to queue
[2026-03-14T18:39:38.150+0000] {logging_mixin.py:154} INFO - [2026-03-14T18:39:38.150+0000] {dagbag.py:536} INFO - Filling up the DagBag from /opt/airflow/dags/connections_dag.py
[2026-03-14T18:39:38.160+0000] {processor.py:839} INFO - DAG(s) dict_keys(['connections_exercise']) retrieved from /opt/airflow/dags/connections_dag.py
[2026-03-14T18:39:38.197+0000] {logging_mixin.py:154} INFO - [2026-03-14T18:39:38.197+0000] {dag.py:2941} INFO - Sync 1 DAGs
[2026-03-14T18:39:38.213+0000] {logging_mixin.py:154} INFO - [2026-03-14T18:39:38.213+0000] {dag.py:3722} INFO - Setting next_dagrun for connections_exercise to None, run_after=None
[2026-03-14T18:39:38.230+0000] {processor.py:179} INFO - Processing /opt/airflow/dags/connections_dag.py took 0.085 seconds
[2026-03-14T18:40:09.910+0000] {processor.py:157} INFO - Started process (PID=810) to work on /opt/airflow/dags/connections_dag.py
[2026-03-14T18:40:09.911+0000] {processor.py:829} INFO - Processing file /opt/airflow/dags/connections_dag.py for tasks to queue
[2026-03-14T18:40:09.912+0000] {logging_mixin.py:154} INFO - [2026-03-14T18:40:09.911+0000] {dagbag.py:536} INFO - Filling up the DagBag from /opt/airflow/dags/connections_dag.py
[2026-03-14T18:40:09.921+0000] {processor.py:839} INFO - DAG(s) dict_keys(['connections_exercise']) retrieved from /opt/airflow/dags/connections_dag.py
[2026-03-14T18:40:09.944+0000] {logging_mixin.py:154} INFO - [2026-03-14T18:40:09.944+0000] {dag.py:2941} INFO - Sync 1 DAGs
[2026-03-14T18:40:09.955+0000] {logging_mixin.py:154} INFO - [2026-03-14T18:40:09.954+0000] {dag.py:3722} INFO - Setting next_dagrun for connections_exercise to None, run_after=None
[2026-03-14T18:40:09.987+0000] {processor.py:179} INFO - Processing /opt/airflow/dags/connections_dag.py took 0.080 seconds
[2026-03-14T18:40:40.679+0000] {processor.py:157} INFO - Started process (PID=827) to work on /opt/airflow/dags/connections_dag.py
[2026-03-14T18:40:40.680+0000] {processor.py:829} INFO - Processing file /opt/airflow/dags/connections_dag.py for tasks to queue
[2026-03-14T18:40:40.680+0000] {logging_mixin.py:154} INFO - [2026-03-14T18:40:40.680+0000] {dagbag.py:536} INFO - Filling up the DagBag from /opt/airflow/dags/connections_dag.py
[2026-03-14T18:40:40.690+0000] {processor.py:839} INFO - DAG(s) dict_keys(['connections_exercise']) retrieved from /opt/airflow/dags/connections_dag.py
[2026-03-14T18:40:40.714+0000] {logging_mixin.py:154} INFO - [2026-03-14T18:40:40.713+0000] {dag.py:2941} INFO - Sync 1 DAGs
[2026-03-14T18:40:40.737+0000] {logging_mixin.py:154} INFO - [2026-03-14T18:40:40.737+0000] {dag.py:3722} INFO - Setting next_dagrun for connections_exercise to None, run_after=None
[2026-03-14T18:40:40.754+0000] {processor.py:179} INFO - Processing /opt/airflow/dags/connections_dag.py took 0.078 seconds
[2026-03-14T18:41:12.410+0000] {processor.py:157} INFO - Started process (PID=844) to work on /opt/airflow/dags/connections_dag.py
[2026-03-14T18:41:12.411+0000] {processor.py:829} INFO - Processing file /opt/airflow/dags/connections_dag.py for tasks to queue
[2026-03-14T18:41:12.412+0000] {logging_mixin.py:154} INFO - [2026-03-14T18:41:12.412+0000] {dagbag.py:536} INFO - Filling up the DagBag from /opt/airflow/dags/connections_dag.py
[2026-03-14T18:41:12.420+0000] {processor.py:839} INFO - DAG(s) dict_keys(['connections_exercise']) retrieved from /opt/airflow/dags/connections_dag.py
[2026-03-14T18:41:12.443+0000] {logging_mixin.py:154} INFO - [2026-03-14T18:41:12.443+0000] {dag.py:2941} INFO - Sync 1 DAGs
[2026-03-14T18:41:12.453+0000] {logging_mixin.py:154} INFO - [2026-03-14T18:41:12.453+0000] {dag.py:3722} INFO - Setting next_dagrun for connections_exercise to None, run_after=None
[2026-03-14T18:41:12.469+0000] {processor.py:179} INFO - Processing /opt/airflow/dags/connections_dag.py took 0.062 seconds
[2026-03-14T18:41:43.988+0000] {processor.py:157} INFO - Started process (PID=861) to work on /opt/airflow/dags/connections_dag.py
[2026-03-14T18:41:43.989+0000] {processor.py:829} INFO - Processing file /opt/airflow/dags/connections_dag.py for tasks to queue
[2026-03-14T18:41:43.991+0000] {logging_mixin.py:154} INFO - [2026-03-14T18:41:43.991+0000] {dagbag.py:536} INFO - Filling up the DagBag from /opt/airflow/dags/connections_dag.py
[2026-03-14T18:41:44.001+0000] {processor.py:839} INFO - DAG(s) dict_keys(['connections_exercise']) retrieved from /opt/airflow/dags/connections_dag.py
[2026-03-14T18:41:44.025+0000] {logging_mixin.py:154} INFO - [2026-03-14T18:41:44.025+0000] {dag.py:2941} INFO - Sync 1 DAGs
[2026-03-14T18:41:44.046+0000] {logging_mixin.py:154} INFO - [2026-03-14T18:41:44.046+0000] {dag.py:3722} INFO - Setting next_dagrun for connections_exercise to None, run_after=None
[2026-03-14T18:41:44.075+0000] {processor.py:179} INFO - Processing /opt/airflow/dags/connections_dag.py took 0.090 seconds
[2026-03-14T18:42:15.616+0000] {processor.py:157} INFO - Started process (PID=878) to work on /opt/airflow/dags/connections_dag.py
[2026-03-14T18:42:15.617+0000] {processor.py:829} INFO - Processing file /opt/airflow/dags/connections_dag.py for tasks to queue
[2026-03-14T18:42:15.618+0000] {logging_mixin.py:154} INFO - [2026-03-14T18:42:15.618+0000] {dagbag.py:536} INFO - Filling up the DagBag from /opt/airflow/dags/connections_dag.py
[2026-03-14T18:42:15.629+0000] {processor.py:839} INFO - DAG(s) dict_keys(['connections_exercise']) retrieved from /opt/airflow/dags/connections_dag.py
[2026-03-14T18:42:15.655+0000] {logging_mixin.py:154} INFO - [2026-03-14T18:42:15.655+0000] {dag.py:2941} INFO - Sync 1 DAGs
[2026-03-14T18:42:15.666+0000] {logging_mixin.py:154} INFO - [2026-03-14T18:42:15.665+0000] {dag.py:3722} INFO - Setting next_dagrun for connections_exercise to None, run_after=None
[2026-03-14T18:42:15.689+0000] {processor.py:179} INFO - Processing /opt/airflow/dags/connections_dag.py took 0.077 seconds
[2026-03-14T18:42:46.189+0000] {processor.py:157} INFO - Started process (PID=894) to work on /opt/airflow/dags/connections_dag.py
[2026-03-14T18:42:46.190+0000] {processor.py:829} INFO - Processing file /opt/airflow/dags/connections_dag.py for tasks to queue
[2026-03-14T18:42:46.191+0000] {logging_mixin.py:154} INFO - [2026-03-14T18:42:46.191+0000] {dagbag.py:536} INFO - Filling up the DagBag from /opt/airflow/dags/connections_dag.py
[2026-03-14T18:42:46.199+0000] {processor.py:839} INFO - DAG(s) dict_keys(['connections_exercise']) retrieved from /opt/airflow/dags/connections_dag.py
[2026-03-14T18:42:46.221+0000] {logging_mixin.py:154} INFO - [2026-03-14T18:42:46.221+0000] {dag.py:2941} INFO - Sync 1 DAGs
[2026-03-14T18:42:46.232+0000] {logging_mixin.py:154} INFO - [2026-03-14T18:42:46.232+0000] {dag.py:3722} INFO - Setting next_dagrun for connections_exercise to None, run_after=None
[2026-03-14T18:42:46.248+0000] {processor.py:179} INFO - Processing /opt/airflow/dags/connections_dag.py took 0.061 seconds
[2026-03-14T18:43:17.857+0000] {processor.py:157} INFO - Started process (PID=911) to work on /opt/airflow/dags/connections_dag.py
[2026-03-14T18:43:17.859+0000] {processor.py:829} INFO - Processing file /opt/airflow/dags/connections_dag.py for tasks to queue
[2026-03-14T18:43:17.863+0000] {logging_mixin.py:154} INFO - [2026-03-14T18:43:17.863+0000] {dagbag.py:536} INFO - Filling up the DagBag from /opt/airflow/dags/connections_dag.py
[2026-03-14T18:43:17.872+0000] {processor.py:839} INFO - DAG(s) dict_keys(['connections_exercise']) retrieved from /opt/airflow/dags/connections_dag.py
[2026-03-14T18:43:17.901+0000] {logging_mixin.py:154} INFO - [2026-03-14T18:43:17.900+0000] {dag.py:2941} INFO - Sync 1 DAGs
[2026-03-14T18:43:17.910+0000] {logging_mixin.py:154} INFO - [2026-03-14T18:43:17.910+0000] {dag.py:3722} INFO - Setting next_dagrun for connections_exercise to None, run_after=None
[2026-03-14T18:43:17.926+0000] {processor.py:179} INFO - Processing /opt/airflow/dags/connections_dag.py took 0.072 seconds
[2026-03-14T18:43:49.463+0000] {processor.py:157} INFO - Started process (PID=928) to work on /opt/airflow/dags/connections_dag.py
[2026-03-14T18:43:49.464+0000] {processor.py:829} INFO - Processing file /opt/airflow/dags/connections_dag.py for tasks to queue
[2026-03-14T18:43:49.465+0000] {logging_mixin.py:154} INFO - [2026-03-14T18:43:49.465+0000] {dagbag.py:536} INFO - Filling up the DagBag from /opt/airflow/dags/connections_dag.py
[2026-03-14T18:43:49.475+0000] {processor.py:839} INFO - DAG(s) dict_keys(['connections_exercise']) retrieved from /opt/airflow/dags/connections_dag.py
[2026-03-14T18:43:49.503+0000] {logging_mixin.py:154} INFO - [2026-03-14T18:43:49.503+0000] {dag.py:2941} INFO - Sync 1 DAGs
[2026-03-14T18:43:49.516+0000] {logging_mixin.py:154} INFO - [2026-03-14T18:43:49.516+0000] {dag.py:3722} INFO - Setting next_dagrun for connections_exercise to None, run_after=None
[2026-03-14T18:43:49.534+0000] {processor.py:179} INFO - Processing /opt/airflow/dags/connections_dag.py took 0.075 seconds
[2026-03-14T18:44:21.091+0000] {processor.py:157} INFO - Started process (PID=945) to work on /opt/airflow/dags/connections_dag.py
[2026-03-14T18:44:21.094+0000] {processor.py:829} INFO - Processing file /opt/airflow/dags/connections_dag.py for tasks to queue
[2026-03-14T18:44:21.095+0000] {logging_mixin.py:154} INFO - [2026-03-14T18:44:21.095+0000] {dagbag.py:536} INFO - Filling up the DagBag from /opt/airflow/dags/connections_dag.py
[2026-03-14T18:44:21.104+0000] {processor.py:839} INFO - DAG(s) dict_keys(['connections_exercise']) retrieved from /opt/airflow/dags/connections_dag.py
[2026-03-14T18:44:21.137+0000] {logging_mixin.py:154} INFO - [2026-03-14T18:44:21.137+0000] {dag.py:2941} INFO - Sync 1 DAGs
[2026-03-14T18:44:21.149+0000] {logging_mixin.py:154} INFO - [2026-03-14T18:44:21.149+0000] {dag.py:3722} INFO - Setting next_dagrun for connections_exercise to None, run_after=None
[2026-03-14T18:44:21.169+0000] {processor.py:179} INFO - Processing /opt/airflow/dags/connections_dag.py took 0.081 seconds
[2026-03-14T18:44:52.817+0000] {processor.py:157} INFO - Started process (PID=962) to work on /opt/airflow/dags/connections_dag.py
[2026-03-14T18:44:52.819+0000] {processor.py:829} INFO - Processing file /opt/airflow/dags/connections_dag.py for tasks to queue
[2026-03-14T18:44:52.819+0000] {logging_mixin.py:154} INFO - [2026-03-14T18:44:52.819+0000] {dagbag.py:536} INFO - Filling up the DagBag from /opt/airflow/dags/connections_dag.py
[2026-03-14T18:44:52.828+0000] {processor.py:839} INFO - DAG(s) dict_keys(['connections_exercise']) retrieved from /opt/airflow/dags/connections_dag.py
[2026-03-14T18:44:52.852+0000] {logging_mixin.py:154} INFO - [2026-03-14T18:44:52.852+0000] {dag.py:2941} INFO - Sync 1 DAGs
[2026-03-14T18:44:52.867+0000] {logging_mixin.py:154} INFO - [2026-03-14T18:44:52.867+0000] {dag.py:3722} INFO - Setting next_dagrun for connections_exercise to None, run_after=None
[2026-03-14T18:44:52.887+0000] {processor.py:179} INFO - Processing /opt/airflow/dags/connections_dag.py took 0.073 seconds
[2026-03-14T18:45:24.555+0000] {processor.py:157} INFO - Started process (PID=979) to work on /opt/airflow/dags/connections_dag.py
[2026-03-14T18:45:24.556+0000] {processor.py:829} INFO - Processing file /opt/airflow/dags/connections_dag.py for tasks to queue
[2026-03-14T18:45:24.558+0000] {logging_mixin.py:154} INFO - [2026-03-14T18:45:24.558+0000] {dagbag.py:536} INFO - Filling up the DagBag from /opt/airflow/dags/connections_dag.py
[2026-03-14T18:45:24.581+0000] {processor.py:839} INFO - DAG(s) dict_keys(['connections_exercise']) retrieved from /opt/airflow/dags/connections_dag.py
[2026-03-14T18:45:24.615+0000] {logging_mixin.py:154} INFO - [2026-03-14T18:45:24.615+0000] {dag.py:2941} INFO - Sync 1 DAGs
[2026-03-14T18:45:24.628+0000] {logging_mixin.py:154} INFO - [2026-03-14T18:45:24.628+0000] {dag.py:3722} INFO - Setting next_dagrun for connections_exercise to None, run_after=None
[2026-03-14T18:45:24.642+0000] {processor.py:179} INFO - Processing /opt/airflow/dags/connections_dag.py took 0.090 seconds
[2026-03-14T18:45:55.187+0000] {processor.py:157} INFO - Started process (PID=996) to work on /opt/airflow/dags/connections_dag.py
[2026-03-14T18:45:55.188+0000] {processor.py:829} INFO - Processing file /opt/airflow/dags/connections_dag.py for tasks to queue
[2026-03-14T18:45:55.189+0000] {logging_mixin.py:154} INFO - [2026-03-14T18:45:55.189+0000] {dagbag.py:536} INFO - Filling up the DagBag from /opt/airflow/dags/connections_dag.py
[2026-03-14T18:45:55.198+0000] {processor.py:839} INFO - DAG(s) dict_keys(['connections_exercise']) retrieved from /opt/airflow/dags/connections_dag.py
[2026-03-14T18:45:55.222+0000] {logging_mixin.py:154} INFO - [2026-03-14T18:45:55.222+0000] {dag.py:2941} INFO - Sync 1 DAGs
[2026-03-14T18:45:55.234+0000] {logging_mixin.py:154} INFO - [2026-03-14T18:45:55.234+0000] {dag.py:3722} INFO - Setting next_dagrun for connections_exercise to None, run_after=None
[2026-03-14T18:45:55.251+0000] {processor.py:179} INFO - Processing /opt/airflow/dags/connections_dag.py took 0.067 seconds
[2026-03-14T18:46:26.847+0000] {processor.py:157} INFO - Started process (PID=1013) to work on /opt/airflow/dags/connections_dag.py
[2026-03-14T18:46:26.848+0000] {processor.py:829} INFO - Processing file /opt/airflow/dags/connections_dag.py for tasks to queue
[2026-03-14T18:46:26.849+0000] {logging_mixin.py:154} INFO - [2026-03-14T18:46:26.848+0000] {dagbag.py:536} INFO - Filling up the DagBag from /opt/airflow/dags/connections_dag.py
[2026-03-14T18:46:26.857+0000] {processor.py:839} INFO - DAG(s) dict_keys(['connections_exercise']) retrieved from /opt/airflow/dags/connections_dag.py
[2026-03-14T18:46:26.880+0000] {logging_mixin.py:154} INFO - [2026-03-14T18:46:26.880+0000] {dag.py:2941} INFO - Sync 1 DAGs
[2026-03-14T18:46:26.891+0000] {logging_mixin.py:154} INFO - [2026-03-14T18:46:26.891+0000] {dag.py:3722} INFO - Setting next_dagrun for connections_exercise to None, run_after=None
[2026-03-14T18:46:26.907+0000] {processor.py:179} INFO - Processing /opt/airflow/dags/connections_dag.py took 0.063 seconds
[2026-03-14T18:46:58.554+0000] {processor.py:157} INFO - Started process (PID=1030) to work on /opt/airflow/dags/connections_dag.py
[2026-03-14T18:46:58.556+0000] {processor.py:829} INFO - Processing file /opt/airflow/dags/connections_dag.py for tasks to queue
[2026-03-14T18:46:58.559+0000] {logging_mixin.py:154} INFO - [2026-03-14T18:46:58.557+0000] {dagbag.py:536} INFO - Filling up the DagBag from /opt/airflow/dags/connections_dag.py
[2026-03-14T18:46:58.569+0000] {processor.py:839} INFO - DAG(s) dict_keys(['connections_exercise']) retrieved from /opt/airflow/dags/connections_dag.py
[2026-03-14T18:46:58.592+0000] {logging_mixin.py:154} INFO - [2026-03-14T18:46:58.591+0000] {dag.py:2941} INFO - Sync 1 DAGs
[2026-03-14T18:46:58.602+0000] {logging_mixin.py:154} INFO - [2026-03-14T18:46:58.602+0000] {dag.py:3722} INFO - Setting next_dagrun for connections_exercise to None, run_after=None
[2026-03-14T18:46:58.617+0000] {processor.py:179} INFO - Processing /opt/airflow/dags/connections_dag.py took 0.068 seconds
[2026-03-14T18:47:30.287+0000] {processor.py:157} INFO - Started process (PID=1047) to work on /opt/airflow/dags/connections_dag.py
[2026-03-14T18:47:30.290+0000] {processor.py:829} INFO - Processing file /opt/airflow/dags/connections_dag.py for tasks to queue
[2026-03-14T18:47:30.291+0000] {logging_mixin.py:154} INFO - [2026-03-14T18:47:30.290+0000] {dagbag.py:536} INFO - Filling up the DagBag from /opt/airflow/dags/connections_dag.py
[2026-03-14T18:47:30.300+0000] {processor.py:839} INFO - DAG(s) dict_keys(['connections_exercise']) retrieved from /opt/airflow/dags/connections_dag.py
[2026-03-14T18:47:30.325+0000] {logging_mixin.py:154} INFO - [2026-03-14T18:47:30.325+0000] {dag.py:2941} INFO - Sync 1 DAGs
[2026-03-14T18:47:30.340+0000] {logging_mixin.py:154} INFO - [2026-03-14T18:47:30.340+0000] {dag.py:3722} INFO - Setting next_dagrun for connections_exercise to None, run_after=None
[2026-03-14T18:47:30.358+0000] {processor.py:179} INFO - Processing /opt/airflow/dags/connections_dag.py took 0.075 seconds
[2026-03-14T18:48:01.860+0000] {processor.py:157} INFO - Started process (PID=1064) to work on /opt/airflow/dags/connections_dag.py
[2026-03-14T18:48:01.861+0000] {processor.py:829} INFO - Processing file /opt/airflow/dags/connections_dag.py for tasks to queue
[2026-03-14T18:48:01.862+0000] {logging_mixin.py:154} INFO - [2026-03-14T18:48:01.861+0000] {dagbag.py:536} INFO - Filling up the DagBag from /opt/airflow/dags/connections_dag.py
[2026-03-14T18:48:01.870+0000] {processor.py:839} INFO - DAG(s) dict_keys(['connections_exercise']) retrieved from /opt/airflow/dags/connections_dag.py
[2026-03-14T18:48:01.895+0000] {logging_mixin.py:154} INFO - [2026-03-14T18:48:01.895+0000] {dag.py:2941} INFO - Sync 1 DAGs
[2026-03-14T18:48:01.907+0000] {logging_mixin.py:154} INFO - [2026-03-14T18:48:01.906+0000] {dag.py:3722} INFO - Setting next_dagrun for connections_exercise to None, run_after=None
[2026-03-14T18:48:01.926+0000] {processor.py:179} INFO - Processing /opt/airflow/dags/connections_dag.py took 0.069 seconds
[2026-03-14T18:48:33.516+0000] {processor.py:157} INFO - Started process (PID=1081) to work on /opt/airflow/dags/connections_dag.py
[2026-03-14T18:48:33.520+0000] {processor.py:829} INFO - Processing file /opt/airflow/dags/connections_dag.py for tasks to queue
[2026-03-14T18:48:33.521+0000] {logging_mixin.py:154} INFO - [2026-03-14T18:48:33.521+0000] {dagbag.py:536} INFO - Filling up the DagBag from /opt/airflow/dags/connections_dag.py
[2026-03-14T18:48:33.529+0000] {processor.py:839} INFO - DAG(s) dict_keys(['connections_exercise']) retrieved from /opt/airflow/dags/connections_dag.py
[2026-03-14T18:48:33.556+0000] {logging_mixin.py:154} INFO - [2026-03-14T18:48:33.556+0000] {dag.py:2941} INFO - Sync 1 DAGs
[2026-03-14T18:48:33.568+0000] {logging_mixin.py:154} INFO - [2026-03-14T18:48:33.567+0000] {dag.py:3722} INFO - Setting next_dagrun for connections_exercise to None, run_after=None
[2026-03-14T18:48:33.582+0000] {processor.py:179} INFO - Processing /opt/airflow/dags/connections_dag.py took 0.070 seconds
[2026-03-14T18:49:04.215+0000] {processor.py:157} INFO - Started process (PID=1098) to work on /opt/airflow/dags/connections_dag.py
[2026-03-14T18:49:04.216+0000] {processor.py:829} INFO - Processing file /opt/airflow/dags/connections_dag.py for tasks to queue
[2026-03-14T18:49:04.217+0000] {logging_mixin.py:154} INFO - [2026-03-14T18:49:04.217+0000] {dagbag.py:536} INFO - Filling up the DagBag from /opt/airflow/dags/connections_dag.py
[2026-03-14T18:49:04.225+0000] {processor.py:839} INFO - DAG(s) dict_keys(['connections_exercise']) retrieved from /opt/airflow/dags/connections_dag.py
[2026-03-14T18:49:04.252+0000] {logging_mixin.py:154} INFO - [2026-03-14T18:49:04.252+0000] {dag.py:2941} INFO - Sync 1 DAGs
[2026-03-14T18:49:04.264+0000] {logging_mixin.py:154} INFO - [2026-03-14T18:49:04.264+0000] {dag.py:3722} INFO - Setting next_dagrun for connections_exercise to None, run_after=None
[2026-03-14T18:49:04.279+0000] {processor.py:179} INFO - Processing /opt/airflow/dags/connections_dag.py took 0.067 seconds
[2026-03-14T18:49:35.962+0000] {processor.py:157} INFO - Started process (PID=1115) to work on /opt/airflow/dags/connections_dag.py
[2026-03-14T18:49:35.964+0000] {processor.py:829} INFO - Processing file /opt/airflow/dags/connections_dag.py for tasks to queue
[2026-03-14T18:49:35.964+0000] {logging_mixin.py:154} INFO - [2026-03-14T18:49:35.964+0000] {dagbag.py:536} INFO - Filling up the DagBag from /opt/airflow/dags/connections_dag.py
[2026-03-14T18:49:35.972+0000] {processor.py:839} INFO - DAG(s) dict_keys(['connections_exercise']) retrieved from /opt/airflow/dags/connections_dag.py
[2026-03-14T18:49:36.000+0000] {logging_mixin.py:154} INFO - [2026-03-14T18:49:36.000+0000] {dag.py:2941} INFO - Sync 1 DAGs
[2026-03-14T18:49:36.012+0000] {logging_mixin.py:154} INFO - [2026-03-14T18:49:36.012+0000] {dag.py:3722} INFO - Setting next_dagrun for connections_exercise to None, run_after=None
[2026-03-14T18:49:36.028+0000] {processor.py:179} INFO - Processing /opt/airflow/dags/connections_dag.py took 0.068 seconds
[2026-03-14T18:50:07.661+0000] {processor.py:157} INFO - Started process (PID=1131) to work on /opt/airflow/dags/connections_dag.py
[2026-03-14T18:50:07.662+0000] {processor.py:829} INFO - Processing file /opt/airflow/dags/connections_dag.py for tasks to queue
[2026-03-14T18:50:07.663+0000] {logging_mixin.py:154} INFO - [2026-03-14T18:50:07.663+0000] {dagbag.py:536} INFO - Filling up the DagBag from /opt/airflow/dags/connections_dag.py
[2026-03-14T18:50:07.671+0000] {processor.py:839} INFO - DAG(s) dict_keys(['connections_exercise']) retrieved from /opt/airflow/dags/connections_dag.py
[2026-03-14T18:50:07.693+0000] {logging_mixin.py:154} INFO - [2026-03-14T18:50:07.693+0000] {dag.py:2941} INFO - Sync 1 DAGs
[2026-03-14T18:50:07.705+0000] {logging_mixin.py:154} INFO - [2026-03-14T18:50:07.705+0000] {dag.py:3722} INFO - Setting next_dagrun for connections_exercise to None, run_after=None
[2026-03-14T18:50:07.722+0000] {processor.py:179} INFO - Processing /opt/airflow/dags/connections_dag.py took 0.064 seconds
[2026-03-14T18:50:39.342+0000] {processor.py:157} INFO - Started process (PID=1149) to work on /opt/airflow/dags/connections_dag.py
[2026-03-14T18:50:39.343+0000] {processor.py:829} INFO - Processing file /opt/airflow/dags/connections_dag.py for tasks to queue
[2026-03-14T18:50:39.344+0000] {logging_mixin.py:154} INFO - [2026-03-14T18:50:39.343+0000] {dagbag.py:536} INFO - Filling up the DagBag from /opt/airflow/dags/connections_dag.py
[2026-03-14T18:50:39.352+0000] {processor.py:839} INFO - DAG(s) dict_keys(['connections_exercise']) retrieved from /opt/airflow/dags/connections_dag.py
[2026-03-14T18:50:39.375+0000] {logging_mixin.py:154} INFO - [2026-03-14T18:50:39.375+0000] {dag.py:2941} INFO - Sync 1 DAGs
[2026-03-14T18:50:39.390+0000] {logging_mixin.py:154} INFO - [2026-03-14T18:50:39.390+0000] {dag.py:3722} INFO - Setting next_dagrun for connections_exercise to None, run_after=None
[2026-03-14T18:50:39.408+0000] {processor.py:179} INFO - Processing /opt/airflow/dags/connections_dag.py took 0.070 seconds
[2026-03-14T18:51:11.055+0000] {processor.py:157} INFO - Started process (PID=1166) to work on /opt/airflow/dags/connections_dag.py
[2026-03-14T18:51:11.057+0000] {processor.py:829} INFO - Processing file /opt/airflow/dags/connections_dag.py for tasks to queue
[2026-03-14T18:51:11.057+0000] {logging_mixin.py:154} INFO - [2026-03-14T18:51:11.057+0000] {dagbag.py:536} INFO - Filling up the DagBag from /opt/airflow/dags/connections_dag.py
[2026-03-14T18:51:11.068+0000] {processor.py:839} INFO - DAG(s) dict_keys(['connections_exercise']) retrieved from /opt/airflow/dags/connections_dag.py
[2026-03-14T18:51:11.091+0000] {logging_mixin.py:154} INFO - [2026-03-14T18:51:11.091+0000] {dag.py:2941} INFO - Sync 1 DAGs
[2026-03-14T18:51:11.104+0000] {logging_mixin.py:154} INFO - [2026-03-14T18:51:11.104+0000] {dag.py:3722} INFO - Setting next_dagrun for connections_exercise to None, run_after=None
[2026-03-14T18:51:11.121+0000] {processor.py:179} INFO - Processing /opt/airflow/dags/connections_dag.py took 0.069 seconds
[2026-03-14T18:51:41.839+0000] {processor.py:157} INFO - Started process (PID=1183) to work on /opt/airflow/dags/connections_dag.py
[2026-03-14T18:51:41.840+0000] {processor.py:829} INFO - Processing file /opt/airflow/dags/connections_dag.py for tasks to queue
[2026-03-14T18:51:41.841+0000] {logging_mixin.py:154} INFO - [2026-03-14T18:51:41.841+0000] {dagbag.py:536} INFO - Filling up the DagBag from /opt/airflow/dags/connections_dag.py
[2026-03-14T18:51:41.852+0000] {processor.py:839} INFO - DAG(s) dict_keys(['connections_exercise']) retrieved from /opt/airflow/dags/connections_dag.py
[2026-03-14T18:51:41.876+0000] {logging_mixin.py:154} INFO - [2026-03-14T18:51:41.876+0000] {dag.py:2941} INFO - Sync 1 DAGs
[2026-03-14T18:51:41.888+0000] {logging_mixin.py:154} INFO - [2026-03-14T18:51:41.888+0000] {dag.py:3722} INFO - Setting next_dagrun for connections_exercise to None, run_after=None
[2026-03-14T18:51:41.903+0000] {processor.py:179} INFO - Processing /opt/airflow/dags/connections_dag.py took 0.068 seconds
[2026-03-14T18:52:13.527+0000] {processor.py:157} INFO - Started process (PID=1200) to work on /opt/airflow/dags/connections_dag.py
[2026-03-14T18:52:13.530+0000] {processor.py:829} INFO - Processing file /opt/airflow/dags/connections_dag.py for tasks to queue
[2026-03-14T18:52:13.531+0000] {logging_mixin.py:154} INFO - [2026-03-14T18:52:13.530+0000] {dagbag.py:536} INFO - Filling up the DagBag from /opt/airflow/dags/connections_dag.py
[2026-03-14T18:52:13.546+0000] {processor.py:839} INFO - DAG(s) dict_keys(['connections_exercise']) retrieved from /opt/airflow/dags/connections_dag.py
[2026-03-14T18:52:13.568+0000] {logging_mixin.py:154} INFO - [2026-03-14T18:52:13.568+0000] {dag.py:2941} INFO - Sync 1 DAGs
[2026-03-14T18:52:13.580+0000] {logging_mixin.py:154} INFO - [2026-03-14T18:52:13.580+0000] {dag.py:3722} INFO - Setting next_dagrun for connections_exercise to None, run_after=None
[2026-03-14T18:52:13.596+0000] {processor.py:179} INFO - Processing /opt/airflow/dags/connections_dag.py took 0.074 seconds
[2026-03-14T18:52:45.265+0000] {processor.py:157} INFO - Started process (PID=1217) to work on /opt/airflow/dags/connections_dag.py
[2026-03-14T18:52:45.267+0000] {processor.py:829} INFO - Processing file /opt/airflow/dags/connections_dag.py for tasks to queue
[2026-03-14T18:52:45.267+0000] {logging_mixin.py:154} INFO - [2026-03-14T18:52:45.267+0000] {dagbag.py:536} INFO - Filling up the DagBag from /opt/airflow/dags/connections_dag.py
[2026-03-14T18:52:45.276+0000] {processor.py:839} INFO - DAG(s) dict_keys(['connections_exercise']) retrieved from /opt/airflow/dags/connections_dag.py
[2026-03-14T18:52:45.299+0000] {logging_mixin.py:154} INFO - [2026-03-14T18:52:45.299+0000] {dag.py:2941} INFO - Sync 1 DAGs
[2026-03-14T18:52:45.311+0000] {logging_mixin.py:154} INFO - [2026-03-14T18:52:45.311+0000] {dag.py:3722} INFO - Setting next_dagrun for connections_exercise to None, run_after=None
[2026-03-14T18:52:45.327+0000] {processor.py:179} INFO - Processing /opt/airflow/dags/connections_dag.py took 0.064 seconds
[2026-03-14T18:53:16.972+0000] {processor.py:157} INFO - Started process (PID=1234) to work on /opt/airflow/dags/connections_dag.py
[2026-03-14T18:53:16.975+0000] {processor.py:829} INFO - Processing file /opt/airflow/dags/connections_dag.py for tasks to queue
[2026-03-14T18:53:16.976+0000] {logging_mixin.py:154} INFO - [2026-03-14T18:53:16.976+0000] {dagbag.py:536} INFO - Filling up the DagBag from /opt/airflow/dags/connections_dag.py
[2026-03-14T18:53:16.984+0000] {processor.py:839} INFO - DAG(s) dict_keys(['connections_exercise']) retrieved from /opt/airflow/dags/connections_dag.py
[2026-03-14T18:53:17.007+0000] {logging_mixin.py:154} INFO - [2026-03-14T18:53:17.007+0000] {dag.py:2941} INFO - Sync 1 DAGs
[2026-03-14T18:53:17.019+0000] {logging_mixin.py:154} INFO - [2026-03-14T18:53:17.019+0000] {dag.py:3722} INFO - Setting next_dagrun for connections_exercise to None, run_after=None
[2026-03-14T18:53:17.036+0000] {processor.py:179} INFO - Processing /opt/airflow/dags/connections_dag.py took 0.067 seconds
[2026-03-14T18:53:48.808+0000] {processor.py:157} INFO - Started process (PID=1251) to work on /opt/airflow/dags/connections_dag.py
[2026-03-14T18:53:48.809+0000] {processor.py:829} INFO - Processing file /opt/airflow/dags/connections_dag.py for tasks to queue
[2026-03-14T18:53:48.810+0000] {logging_mixin.py:154} INFO - [2026-03-14T18:53:48.809+0000] {dagbag.py:536} INFO - Filling up the DagBag from /opt/airflow/dags/connections_dag.py
[2026-03-14T18:53:48.818+0000] {processor.py:839} INFO - DAG(s) dict_keys(['connections_exercise']) retrieved from /opt/airflow/dags/connections_dag.py
[2026-03-14T18:53:48.842+0000] {logging_mixin.py:154} INFO - [2026-03-14T18:53:48.842+0000] {dag.py:2941} INFO - Sync 1 DAGs
[2026-03-14T18:53:48.855+0000] {logging_mixin.py:154} INFO - [2026-03-14T18:53:48.855+0000] {dag.py:3722} INFO - Setting next_dagrun for connections_exercise to None, run_after=None
[2026-03-14T18:53:48.871+0000] {processor.py:179} INFO - Processing /opt/airflow/dags/connections_dag.py took 0.066 seconds
[2026-03-14T18:54:19.475+0000] {processor.py:157} INFO - Started process (PID=1268) to work on /opt/airflow/dags/connections_dag.py
[2026-03-14T18:54:19.478+0000] {processor.py:829} INFO - Processing file /opt/airflow/dags/connections_dag.py for tasks to queue
[2026-03-14T18:54:19.479+0000] {logging_mixin.py:154} INFO - [2026-03-14T18:54:19.479+0000] {dagbag.py:536} INFO - Filling up the DagBag from /opt/airflow/dags/connections_dag.py
[2026-03-14T18:54:19.487+0000] {processor.py:839} INFO - DAG(s) dict_keys(['connections_exercise']) retrieved from /opt/airflow/dags/connections_dag.py
[2026-03-14T18:54:19.510+0000] {logging_mixin.py:154} INFO - [2026-03-14T18:54:19.510+0000] {dag.py:2941} INFO - Sync 1 DAGs
[2026-03-14T18:54:19.525+0000] {logging_mixin.py:154} INFO - [2026-03-14T18:54:19.524+0000] {dag.py:3722} INFO - Setting next_dagrun for connections_exercise to None, run_after=None
[2026-03-14T18:54:19.540+0000] {processor.py:179} INFO - Processing /opt/airflow/dags/connections_dag.py took 0.068 seconds
[2026-03-14T18:54:51.121+0000] {processor.py:157} INFO - Started process (PID=1284) to work on /opt/airflow/dags/connections_dag.py
[2026-03-14T18:54:51.122+0000] {processor.py:829} INFO - Processing file /opt/airflow/dags/connections_dag.py for tasks to queue
[2026-03-14T18:54:51.122+0000] {logging_mixin.py:154} INFO - [2026-03-14T18:54:51.122+0000] {dagbag.py:536} INFO - Filling up the DagBag from /opt/airflow/dags/connections_dag.py
[2026-03-14T18:54:51.131+0000] {processor.py:839} INFO - DAG(s) dict_keys(['connections_exercise']) retrieved from /opt/airflow/dags/connections_dag.py
[2026-03-14T18:54:51.156+0000] {logging_mixin.py:154} INFO - [2026-03-14T18:54:51.156+0000] {dag.py:2941} INFO - Sync 1 DAGs
[2026-03-14T18:54:51.168+0000] {logging_mixin.py:154} INFO - [2026-03-14T18:54:51.168+0000] {dag.py:3722} INFO - Setting next_dagrun for connections_exercise to None, run_after=None
[2026-03-14T18:54:51.184+0000] {processor.py:179} INFO - Processing /opt/airflow/dags/connections_dag.py took 0.066 seconds
[2026-03-14T18:55:22.851+0000] {processor.py:157} INFO - Started process (PID=1301) to work on /opt/airflow/dags/connections_dag.py
[2026-03-14T18:55:22.852+0000] {processor.py:829} INFO - Processing file /opt/airflow/dags/connections_dag.py for tasks to queue
[2026-03-14T18:55:22.853+0000] {logging_mixin.py:154} INFO - [2026-03-14T18:55:22.853+0000] {dagbag.py:536} INFO - Filling up the DagBag from /opt/airflow/dags/connections_dag.py
[2026-03-14T18:55:22.863+0000] {processor.py:839} INFO - DAG(s) dict_keys(['connections_exercise']) retrieved from /opt/airflow/dags/connections_dag.py
[2026-03-14T18:55:22.885+0000] {logging_mixin.py:154} INFO - [2026-03-14T18:55:22.885+0000] {dag.py:2941} INFO - Sync 1 DAGs
[2026-03-14T18:55:22.895+0000] {logging_mixin.py:154} INFO - [2026-03-14T18:55:22.895+0000] {dag.py:3722} INFO - Setting next_dagrun for connections_exercise to None, run_after=None
[2026-03-14T18:55:22.910+0000] {processor.py:179} INFO - Processing /opt/airflow/dags/connections_dag.py took 0.062 seconds
[2026-03-14T18:55:54.622+0000] {processor.py:157} INFO - Started process (PID=1318) to work on /opt/airflow/dags/connections_dag.py
[2026-03-14T18:55:54.625+0000] {processor.py:829} INFO - Processing file /opt/airflow/dags/connections_dag.py for tasks to queue
[2026-03-14T18:55:54.626+0000] {logging_mixin.py:154} INFO - [2026-03-14T18:55:54.625+0000] {dagbag.py:536} INFO - Filling up the DagBag from /opt/airflow/dags/connections_dag.py
[2026-03-14T18:55:54.634+0000] {processor.py:839} INFO - DAG(s) dict_keys(['connections_exercise']) retrieved from /opt/airflow/dags/connections_dag.py
[2026-03-14T18:55:54.657+0000] {logging_mixin.py:154} INFO - [2026-03-14T18:55:54.657+0000] {dag.py:2941} INFO - Sync 1 DAGs
[2026-03-14T18:55:54.667+0000] {logging_mixin.py:154} INFO - [2026-03-14T18:55:54.667+0000] {dag.py:3722} INFO - Setting next_dagrun for connections_exercise to None, run_after=None
[2026-03-14T18:55:54.683+0000] {processor.py:179} INFO - Processing /opt/airflow/dags/connections_dag.py took 0.064 seconds
[2026-03-14T18:56:26.323+0000] {processor.py:157} INFO - Started process (PID=1335) to work on /opt/airflow/dags/connections_dag.py
[2026-03-14T18:56:26.324+0000] {processor.py:829} INFO - Processing file /opt/airflow/dags/connections_dag.py for tasks to queue
[2026-03-14T18:56:26.325+0000] {logging_mixin.py:154} INFO - [2026-03-14T18:56:26.325+0000] {dagbag.py:536} INFO - Filling up the DagBag from /opt/airflow/dags/connections_dag.py
[2026-03-14T18:56:26.333+0000] {processor.py:839} INFO - DAG(s) dict_keys(['connections_exercise']) retrieved from /opt/airflow/dags/connections_dag.py
[2026-03-14T18:56:26.356+0000] {logging_mixin.py:154} INFO - [2026-03-14T18:56:26.356+0000] {dag.py:2941} INFO - Sync 1 DAGs
[2026-03-14T18:56:26.367+0000] {logging_mixin.py:154} INFO - [2026-03-14T18:56:26.367+0000] {dag.py:3722} INFO - Setting next_dagrun for connections_exercise to None, run_after=None
[2026-03-14T18:56:26.383+0000] {processor.py:179} INFO - Processing /opt/airflow/dags/connections_dag.py took 0.062 seconds
[2026-03-14T18:56:57.037+0000] {processor.py:157} INFO - Started process (PID=1353) to work on /opt/airflow/dags/connections_dag.py
[2026-03-14T18:56:57.039+0000] {processor.py:829} INFO - Processing file /opt/airflow/dags/connections_dag.py for tasks to queue
[2026-03-14T18:56:57.040+0000] {logging_mixin.py:154} INFO - [2026-03-14T18:56:57.039+0000] {dagbag.py:536} INFO - Filling up the DagBag from /opt/airflow/dags/connections_dag.py
[2026-03-14T18:56:57.049+0000] {processor.py:839} INFO - DAG(s) dict_keys(['connections_exercise']) retrieved from /opt/airflow/dags/connections_dag.py
[2026-03-14T18:56:57.075+0000] {logging_mixin.py:154} INFO - [2026-03-14T18:56:57.075+0000] {dag.py:2941} INFO - Sync 1 DAGs
[2026-03-14T18:56:57.085+0000] {logging_mixin.py:154} INFO - [2026-03-14T18:56:57.085+0000] {dag.py:3722} INFO - Setting next_dagrun for connections_exercise to None, run_after=None
[2026-03-14T18:56:57.101+0000] {processor.py:179} INFO - Processing /opt/airflow/dags/connections_dag.py took 0.067 seconds
[2026-03-14T18:57:28.777+0000] {processor.py:157} INFO - Started process (PID=1370) to work on /opt/airflow/dags/connections_dag.py
[2026-03-14T18:57:28.778+0000] {processor.py:829} INFO - Processing file /opt/airflow/dags/connections_dag.py for tasks to queue
[2026-03-14T18:57:28.779+0000] {logging_mixin.py:154} INFO - [2026-03-14T18:57:28.778+0000] {dagbag.py:536} INFO - Filling up the DagBag from /opt/airflow/dags/connections_dag.py
[2026-03-14T18:57:28.787+0000] {processor.py:839} INFO - DAG(s) dict_keys(['connections_exercise']) retrieved from /opt/airflow/dags/connections_dag.py
[2026-03-14T18:57:28.809+0000] {logging_mixin.py:154} INFO - [2026-03-14T18:57:28.808+0000] {dag.py:2941} INFO - Sync 1 DAGs
[2026-03-14T18:57:28.819+0000] {logging_mixin.py:154} INFO - [2026-03-14T18:57:28.819+0000] {dag.py:3722} INFO - Setting next_dagrun for connections_exercise to None, run_after=None
[2026-03-14T18:57:28.834+0000] {processor.py:179} INFO - Processing /opt/airflow/dags/connections_dag.py took 0.060 seconds
[2026-03-14T18:58:00.613+0000] {processor.py:157} INFO - Started process (PID=1387) to work on /opt/airflow/dags/connections_dag.py
[2026-03-14T18:58:00.615+0000] {processor.py:829} INFO - Processing file /opt/airflow/dags/connections_dag.py for tasks to queue
[2026-03-14T18:58:00.615+0000] {logging_mixin.py:154} INFO - [2026-03-14T18:58:00.615+0000] {dagbag.py:536} INFO - Filling up the DagBag from /opt/airflow/dags/connections_dag.py
[2026-03-14T18:58:00.624+0000] {processor.py:839} INFO - DAG(s) dict_keys(['connections_exercise']) retrieved from /opt/airflow/dags/connections_dag.py
[2026-03-14T18:58:00.646+0000] {logging_mixin.py:154} INFO - [2026-03-14T18:58:00.645+0000] {dag.py:2941} INFO - Sync 1 DAGs
[2026-03-14T18:58:00.656+0000] {logging_mixin.py:154} INFO - [2026-03-14T18:58:00.656+0000] {dag.py:3722} INFO - Setting next_dagrun for connections_exercise to None, run_after=None
[2026-03-14T18:58:00.670+0000] {processor.py:179} INFO - Processing /opt/airflow/dags/connections_dag.py took 0.060 seconds
[2026-03-14T18:58:31.331+0000] {processor.py:157} INFO - Started process (PID=1404) to work on /opt/airflow/dags/connections_dag.py
[2026-03-14T18:58:31.332+0000] {processor.py:829} INFO - Processing file /opt/airflow/dags/connections_dag.py for tasks to queue
[2026-03-14T18:58:31.333+0000] {logging_mixin.py:154} INFO - [2026-03-14T18:58:31.333+0000] {dagbag.py:536} INFO - Filling up the DagBag from /opt/airflow/dags/connections_dag.py
[2026-03-14T18:58:31.342+0000] {processor.py:839} INFO - DAG(s) dict_keys(['connections_exercise']) retrieved from /opt/airflow/dags/connections_dag.py
[2026-03-14T18:58:31.364+0000] {logging_mixin.py:154} INFO - [2026-03-14T18:58:31.364+0000] {dag.py:2941} INFO - Sync 1 DAGs
[2026-03-14T18:58:31.374+0000] {logging_mixin.py:154} INFO - [2026-03-14T18:58:31.374+0000] {dag.py:3722} INFO - Setting next_dagrun for connections_exercise to None, run_after=None
[2026-03-14T18:58:31.390+0000] {processor.py:179} INFO - Processing /opt/airflow/dags/connections_dag.py took 0.062 seconds
[2026-03-14T18:59:03.006+0000] {processor.py:157} INFO - Started process (PID=1421) to work on /opt/airflow/dags/connections_dag.py
[2026-03-14T18:59:03.007+0000] {processor.py:829} INFO - Processing file /opt/airflow/dags/connections_dag.py for tasks to queue
[2026-03-14T18:59:03.008+0000] {logging_mixin.py:154} INFO - [2026-03-14T18:59:03.007+0000] {dagbag.py:536} INFO - Filling up the DagBag from /opt/airflow/dags/connections_dag.py
[2026-03-14T18:59:03.017+0000] {processor.py:839} INFO - DAG(s) dict_keys(['connections_exercise']) retrieved from /opt/airflow/dags/connections_dag.py
[2026-03-14T18:59:03.041+0000] {logging_mixin.py:154} INFO - [2026-03-14T18:59:03.041+0000] {dag.py:2941} INFO - Sync 1 DAGs
[2026-03-14T18:59:03.061+0000] {logging_mixin.py:154} INFO - [2026-03-14T18:59:03.061+0000] {dag.py:3722} INFO - Setting next_dagrun for connections_exercise to None, run_after=None
[2026-03-14T18:59:03.087+0000] {processor.py:179} INFO - Processing /opt/airflow/dags/connections_dag.py took 0.084 seconds
[2026-03-14T18:59:34.598+0000] {processor.py:157} INFO - Started process (PID=1438) to work on /opt/airflow/dags/connections_dag.py
[2026-03-14T18:59:34.599+0000] {processor.py:829} INFO - Processing file /opt/airflow/dags/connections_dag.py for tasks to queue
[2026-03-14T18:59:34.602+0000] {logging_mixin.py:154} INFO - [2026-03-14T18:59:34.601+0000] {dagbag.py:536} INFO - Filling up the DagBag from /opt/airflow/dags/connections_dag.py
[2026-03-14T18:59:34.610+0000] {processor.py:839} INFO - DAG(s) dict_keys(['connections_exercise']) retrieved from /opt/airflow/dags/connections_dag.py
[2026-03-14T18:59:34.639+0000] {logging_mixin.py:154} INFO - [2026-03-14T18:59:34.639+0000] {dag.py:2941} INFO - Sync 1 DAGs
[2026-03-14T18:59:34.651+0000] {logging_mixin.py:154} INFO - [2026-03-14T18:59:34.651+0000] {dag.py:3722} INFO - Setting next_dagrun for connections_exercise to None, run_after=None
[2026-03-14T18:59:34.665+0000] {processor.py:179} INFO - Processing /opt/airflow/dags/connections_dag.py took 0.071 seconds
[2026-03-14T19:00:06.316+0000] {processor.py:157} INFO - Started process (PID=1455) to work on /opt/airflow/dags/connections_dag.py
[2026-03-14T19:00:06.317+0000] {processor.py:829} INFO - Processing file /opt/airflow/dags/connections_dag.py for tasks to queue
[2026-03-14T19:00:06.318+0000] {logging_mixin.py:154} INFO - [2026-03-14T19:00:06.318+0000] {dagbag.py:536} INFO - Filling up the DagBag from /opt/airflow/dags/connections_dag.py
[2026-03-14T19:00:06.328+0000] {processor.py:839} INFO - DAG(s) dict_keys(['connections_exercise']) retrieved from /opt/airflow/dags/connections_dag.py
[2026-03-14T19:00:06.351+0000] {logging_mixin.py:154} INFO - [2026-03-14T19:00:06.350+0000] {dag.py:2941} INFO - Sync 1 DAGs
[2026-03-14T19:00:06.361+0000] {logging_mixin.py:154} INFO - [2026-03-14T19:00:06.361+0000] {dag.py:3722} INFO - Setting next_dagrun for connections_exercise to None, run_after=None
[2026-03-14T19:00:06.376+0000] {processor.py:179} INFO - Processing /opt/airflow/dags/connections_dag.py took 0.063 seconds
[2026-03-14T19:00:38.093+0000] {processor.py:157} INFO - Started process (PID=1472) to work on /opt/airflow/dags/connections_dag.py
[2026-03-14T19:00:38.095+0000] {processor.py:829} INFO - Processing file /opt/airflow/dags/connections_dag.py for tasks to queue
[2026-03-14T19:00:38.097+0000] {logging_mixin.py:154} INFO - [2026-03-14T19:00:38.096+0000] {dagbag.py:536} INFO - Filling up the DagBag from /opt/airflow/dags/connections_dag.py
[2026-03-14T19:00:38.106+0000] {processor.py:839} INFO - DAG(s) dict_keys(['connections_exercise']) retrieved from /opt/airflow/dags/connections_dag.py
[2026-03-14T19:00:38.127+0000] {logging_mixin.py:154} INFO - [2026-03-14T19:00:38.127+0000] {dag.py:2941} INFO - Sync 1 DAGs
[2026-03-14T19:00:38.138+0000] {logging_mixin.py:154} INFO - [2026-03-14T19:00:38.138+0000] {dag.py:3722} INFO - Setting next_dagrun for connections_exercise to None, run_after=None
[2026-03-14T19:00:38.152+0000] {processor.py:179} INFO - Processing /opt/airflow/dags/connections_dag.py took 0.063 seconds
[2026-03-14T19:01:09.797+0000] {processor.py:157} INFO - Started process (PID=1489) to work on /opt/airflow/dags/connections_dag.py
[2026-03-14T19:01:09.800+0000] {processor.py:829} INFO - Processing file /opt/airflow/dags/connections_dag.py for tasks to queue
[2026-03-14T19:01:09.800+0000] {logging_mixin.py:154} INFO - [2026-03-14T19:01:09.800+0000] {dagbag.py:536} INFO - Filling up the DagBag from /opt/airflow/dags/connections_dag.py
[2026-03-14T19:01:09.808+0000] {processor.py:839} INFO - DAG(s) dict_keys(['connections_exercise']) retrieved from /opt/airflow/dags/connections_dag.py
[2026-03-14T19:01:09.835+0000] {logging_mixin.py:154} INFO - [2026-03-14T19:01:09.834+0000] {dag.py:2941} INFO - Sync 1 DAGs
[2026-03-14T19:01:09.850+0000] {logging_mixin.py:154} INFO - [2026-03-14T19:01:09.850+0000] {dag.py:3722} INFO - Setting next_dagrun for connections_exercise to None, run_after=None
[2026-03-14T19:01:09.868+0000] {processor.py:179} INFO - Processing /opt/airflow/dags/connections_dag.py took 0.073 seconds
[2026-03-14T19:01:41.546+0000] {processor.py:157} INFO - Started process (PID=1506) to work on /opt/airflow/dags/connections_dag.py
[2026-03-14T19:01:41.547+0000] {processor.py:829} INFO - Processing file /opt/airflow/dags/connections_dag.py for tasks to queue
[2026-03-14T19:01:41.549+0000] {logging_mixin.py:154} INFO - [2026-03-14T19:01:41.548+0000] {dagbag.py:536} INFO - Filling up the DagBag from /opt/airflow/dags/connections_dag.py
[2026-03-14T19:01:41.558+0000] {processor.py:839} INFO - DAG(s) dict_keys(['connections_exercise']) retrieved from /opt/airflow/dags/connections_dag.py
[2026-03-14T19:01:41.580+0000] {logging_mixin.py:154} INFO - [2026-03-14T19:01:41.580+0000] {dag.py:2941} INFO - Sync 1 DAGs
[2026-03-14T19:01:41.591+0000] {logging_mixin.py:154} INFO - [2026-03-14T19:01:41.591+0000] {dag.py:3722} INFO - Setting next_dagrun for connections_exercise to None, run_after=None
[2026-03-14T19:01:41.606+0000] {processor.py:179} INFO - Processing /opt/airflow/dags/connections_dag.py took 0.063 seconds
[2026-03-14T19:02:12.288+0000] {processor.py:157} INFO - Started process (PID=1523) to work on /opt/airflow/dags/connections_dag.py
[2026-03-14T19:02:12.289+0000] {processor.py:829} INFO - Processing file /opt/airflow/dags/connections_dag.py for tasks to queue
[2026-03-14T19:02:12.290+0000] {logging_mixin.py:154} INFO - [2026-03-14T19:02:12.290+0000] {dagbag.py:536} INFO - Filling up the DagBag from /opt/airflow/dags/connections_dag.py
[2026-03-14T19:02:12.298+0000] {processor.py:839} INFO - DAG(s) dict_keys(['connections_exercise']) retrieved from /opt/airflow/dags/connections_dag.py
[2026-03-14T19:02:12.320+0000] {logging_mixin.py:154} INFO - [2026-03-14T19:02:12.319+0000] {dag.py:2941} INFO - Sync 1 DAGs
[2026-03-14T19:02:12.330+0000] {logging_mixin.py:154} INFO - [2026-03-14T19:02:12.330+0000] {dag.py:3722} INFO - Setting next_dagrun for connections_exercise to None, run_after=None
[2026-03-14T19:02:12.347+0000] {processor.py:179} INFO - Processing /opt/airflow/dags/connections_dag.py took 0.061 seconds
[2026-03-14T19:02:44.018+0000] {processor.py:157} INFO - Started process (PID=1539) to work on /opt/airflow/dags/connections_dag.py
[2026-03-14T19:02:44.019+0000] {processor.py:829} INFO - Processing file /opt/airflow/dags/connections_dag.py for tasks to queue
[2026-03-14T19:02:44.020+0000] {logging_mixin.py:154} INFO - [2026-03-14T19:02:44.020+0000] {dagbag.py:536} INFO - Filling up the DagBag from /opt/airflow/dags/connections_dag.py
[2026-03-14T19:02:44.028+0000] {processor.py:839} INFO - DAG(s) dict_keys(['connections_exercise']) retrieved from /opt/airflow/dags/connections_dag.py
[2026-03-14T19:02:44.050+0000] {logging_mixin.py:154} INFO - [2026-03-14T19:02:44.050+0000] {dag.py:2941} INFO - Sync 1 DAGs
[2026-03-14T19:02:44.061+0000] {logging_mixin.py:154} INFO - [2026-03-14T19:02:44.061+0000] {dag.py:3722} INFO - Setting next_dagrun for connections_exercise to None, run_after=None
[2026-03-14T19:02:44.079+0000] {processor.py:179} INFO - Processing /opt/airflow/dags/connections_dag.py took 0.069 seconds
[2026-03-14T19:03:15.725+0000] {processor.py:157} INFO - Started process (PID=1556) to work on /opt/airflow/dags/connections_dag.py
[2026-03-14T19:03:15.727+0000] {processor.py:829} INFO - Processing file /opt/airflow/dags/connections_dag.py for tasks to queue
[2026-03-14T19:03:15.728+0000] {logging_mixin.py:154} INFO - [2026-03-14T19:03:15.728+0000] {dagbag.py:536} INFO - Filling up the DagBag from /opt/airflow/dags/connections_dag.py
[2026-03-14T19:03:15.737+0000] {processor.py:839} INFO - DAG(s) dict_keys(['connections_exercise']) retrieved from /opt/airflow/dags/connections_dag.py
[2026-03-14T19:03:15.759+0000] {logging_mixin.py:154} INFO - [2026-03-14T19:03:15.759+0000] {dag.py:2941} INFO - Sync 1 DAGs
[2026-03-14T19:03:15.770+0000] {logging_mixin.py:154} INFO - [2026-03-14T19:03:15.770+0000] {dag.py:3722} INFO - Setting next_dagrun for connections_exercise to None, run_after=None
[2026-03-14T19:03:15.785+0000] {processor.py:179} INFO - Processing /opt/airflow/dags/connections_dag.py took 0.063 seconds
[2026-03-14T19:03:47.419+0000] {processor.py:157} INFO - Started process (PID=1573) to work on /opt/airflow/dags/connections_dag.py
[2026-03-14T19:03:47.419+0000] {processor.py:829} INFO - Processing file /opt/airflow/dags/connections_dag.py for tasks to queue
[2026-03-14T19:03:47.420+0000] {logging_mixin.py:154} INFO - [2026-03-14T19:03:47.419+0000] {dagbag.py:536} INFO - Filling up the DagBag from /opt/airflow/dags/connections_dag.py
[2026-03-14T19:03:47.428+0000] {processor.py:839} INFO - DAG(s) dict_keys(['connections_exercise']) retrieved from /opt/airflow/dags/connections_dag.py
[2026-03-14T19:03:47.452+0000] {logging_mixin.py:154} INFO - [2026-03-14T19:03:47.452+0000] {dag.py:2941} INFO - Sync 1 DAGs
[2026-03-14T19:03:47.467+0000] {logging_mixin.py:154} INFO - [2026-03-14T19:03:47.467+0000] {dag.py:3722} INFO - Setting next_dagrun for connections_exercise to None, run_after=None
[2026-03-14T19:03:47.482+0000] {processor.py:179} INFO - Processing /opt/airflow/dags/connections_dag.py took 0.067 seconds
[2026-03-14T19:04:19.152+0000] {processor.py:157} INFO - Started process (PID=1590) to work on /opt/airflow/dags/connections_dag.py
[2026-03-14T19:04:19.153+0000] {processor.py:829} INFO - Processing file /opt/airflow/dags/connections_dag.py for tasks to queue
[2026-03-14T19:04:19.153+0000] {logging_mixin.py:154} INFO - [2026-03-14T19:04:19.153+0000] {dagbag.py:536} INFO - Filling up the DagBag from /opt/airflow/dags/connections_dag.py
[2026-03-14T19:04:19.162+0000] {processor.py:839} INFO - DAG(s) dict_keys(['connections_exercise']) retrieved from /opt/airflow/dags/connections_dag.py
[2026-03-14T19:04:19.186+0000] {logging_mixin.py:154} INFO - [2026-03-14T19:04:19.185+0000] {dag.py:2941} INFO - Sync 1 DAGs
[2026-03-14T19:04:19.196+0000] {logging_mixin.py:154} INFO - [2026-03-14T19:04:19.196+0000] {dag.py:3722} INFO - Setting next_dagrun for connections_exercise to None, run_after=None
[2026-03-14T19:04:19.210+0000] {processor.py:179} INFO - Processing /opt/airflow/dags/connections_dag.py took 0.062 seconds
[2026-03-14T19:04:50.943+0000] {processor.py:157} INFO - Started process (PID=1607) to work on /opt/airflow/dags/connections_dag.py
[2026-03-14T19:04:50.944+0000] {processor.py:829} INFO - Processing file /opt/airflow/dags/connections_dag.py for tasks to queue
[2026-03-14T19:04:50.944+0000] {logging_mixin.py:154} INFO - [2026-03-14T19:04:50.944+0000] {dagbag.py:536} INFO - Filling up the DagBag from /opt/airflow/dags/connections_dag.py
[2026-03-14T19:04:50.953+0000] {processor.py:839} INFO - DAG(s) dict_keys(['connections_exercise']) retrieved from /opt/airflow/dags/connections_dag.py
[2026-03-14T19:04:50.974+0000] {logging_mixin.py:154} INFO - [2026-03-14T19:04:50.974+0000] {dag.py:2941} INFO - Sync 1 DAGs
[2026-03-14T19:04:50.986+0000] {logging_mixin.py:154} INFO - [2026-03-14T19:04:50.986+0000] {dag.py:3722} INFO - Setting next_dagrun for connections_exercise to None, run_after=None
[2026-03-14T19:04:51.001+0000] {processor.py:179} INFO - Processing /opt/airflow/dags/connections_dag.py took 0.061 seconds
[2026-03-14T19:05:21.649+0000] {processor.py:157} INFO - Started process (PID=1624) to work on /opt/airflow/dags/connections_dag.py
[2026-03-14T19:05:21.649+0000] {processor.py:829} INFO - Processing file /opt/airflow/dags/connections_dag.py for tasks to queue
[2026-03-14T19:05:21.650+0000] {logging_mixin.py:154} INFO - [2026-03-14T19:05:21.650+0000] {dagbag.py:536} INFO - Filling up the DagBag from /opt/airflow/dags/connections_dag.py
[2026-03-14T19:05:21.661+0000] {processor.py:839} INFO - DAG(s) dict_keys(['connections_exercise']) retrieved from /opt/airflow/dags/connections_dag.py
[2026-03-14T19:05:21.692+0000] {logging_mixin.py:154} INFO - [2026-03-14T19:05:21.691+0000] {dag.py:2941} INFO - Sync 1 DAGs
[2026-03-14T19:05:21.710+0000] {logging_mixin.py:154} INFO - [2026-03-14T19:05:21.709+0000] {dag.py:3722} INFO - Setting next_dagrun for connections_exercise to None, run_after=None
[2026-03-14T19:05:21.728+0000] {processor.py:179} INFO - Processing /opt/airflow/dags/connections_dag.py took 0.083 seconds
[2026-03-14T19:05:53.437+0000] {processor.py:157} INFO - Started process (PID=1641) to work on /opt/airflow/dags/connections_dag.py
[2026-03-14T19:05:53.438+0000] {processor.py:829} INFO - Processing file /opt/airflow/dags/connections_dag.py for tasks to queue
[2026-03-14T19:05:53.439+0000] {logging_mixin.py:154} INFO - [2026-03-14T19:05:53.439+0000] {dagbag.py:536} INFO - Filling up the DagBag from /opt/airflow/dags/connections_dag.py
[2026-03-14T19:05:53.447+0000] {processor.py:839} INFO - DAG(s) dict_keys(['connections_exercise']) retrieved from /opt/airflow/dags/connections_dag.py
[2026-03-14T19:05:53.469+0000] {logging_mixin.py:154} INFO - [2026-03-14T19:05:53.469+0000] {dag.py:2941} INFO - Sync 1 DAGs
[2026-03-14T19:05:53.479+0000] {logging_mixin.py:154} INFO - [2026-03-14T19:05:53.479+0000] {dag.py:3722} INFO - Setting next_dagrun for connections_exercise to None, run_after=None
[2026-03-14T19:05:53.496+0000] {processor.py:179} INFO - Processing /opt/airflow/dags/connections_dag.py took 0.062 seconds
[2026-03-14T19:06:25.281+0000] {processor.py:157} INFO - Started process (PID=1658) to work on /opt/airflow/dags/connections_dag.py
[2026-03-14T19:06:25.282+0000] {processor.py:829} INFO - Processing file /opt/airflow/dags/connections_dag.py for tasks to queue
[2026-03-14T19:06:25.285+0000] {logging_mixin.py:154} INFO - [2026-03-14T19:06:25.284+0000] {dagbag.py:536} INFO - Filling up the DagBag from /opt/airflow/dags/connections_dag.py
[2026-03-14T19:06:25.296+0000] {processor.py:839} INFO - DAG(s) dict_keys(['connections_exercise']) retrieved from /opt/airflow/dags/connections_dag.py
[2026-03-14T19:06:25.319+0000] {logging_mixin.py:154} INFO - [2026-03-14T19:06:25.319+0000] {dag.py:2941} INFO - Sync 1 DAGs
[2026-03-14T19:06:25.329+0000] {logging_mixin.py:154} INFO - [2026-03-14T19:06:25.329+0000] {dag.py:3722} INFO - Setting next_dagrun for connections_exercise to None, run_after=None
[2026-03-14T19:06:25.356+0000] {processor.py:179} INFO - Processing /opt/airflow/dags/connections_dag.py took 0.081 seconds
[2026-03-14T19:06:57.132+0000] {processor.py:157} INFO - Started process (PID=1675) to work on /opt/airflow/dags/connections_dag.py
[2026-03-14T19:06:57.133+0000] {processor.py:829} INFO - Processing file /opt/airflow/dags/connections_dag.py for tasks to queue
[2026-03-14T19:06:57.134+0000] {logging_mixin.py:154} INFO - [2026-03-14T19:06:57.134+0000] {dagbag.py:536} INFO - Filling up the DagBag from /opt/airflow/dags/connections_dag.py
[2026-03-14T19:06:57.142+0000] {processor.py:839} INFO - DAG(s) dict_keys(['connections_exercise']) retrieved from /opt/airflow/dags/connections_dag.py
[2026-03-14T19:06:57.164+0000] {logging_mixin.py:154} INFO - [2026-03-14T19:06:57.164+0000] {dag.py:2941} INFO - Sync 1 DAGs
[2026-03-14T19:06:57.175+0000] {logging_mixin.py:154} INFO - [2026-03-14T19:06:57.175+0000] {dag.py:3722} INFO - Setting next_dagrun for connections_exercise to None, run_after=None
[2026-03-14T19:06:57.193+0000] {processor.py:179} INFO - Processing /opt/airflow/dags/connections_dag.py took 0.064 seconds
[2026-03-14T19:07:28.855+0000] {processor.py:157} INFO - Started process (PID=1692) to work on /opt/airflow/dags/connections_dag.py
[2026-03-14T19:07:28.857+0000] {processor.py:829} INFO - Processing file /opt/airflow/dags/connections_dag.py for tasks to queue
[2026-03-14T19:07:28.858+0000] {logging_mixin.py:154} INFO - [2026-03-14T19:07:28.857+0000] {dagbag.py:536} INFO - Filling up the DagBag from /opt/airflow/dags/connections_dag.py
[2026-03-14T19:07:28.867+0000] {processor.py:839} INFO - DAG(s) dict_keys(['connections_exercise']) retrieved from /opt/airflow/dags/connections_dag.py
[2026-03-14T19:07:28.888+0000] {logging_mixin.py:154} INFO - [2026-03-14T19:07:28.888+0000] {dag.py:2941} INFO - Sync 1 DAGs
[2026-03-14T19:07:28.899+0000] {logging_mixin.py:154} INFO - [2026-03-14T19:07:28.899+0000] {dag.py:3722} INFO - Setting next_dagrun for connections_exercise to None, run_after=None
[2026-03-14T19:07:28.917+0000] {processor.py:179} INFO - Processing /opt/airflow/dags/connections_dag.py took 0.065 seconds
[2026-03-14T19:07:59.695+0000] {processor.py:157} INFO - Started process (PID=1709) to work on /opt/airflow/dags/connections_dag.py
[2026-03-14T19:07:59.696+0000] {processor.py:829} INFO - Processing file /opt/airflow/dags/connections_dag.py for tasks to queue
[2026-03-14T19:07:59.696+0000] {logging_mixin.py:154} INFO - [2026-03-14T19:07:59.696+0000] {dagbag.py:536} INFO - Filling up the DagBag from /opt/airflow/dags/connections_dag.py
[2026-03-14T19:07:59.705+0000] {processor.py:839} INFO - DAG(s) dict_keys(['connections_exercise']) retrieved from /opt/airflow/dags/connections_dag.py
[2026-03-14T19:07:59.727+0000] {logging_mixin.py:154} INFO - [2026-03-14T19:07:59.727+0000] {dag.py:2941} INFO - Sync 1 DAGs
[2026-03-14T19:07:59.737+0000] {logging_mixin.py:154} INFO - [2026-03-14T19:07:59.737+0000] {dag.py:3722} INFO - Setting next_dagrun for connections_exercise to None, run_after=None
[2026-03-14T19:07:59.753+0000] {processor.py:179} INFO - Processing /opt/airflow/dags/connections_dag.py took 0.061 seconds
[2026-03-14T19:08:31.435+0000] {processor.py:157} INFO - Started process (PID=1726) to work on /opt/airflow/dags/connections_dag.py
[2026-03-14T19:08:31.437+0000] {processor.py:829} INFO - Processing file /opt/airflow/dags/connections_dag.py for tasks to queue
[2026-03-14T19:08:31.437+0000] {logging_mixin.py:154} INFO - [2026-03-14T19:08:31.437+0000] {dagbag.py:536} INFO - Filling up the DagBag from /opt/airflow/dags/connections_dag.py
[2026-03-14T19:08:31.446+0000] {processor.py:839} INFO - DAG(s) dict_keys(['connections_exercise']) retrieved from /opt/airflow/dags/connections_dag.py
[2026-03-14T19:08:31.468+0000] {logging_mixin.py:154} INFO - [2026-03-14T19:08:31.468+0000] {dag.py:2941} INFO - Sync 1 DAGs
[2026-03-14T19:08:31.478+0000] {logging_mixin.py:154} INFO - [2026-03-14T19:08:31.478+0000] {dag.py:3722} INFO - Setting next_dagrun for connections_exercise to None, run_after=None
[2026-03-14T19:08:31.493+0000] {processor.py:179} INFO - Processing /opt/airflow/dags/connections_dag.py took 0.061 seconds
[2026-03-14T19:09:03.245+0000] {processor.py:157} INFO - Started process (PID=1743) to work on /opt/airflow/dags/connections_dag.py
[2026-03-14T19:09:03.246+0000] {processor.py:829} INFO - Processing file /opt/airflow/dags/connections_dag.py for tasks to queue
[2026-03-14T19:09:03.247+0000] {logging_mixin.py:154} INFO - [2026-03-14T19:09:03.247+0000] {dagbag.py:536} INFO - Filling up the DagBag from /opt/airflow/dags/connections_dag.py
[2026-03-14T19:09:03.258+0000] {processor.py:839} INFO - DAG(s) dict_keys(['connections_exercise']) retrieved from /opt/airflow/dags/connections_dag.py
[2026-03-14T19:09:03.280+0000] {logging_mixin.py:154} INFO - [2026-03-14T19:09:03.280+0000] {dag.py:2941} INFO - Sync 1 DAGs
[2026-03-14T19:09:03.290+0000] {logging_mixin.py:154} INFO - [2026-03-14T19:09:03.290+0000] {dag.py:3722} INFO - Setting next_dagrun for connections_exercise to None, run_after=None
[2026-03-14T19:09:03.305+0000] {processor.py:179} INFO - Processing /opt/airflow/dags/connections_dag.py took 0.065 seconds
[2026-03-14T19:09:35.005+0000] {processor.py:157} INFO - Started process (PID=1760) to work on /opt/airflow/dags/connections_dag.py
[2026-03-14T19:09:35.005+0000] {processor.py:829} INFO - Processing file /opt/airflow/dags/connections_dag.py for tasks to queue
[2026-03-14T19:09:35.006+0000] {logging_mixin.py:154} INFO - [2026-03-14T19:09:35.006+0000] {dagbag.py:536} INFO - Filling up the DagBag from /opt/airflow/dags/connections_dag.py
[2026-03-14T19:09:35.014+0000] {processor.py:839} INFO - DAG(s) dict_keys(['connections_exercise']) retrieved from /opt/airflow/dags/connections_dag.py
[2026-03-14T19:09:35.039+0000] {logging_mixin.py:154} INFO - [2026-03-14T19:09:35.038+0000] {dag.py:2941} INFO - Sync 1 DAGs
[2026-03-14T19:09:35.049+0000] {logging_mixin.py:154} INFO - [2026-03-14T19:09:35.049+0000] {dag.py:3722} INFO - Setting next_dagrun for connections_exercise to None, run_after=None
[2026-03-14T19:09:35.067+0000] {processor.py:179} INFO - Processing /opt/airflow/dags/connections_dag.py took 0.065 seconds
[2026-03-14T19:10:06.907+0000] {processor.py:157} INFO - Started process (PID=1777) to work on /opt/airflow/dags/connections_dag.py
[2026-03-14T19:10:06.909+0000] {processor.py:829} INFO - Processing file /opt/airflow/dags/connections_dag.py for tasks to queue
[2026-03-14T19:10:06.910+0000] {logging_mixin.py:154} INFO - [2026-03-14T19:10:06.909+0000] {dagbag.py:536} INFO - Filling up the DagBag from /opt/airflow/dags/connections_dag.py
[2026-03-14T19:10:06.917+0000] {processor.py:839} INFO - DAG(s) dict_keys(['connections_exercise']) retrieved from /opt/airflow/dags/connections_dag.py
[2026-03-14T19:10:06.940+0000] {logging_mixin.py:154} INFO - [2026-03-14T19:10:06.940+0000] {dag.py:2941} INFO - Sync 1 DAGs
[2026-03-14T19:10:06.950+0000] {logging_mixin.py:154} INFO - [2026-03-14T19:10:06.950+0000] {dag.py:3722} INFO - Setting next_dagrun for connections_exercise to None, run_after=None
[2026-03-14T19:10:06.966+0000] {processor.py:179} INFO - Processing /opt/airflow/dags/connections_dag.py took 0.061 seconds
[2026-03-14T19:10:37.656+0000] {processor.py:157} INFO - Started process (PID=1794) to work on /opt/airflow/dags/connections_dag.py
[2026-03-14T19:10:37.657+0000] {processor.py:829} INFO - Processing file /opt/airflow/dags/connections_dag.py for tasks to queue
[2026-03-14T19:10:37.658+0000] {logging_mixin.py:154} INFO - [2026-03-14T19:10:37.658+0000] {dagbag.py:536} INFO - Filling up the DagBag from /opt/airflow/dags/connections_dag.py
[2026-03-14T19:10:37.667+0000] {processor.py:839} INFO - DAG(s) dict_keys(['connections_exercise']) retrieved from /opt/airflow/dags/connections_dag.py
[2026-03-14T19:10:37.689+0000] {logging_mixin.py:154} INFO - [2026-03-14T19:10:37.688+0000] {dag.py:2941} INFO - Sync 1 DAGs
[2026-03-14T19:10:37.699+0000] {logging_mixin.py:154} INFO - [2026-03-14T19:10:37.699+0000] {dag.py:3722} INFO - Setting next_dagrun for connections_exercise to None, run_after=None
[2026-03-14T19:10:37.715+0000] {processor.py:179} INFO - Processing /opt/airflow/dags/connections_dag.py took 0.062 seconds
[2026-03-14T19:11:09.503+0000] {processor.py:157} INFO - Started process (PID=1811) to work on /opt/airflow/dags/connections_dag.py
[2026-03-14T19:11:09.504+0000] {processor.py:829} INFO - Processing file /opt/airflow/dags/connections_dag.py for tasks to queue
[2026-03-14T19:11:09.505+0000] {logging_mixin.py:154} INFO - [2026-03-14T19:11:09.505+0000] {dagbag.py:536} INFO - Filling up the DagBag from /opt/airflow/dags/connections_dag.py
[2026-03-14T19:11:09.515+0000] {processor.py:839} INFO - DAG(s) dict_keys(['connections_exercise']) retrieved from /opt/airflow/dags/connections_dag.py
[2026-03-14T19:11:09.537+0000] {logging_mixin.py:154} INFO - [2026-03-14T19:11:09.537+0000] {dag.py:2941} INFO - Sync 1 DAGs
[2026-03-14T19:11:09.548+0000] {logging_mixin.py:154} INFO - [2026-03-14T19:11:09.548+0000] {dag.py:3722} INFO - Setting next_dagrun for connections_exercise to None, run_after=None
[2026-03-14T19:11:09.564+0000] {processor.py:179} INFO - Processing /opt/airflow/dags/connections_dag.py took 0.065 seconds
[2026-03-14T19:11:41.274+0000] {processor.py:157} INFO - Started process (PID=1828) to work on /opt/airflow/dags/connections_dag.py
[2026-03-14T19:11:41.275+0000] {processor.py:829} INFO - Processing file /opt/airflow/dags/connections_dag.py for tasks to queue
[2026-03-14T19:11:41.275+0000] {logging_mixin.py:154} INFO - [2026-03-14T19:11:41.275+0000] {dagbag.py:536} INFO - Filling up the DagBag from /opt/airflow/dags/connections_dag.py
[2026-03-14T19:11:41.284+0000] {processor.py:839} INFO - DAG(s) dict_keys(['connections_exercise']) retrieved from /opt/airflow/dags/connections_dag.py
[2026-03-14T19:11:41.307+0000] {logging_mixin.py:154} INFO - [2026-03-14T19:11:41.307+0000] {dag.py:2941} INFO - Sync 1 DAGs
[2026-03-14T19:11:41.317+0000] {logging_mixin.py:154} INFO - [2026-03-14T19:11:41.317+0000] {dag.py:3722} INFO - Setting next_dagrun for connections_exercise to None, run_after=None
[2026-03-14T19:11:41.334+0000] {processor.py:179} INFO - Processing /opt/airflow/dags/connections_dag.py took 0.064 seconds
[2026-03-14T19:12:13.123+0000] {processor.py:157} INFO - Started process (PID=1845) to work on /opt/airflow/dags/connections_dag.py
[2026-03-14T19:12:13.125+0000] {processor.py:829} INFO - Processing file /opt/airflow/dags/connections_dag.py for tasks to queue
[2026-03-14T19:12:13.126+0000] {logging_mixin.py:154} INFO - [2026-03-14T19:12:13.125+0000] {dagbag.py:536} INFO - Filling up the DagBag from /opt/airflow/dags/connections_dag.py
[2026-03-14T19:12:13.134+0000] {processor.py:839} INFO - DAG(s) dict_keys(['connections_exercise']) retrieved from /opt/airflow/dags/connections_dag.py
[2026-03-14T19:12:13.156+0000] {logging_mixin.py:154} INFO - [2026-03-14T19:12:13.155+0000] {dag.py:2941} INFO - Sync 1 DAGs
[2026-03-14T19:12:13.166+0000] {logging_mixin.py:154} INFO - [2026-03-14T19:12:13.165+0000] {dag.py:3722} INFO - Setting next_dagrun for connections_exercise to None, run_after=None
[2026-03-14T19:12:13.181+0000] {processor.py:179} INFO - Processing /opt/airflow/dags/connections_dag.py took 0.062 seconds
[2026-03-14T19:12:44.932+0000] {processor.py:157} INFO - Started process (PID=1862) to work on /opt/airflow/dags/connections_dag.py
[2026-03-14T19:12:44.933+0000] {processor.py:829} INFO - Processing file /opt/airflow/dags/connections_dag.py for tasks to queue
[2026-03-14T19:12:44.934+0000] {logging_mixin.py:154} INFO - [2026-03-14T19:12:44.934+0000] {dagbag.py:536} INFO - Filling up the DagBag from /opt/airflow/dags/connections_dag.py
[2026-03-14T19:12:44.943+0000] {processor.py:839} INFO - DAG(s) dict_keys(['connections_exercise']) retrieved from /opt/airflow/dags/connections_dag.py
[2026-03-14T19:12:44.965+0000] {logging_mixin.py:154} INFO - [2026-03-14T19:12:44.964+0000] {dag.py:2941} INFO - Sync 1 DAGs
[2026-03-14T19:12:44.975+0000] {logging_mixin.py:154} INFO - [2026-03-14T19:12:44.975+0000] {dag.py:3722} INFO - Setting next_dagrun for connections_exercise to None, run_after=None
[2026-03-14T19:12:44.992+0000] {processor.py:179} INFO - Processing /opt/airflow/dags/connections_dag.py took 0.063 seconds
[2026-03-14T19:13:15.747+0000] {processor.py:157} INFO - Started process (PID=1879) to work on /opt/airflow/dags/connections_dag.py
[2026-03-14T19:13:15.748+0000] {processor.py:829} INFO - Processing file /opt/airflow/dags/connections_dag.py for tasks to queue
[2026-03-14T19:13:15.749+0000] {logging_mixin.py:154} INFO - [2026-03-14T19:13:15.749+0000] {dagbag.py:536} INFO - Filling up the DagBag from /opt/airflow/dags/connections_dag.py
[2026-03-14T19:13:15.757+0000] {processor.py:839} INFO - DAG(s) dict_keys(['connections_exercise']) retrieved from /opt/airflow/dags/connections_dag.py
[2026-03-14T19:13:15.780+0000] {logging_mixin.py:154} INFO - [2026-03-14T19:13:15.780+0000] {dag.py:2941} INFO - Sync 1 DAGs
[2026-03-14T19:13:15.792+0000] {logging_mixin.py:154} INFO - [2026-03-14T19:13:15.792+0000] {dag.py:3722} INFO - Setting next_dagrun for connections_exercise to None, run_after=None
[2026-03-14T19:13:15.808+0000] {processor.py:179} INFO - Processing /opt/airflow/dags/connections_dag.py took 0.065 seconds
[2026-03-14T19:13:47.549+0000] {processor.py:157} INFO - Started process (PID=1896) to work on /opt/airflow/dags/connections_dag.py
[2026-03-14T19:13:47.550+0000] {processor.py:829} INFO - Processing file /opt/airflow/dags/connections_dag.py for tasks to queue
[2026-03-14T19:13:47.551+0000] {logging_mixin.py:154} INFO - [2026-03-14T19:13:47.550+0000] {dagbag.py:536} INFO - Filling up the DagBag from /opt/airflow/dags/connections_dag.py
[2026-03-14T19:13:47.559+0000] {processor.py:839} INFO - DAG(s) dict_keys(['connections_exercise']) retrieved from /opt/airflow/dags/connections_dag.py
[2026-03-14T19:13:47.584+0000] {logging_mixin.py:154} INFO - [2026-03-14T19:13:47.584+0000] {dag.py:2941} INFO - Sync 1 DAGs
[2026-03-14T19:13:47.597+0000] {logging_mixin.py:154} INFO - [2026-03-14T19:13:47.596+0000] {dag.py:3722} INFO - Setting next_dagrun for connections_exercise to None, run_after=None
[2026-03-14T19:13:47.612+0000] {processor.py:179} INFO - Processing /opt/airflow/dags/connections_dag.py took 0.065 seconds
[2026-03-14T19:14:19.458+0000] {processor.py:157} INFO - Started process (PID=1913) to work on /opt/airflow/dags/connections_dag.py
[2026-03-14T19:14:19.460+0000] {processor.py:829} INFO - Processing file /opt/airflow/dags/connections_dag.py for tasks to queue
[2026-03-14T19:14:19.461+0000] {logging_mixin.py:154} INFO - [2026-03-14T19:14:19.461+0000] {dagbag.py:536} INFO - Filling up the DagBag from /opt/airflow/dags/connections_dag.py
[2026-03-14T19:14:19.469+0000] {processor.py:839} INFO - DAG(s) dict_keys(['connections_exercise']) retrieved from /opt/airflow/dags/connections_dag.py
[2026-03-14T19:14:19.492+0000] {logging_mixin.py:154} INFO - [2026-03-14T19:14:19.492+0000] {dag.py:2941} INFO - Sync 1 DAGs
[2026-03-14T19:14:19.503+0000] {logging_mixin.py:154} INFO - [2026-03-14T19:14:19.503+0000] {dag.py:3722} INFO - Setting next_dagrun for connections_exercise to None, run_after=None
[2026-03-14T19:14:19.518+0000] {processor.py:179} INFO - Processing /opt/airflow/dags/connections_dag.py took 0.063 seconds
[2026-03-14T19:14:51.248+0000] {processor.py:157} INFO - Started process (PID=1930) to work on /opt/airflow/dags/connections_dag.py
[2026-03-14T19:14:51.249+0000] {processor.py:829} INFO - Processing file /opt/airflow/dags/connections_dag.py for tasks to queue
[2026-03-14T19:14:51.250+0000] {logging_mixin.py:154} INFO - [2026-03-14T19:14:51.250+0000] {dagbag.py:536} INFO - Filling up the DagBag from /opt/airflow/dags/connections_dag.py
[2026-03-14T19:14:51.258+0000] {processor.py:839} INFO - DAG(s) dict_keys(['connections_exercise']) retrieved from /opt/airflow/dags/connections_dag.py
[2026-03-14T19:14:51.281+0000] {logging_mixin.py:154} INFO - [2026-03-14T19:14:51.281+0000] {dag.py:2941} INFO - Sync 1 DAGs
[2026-03-14T19:14:51.292+0000] {logging_mixin.py:154} INFO - [2026-03-14T19:14:51.291+0000] {dag.py:3722} INFO - Setting next_dagrun for connections_exercise to None, run_after=None
[2026-03-14T19:14:51.308+0000] {processor.py:179} INFO - Processing /opt/airflow/dags/connections_dag.py took 0.063 seconds
[2026-03-14T19:15:23.064+0000] {processor.py:157} INFO - Started process (PID=1947) to work on /opt/airflow/dags/connections_dag.py
[2026-03-14T19:15:23.065+0000] {processor.py:829} INFO - Processing file /opt/airflow/dags/connections_dag.py for tasks to queue
[2026-03-14T19:15:23.066+0000] {logging_mixin.py:154} INFO - [2026-03-14T19:15:23.066+0000] {dagbag.py:536} INFO - Filling up the DagBag from /opt/airflow/dags/connections_dag.py
[2026-03-14T19:15:23.074+0000] {processor.py:839} INFO - DAG(s) dict_keys(['connections_exercise']) retrieved from /opt/airflow/dags/connections_dag.py
[2026-03-14T19:15:23.097+0000] {logging_mixin.py:154} INFO - [2026-03-14T19:15:23.096+0000] {dag.py:2941} INFO - Sync 1 DAGs
[2026-03-14T19:15:23.107+0000] {logging_mixin.py:154} INFO - [2026-03-14T19:15:23.107+0000] {dag.py:3722} INFO - Setting next_dagrun for connections_exercise to None, run_after=None
[2026-03-14T19:15:23.125+0000] {processor.py:179} INFO - Processing /opt/airflow/dags/connections_dag.py took 0.065 seconds
[2026-03-14T19:15:53.848+0000] {processor.py:157} INFO - Started process (PID=1964) to work on /opt/airflow/dags/connections_dag.py
[2026-03-14T19:15:53.849+0000] {processor.py:829} INFO - Processing file /opt/airflow/dags/connections_dag.py for tasks to queue
[2026-03-14T19:15:53.851+0000] {logging_mixin.py:154} INFO - [2026-03-14T19:15:53.850+0000] {dagbag.py:536} INFO - Filling up the DagBag from /opt/airflow/dags/connections_dag.py
[2026-03-14T19:15:53.860+0000] {processor.py:839} INFO - DAG(s) dict_keys(['connections_exercise']) retrieved from /opt/airflow/dags/connections_dag.py
[2026-03-14T19:15:53.881+0000] {logging_mixin.py:154} INFO - [2026-03-14T19:15:53.881+0000] {dag.py:2941} INFO - Sync 1 DAGs
[2026-03-14T19:15:53.891+0000] {logging_mixin.py:154} INFO - [2026-03-14T19:15:53.891+0000] {dag.py:3722} INFO - Setting next_dagrun for connections_exercise to None, run_after=None
[2026-03-14T19:15:53.907+0000] {processor.py:179} INFO - Processing /opt/airflow/dags/connections_dag.py took 0.062 seconds
[2026-03-14T19:16:25.753+0000] {processor.py:157} INFO - Started process (PID=1981) to work on /opt/airflow/dags/connections_dag.py
[2026-03-14T19:16:25.754+0000] {processor.py:829} INFO - Processing file /opt/airflow/dags/connections_dag.py for tasks to queue
[2026-03-14T19:16:25.755+0000] {logging_mixin.py:154} INFO - [2026-03-14T19:16:25.755+0000] {dagbag.py:536} INFO - Filling up the DagBag from /opt/airflow/dags/connections_dag.py
[2026-03-14T19:16:25.766+0000] {processor.py:839} INFO - DAG(s) dict_keys(['connections_exercise']) retrieved from /opt/airflow/dags/connections_dag.py
[2026-03-14T19:16:25.790+0000] {logging_mixin.py:154} INFO - [2026-03-14T19:16:25.790+0000] {dag.py:2941} INFO - Sync 1 DAGs
[2026-03-14T19:16:25.803+0000] {logging_mixin.py:154} INFO - [2026-03-14T19:16:25.803+0000] {dag.py:3722} INFO - Setting next_dagrun for connections_exercise to None, run_after=None
[2026-03-14T19:16:25.820+0000] {processor.py:179} INFO - Processing /opt/airflow/dags/connections_dag.py took 0.070 seconds
[2026-03-14T19:16:57.564+0000] {processor.py:157} INFO - Started process (PID=1998) to work on /opt/airflow/dags/connections_dag.py
[2026-03-14T19:16:57.565+0000] {processor.py:829} INFO - Processing file /opt/airflow/dags/connections_dag.py for tasks to queue
[2026-03-14T19:16:57.567+0000] {logging_mixin.py:154} INFO - [2026-03-14T19:16:57.566+0000] {dagbag.py:536} INFO - Filling up the DagBag from /opt/airflow/dags/connections_dag.py
[2026-03-14T19:16:57.576+0000] {processor.py:839} INFO - DAG(s) dict_keys(['connections_exercise']) retrieved from /opt/airflow/dags/connections_dag.py
[2026-03-14T19:16:57.600+0000] {logging_mixin.py:154} INFO - [2026-03-14T19:16:57.600+0000] {dag.py:2941} INFO - Sync 1 DAGs
[2026-03-14T19:16:57.612+0000] {logging_mixin.py:154} INFO - [2026-03-14T19:16:57.612+0000] {dag.py:3722} INFO - Setting next_dagrun for connections_exercise to None, run_after=None
[2026-03-14T19:16:57.630+0000] {processor.py:179} INFO - Processing /opt/airflow/dags/connections_dag.py took 0.069 seconds
[2026-03-14T19:17:29.329+0000] {processor.py:157} INFO - Started process (PID=2014) to work on /opt/airflow/dags/connections_dag.py
[2026-03-14T19:17:29.331+0000] {processor.py:829} INFO - Processing file /opt/airflow/dags/connections_dag.py for tasks to queue
[2026-03-14T19:17:29.331+0000] {logging_mixin.py:154} INFO - [2026-03-14T19:17:29.331+0000] {dagbag.py:536} INFO - Filling up the DagBag from /opt/airflow/dags/connections_dag.py
[2026-03-14T19:17:29.339+0000] {processor.py:839} INFO - DAG(s) dict_keys(['connections_exercise']) retrieved from /opt/airflow/dags/connections_dag.py
[2026-03-14T19:17:29.361+0000] {logging_mixin.py:154} INFO - [2026-03-14T19:17:29.361+0000] {dag.py:2941} INFO - Sync 1 DAGs
[2026-03-14T19:17:29.372+0000] {logging_mixin.py:154} INFO - [2026-03-14T19:17:29.372+0000] {dag.py:3722} INFO - Setting next_dagrun for connections_exercise to None, run_after=None
[2026-03-14T19:17:29.385+0000] {processor.py:179} INFO - Processing /opt/airflow/dags/connections_dag.py took 0.059 seconds
[2026-03-14T19:18:01.295+0000] {processor.py:157} INFO - Started process (PID=2031) to work on /opt/airflow/dags/connections_dag.py
[2026-03-14T19:18:01.297+0000] {processor.py:829} INFO - Processing file /opt/airflow/dags/connections_dag.py for tasks to queue
[2026-03-14T19:18:01.298+0000] {logging_mixin.py:154} INFO - [2026-03-14T19:18:01.297+0000] {dagbag.py:536} INFO - Filling up the DagBag from /opt/airflow/dags/connections_dag.py
[2026-03-14T19:18:01.307+0000] {processor.py:839} INFO - DAG(s) dict_keys(['connections_exercise']) retrieved from /opt/airflow/dags/connections_dag.py
[2026-03-14T19:18:01.333+0000] {logging_mixin.py:154} INFO - [2026-03-14T19:18:01.333+0000] {dag.py:2941} INFO - Sync 1 DAGs
[2026-03-14T19:18:01.346+0000] {logging_mixin.py:154} INFO - [2026-03-14T19:18:01.346+0000] {dag.py:3722} INFO - Setting next_dagrun for connections_exercise to None, run_after=None
[2026-03-14T19:18:01.365+0000] {processor.py:179} INFO - Processing /opt/airflow/dags/connections_dag.py took 0.074 seconds
[2026-03-14T19:18:33.182+0000] {processor.py:157} INFO - Started process (PID=2047) to work on /opt/airflow/dags/connections_dag.py
[2026-03-14T19:18:33.183+0000] {processor.py:829} INFO - Processing file /opt/airflow/dags/connections_dag.py for tasks to queue
[2026-03-14T19:18:33.183+0000] {logging_mixin.py:154} INFO - [2026-03-14T19:18:33.183+0000] {dagbag.py:536} INFO - Filling up the DagBag from /opt/airflow/dags/connections_dag.py
[2026-03-14T19:18:33.193+0000] {processor.py:839} INFO - DAG(s) dict_keys(['connections_exercise']) retrieved from /opt/airflow/dags/connections_dag.py
[2026-03-14T19:18:33.216+0000] {logging_mixin.py:154} INFO - [2026-03-14T19:18:33.215+0000] {dag.py:2941} INFO - Sync 1 DAGs
[2026-03-14T19:18:33.226+0000] {logging_mixin.py:154} INFO - [2026-03-14T19:18:33.226+0000] {dag.py:3722} INFO - Setting next_dagrun for connections_exercise to None, run_after=None
[2026-03-14T19:18:33.241+0000] {processor.py:179} INFO - Processing /opt/airflow/dags/connections_dag.py took 0.063 seconds
[2026-03-14T19:19:03.979+0000] {processor.py:157} INFO - Started process (PID=2064) to work on /opt/airflow/dags/connections_dag.py
[2026-03-14T19:19:03.981+0000] {processor.py:829} INFO - Processing file /opt/airflow/dags/connections_dag.py for tasks to queue
[2026-03-14T19:19:03.982+0000] {logging_mixin.py:154} INFO - [2026-03-14T19:19:03.981+0000] {dagbag.py:536} INFO - Filling up the DagBag from /opt/airflow/dags/connections_dag.py
[2026-03-14T19:19:03.992+0000] {processor.py:839} INFO - DAG(s) dict_keys(['connections_exercise']) retrieved from /opt/airflow/dags/connections_dag.py
[2026-03-14T19:19:04.016+0000] {logging_mixin.py:154} INFO - [2026-03-14T19:19:04.016+0000] {dag.py:2941} INFO - Sync 1 DAGs
[2026-03-14T19:19:04.027+0000] {logging_mixin.py:154} INFO - [2026-03-14T19:19:04.027+0000] {dag.py:3722} INFO - Setting next_dagrun for connections_exercise to None, run_after=None
[2026-03-14T19:19:04.040+0000] {processor.py:179} INFO - Processing /opt/airflow/dags/connections_dag.py took 0.065 seconds
[2026-03-14T19:19:35.834+0000] {processor.py:157} INFO - Started process (PID=2081) to work on /opt/airflow/dags/connections_dag.py
[2026-03-14T19:19:35.836+0000] {processor.py:829} INFO - Processing file /opt/airflow/dags/connections_dag.py for tasks to queue
[2026-03-14T19:19:35.836+0000] {logging_mixin.py:154} INFO - [2026-03-14T19:19:35.836+0000] {dagbag.py:536} INFO - Filling up the DagBag from /opt/airflow/dags/connections_dag.py
[2026-03-14T19:19:35.844+0000] {processor.py:839} INFO - DAG(s) dict_keys(['connections_exercise']) retrieved from /opt/airflow/dags/connections_dag.py
[2026-03-14T19:19:35.865+0000] {logging_mixin.py:154} INFO - [2026-03-14T19:19:35.865+0000] {dag.py:2941} INFO - Sync 1 DAGs
[2026-03-14T19:19:35.876+0000] {logging_mixin.py:154} INFO - [2026-03-14T19:19:35.876+0000] {dag.py:3722} INFO - Setting next_dagrun for connections_exercise to None, run_after=None
[2026-03-14T19:19:35.891+0000] {processor.py:179} INFO - Processing /opt/airflow/dags/connections_dag.py took 0.059 seconds
[2026-03-14T19:20:07.711+0000] {processor.py:157} INFO - Started process (PID=2098) to work on /opt/airflow/dags/connections_dag.py
[2026-03-14T19:20:07.713+0000] {processor.py:829} INFO - Processing file /opt/airflow/dags/connections_dag.py for tasks to queue
[2026-03-14T19:20:07.714+0000] {logging_mixin.py:154} INFO - [2026-03-14T19:20:07.714+0000] {dagbag.py:536} INFO - Filling up the DagBag from /opt/airflow/dags/connections_dag.py
[2026-03-14T19:20:07.722+0000] {processor.py:839} INFO - DAG(s) dict_keys(['connections_exercise']) retrieved from /opt/airflow/dags/connections_dag.py
[2026-03-14T19:20:07.744+0000] {logging_mixin.py:154} INFO - [2026-03-14T19:20:07.744+0000] {dag.py:2941} INFO - Sync 1 DAGs
[2026-03-14T19:20:07.755+0000] {logging_mixin.py:154} INFO - [2026-03-14T19:20:07.755+0000] {dag.py:3722} INFO - Setting next_dagrun for connections_exercise to None, run_after=None
[2026-03-14T19:20:07.772+0000] {processor.py:179} INFO - Processing /opt/airflow/dags/connections_dag.py took 0.063 seconds
[2026-03-14T19:20:39.668+0000] {processor.py:157} INFO - Started process (PID=2115) to work on /opt/airflow/dags/connections_dag.py
[2026-03-14T19:20:39.669+0000] {processor.py:829} INFO - Processing file /opt/airflow/dags/connections_dag.py for tasks to queue
[2026-03-14T19:20:39.670+0000] {logging_mixin.py:154} INFO - [2026-03-14T19:20:39.670+0000] {dagbag.py:536} INFO - Filling up the DagBag from /opt/airflow/dags/connections_dag.py
[2026-03-14T19:20:39.680+0000] {processor.py:839} INFO - DAG(s) dict_keys(['connections_exercise']) retrieved from /opt/airflow/dags/connections_dag.py
[2026-03-14T19:20:39.705+0000] {logging_mixin.py:154} INFO - [2026-03-14T19:20:39.705+0000] {dag.py:2941} INFO - Sync 1 DAGs
[2026-03-14T19:20:39.717+0000] {logging_mixin.py:154} INFO - [2026-03-14T19:20:39.717+0000] {dag.py:3722} INFO - Setting next_dagrun for connections_exercise to None, run_after=None
[2026-03-14T19:20:39.732+0000] {processor.py:179} INFO - Processing /opt/airflow/dags/connections_dag.py took 0.068 seconds
[2026-03-14T19:21:10.466+0000] {processor.py:157} INFO - Started process (PID=2132) to work on /opt/airflow/dags/connections_dag.py
[2026-03-14T19:21:10.468+0000] {processor.py:829} INFO - Processing file /opt/airflow/dags/connections_dag.py for tasks to queue
[2026-03-14T19:21:10.468+0000] {logging_mixin.py:154} INFO - [2026-03-14T19:21:10.468+0000] {dagbag.py:536} INFO - Filling up the DagBag from /opt/airflow/dags/connections_dag.py
[2026-03-14T19:21:10.476+0000] {processor.py:839} INFO - DAG(s) dict_keys(['connections_exercise']) retrieved from /opt/airflow/dags/connections_dag.py
[2026-03-14T19:21:10.498+0000] {logging_mixin.py:154} INFO - [2026-03-14T19:21:10.498+0000] {dag.py:2941} INFO - Sync 1 DAGs
[2026-03-14T19:21:10.508+0000] {logging_mixin.py:154} INFO - [2026-03-14T19:21:10.508+0000] {dag.py:3722} INFO - Setting next_dagrun for connections_exercise to None, run_after=None
[2026-03-14T19:21:10.522+0000] {processor.py:179} INFO - Processing /opt/airflow/dags/connections_dag.py took 0.059 seconds
[2026-03-14T19:21:42.334+0000] {processor.py:157} INFO - Started process (PID=2149) to work on /opt/airflow/dags/connections_dag.py
[2026-03-14T19:21:42.336+0000] {processor.py:829} INFO - Processing file /opt/airflow/dags/connections_dag.py for tasks to queue
[2026-03-14T19:21:42.337+0000] {logging_mixin.py:154} INFO - [2026-03-14T19:21:42.336+0000] {dagbag.py:536} INFO - Filling up the DagBag from /opt/airflow/dags/connections_dag.py
[2026-03-14T19:21:42.347+0000] {processor.py:839} INFO - DAG(s) dict_keys(['connections_exercise']) retrieved from /opt/airflow/dags/connections_dag.py
[2026-03-14T19:21:42.370+0000] {logging_mixin.py:154} INFO - [2026-03-14T19:21:42.370+0000] {dag.py:2941} INFO - Sync 1 DAGs
[2026-03-14T19:21:42.381+0000] {logging_mixin.py:154} INFO - [2026-03-14T19:21:42.380+0000] {dag.py:3722} INFO - Setting next_dagrun for connections_exercise to None, run_after=None
[2026-03-14T19:21:42.396+0000] {processor.py:179} INFO - Processing /opt/airflow/dags/connections_dag.py took 0.067 seconds
[2026-03-14T19:22:14.252+0000] {processor.py:157} INFO - Started process (PID=2166) to work on /opt/airflow/dags/connections_dag.py
[2026-03-14T19:22:14.254+0000] {processor.py:829} INFO - Processing file /opt/airflow/dags/connections_dag.py for tasks to queue
[2026-03-14T19:22:14.254+0000] {logging_mixin.py:154} INFO - [2026-03-14T19:22:14.254+0000] {dagbag.py:536} INFO - Filling up the DagBag from /opt/airflow/dags/connections_dag.py
[2026-03-14T19:22:14.262+0000] {processor.py:839} INFO - DAG(s) dict_keys(['connections_exercise']) retrieved from /opt/airflow/dags/connections_dag.py
[2026-03-14T19:22:14.284+0000] {logging_mixin.py:154} INFO - [2026-03-14T19:22:14.283+0000] {dag.py:2941} INFO - Sync 1 DAGs
[2026-03-14T19:22:14.297+0000] {logging_mixin.py:154} INFO - [2026-03-14T19:22:14.297+0000] {dag.py:3722} INFO - Setting next_dagrun for connections_exercise to None, run_after=None
[2026-03-14T19:22:14.320+0000] {processor.py:179} INFO - Processing /opt/airflow/dags/connections_dag.py took 0.071 seconds
[2026-03-14T19:22:46.230+0000] {processor.py:157} INFO - Started process (PID=2183) to work on /opt/airflow/dags/connections_dag.py
[2026-03-14T19:22:46.231+0000] {processor.py:829} INFO - Processing file /opt/airflow/dags/connections_dag.py for tasks to queue
[2026-03-14T19:22:46.232+0000] {logging_mixin.py:154} INFO - [2026-03-14T19:22:46.231+0000] {dagbag.py:536} INFO - Filling up the DagBag from /opt/airflow/dags/connections_dag.py
[2026-03-14T19:22:46.241+0000] {processor.py:839} INFO - DAG(s) dict_keys(['connections_exercise']) retrieved from /opt/airflow/dags/connections_dag.py
[2026-03-14T19:22:46.262+0000] {logging_mixin.py:154} INFO - [2026-03-14T19:22:46.262+0000] {dag.py:2941} INFO - Sync 1 DAGs
[2026-03-14T19:22:46.273+0000] {logging_mixin.py:154} INFO - [2026-03-14T19:22:46.272+0000] {dag.py:3722} INFO - Setting next_dagrun for connections_exercise to None, run_after=None
[2026-03-14T19:22:46.289+0000] {processor.py:179} INFO - Processing /opt/airflow/dags/connections_dag.py took 0.062 seconds
[2026-03-14T19:23:18.035+0000] {processor.py:157} INFO - Started process (PID=2200) to work on /opt/airflow/dags/connections_dag.py
[2026-03-14T19:23:18.037+0000] {processor.py:829} INFO - Processing file /opt/airflow/dags/connections_dag.py for tasks to queue
[2026-03-14T19:23:18.040+0000] {logging_mixin.py:154} INFO - [2026-03-14T19:23:18.040+0000] {dagbag.py:536} INFO - Filling up the DagBag from /opt/airflow/dags/connections_dag.py
[2026-03-14T19:23:18.056+0000] {processor.py:839} INFO - DAG(s) dict_keys(['connections_exercise']) retrieved from /opt/airflow/dags/connections_dag.py
[2026-03-14T19:23:18.079+0000] {logging_mixin.py:154} INFO - [2026-03-14T19:23:18.079+0000] {dag.py:2941} INFO - Sync 1 DAGs
[2026-03-14T19:23:18.090+0000] {logging_mixin.py:154} INFO - [2026-03-14T19:23:18.090+0000] {dag.py:3722} INFO - Setting next_dagrun for connections_exercise to None, run_after=None
[2026-03-14T19:23:18.104+0000] {processor.py:179} INFO - Processing /opt/airflow/dags/connections_dag.py took 0.072 seconds
[2026-03-14T19:23:48.923+0000] {processor.py:157} INFO - Started process (PID=2217) to work on /opt/airflow/dags/connections_dag.py
[2026-03-14T19:23:48.925+0000] {processor.py:829} INFO - Processing file /opt/airflow/dags/connections_dag.py for tasks to queue
[2026-03-14T19:23:48.926+0000] {logging_mixin.py:154} INFO - [2026-03-14T19:23:48.925+0000] {dagbag.py:536} INFO - Filling up the DagBag from /opt/airflow/dags/connections_dag.py
[2026-03-14T19:23:48.935+0000] {processor.py:839} INFO - DAG(s) dict_keys(['connections_exercise']) retrieved from /opt/airflow/dags/connections_dag.py
[2026-03-14T19:23:48.958+0000] {logging_mixin.py:154} INFO - [2026-03-14T19:23:48.957+0000] {dag.py:2941} INFO - Sync 1 DAGs
[2026-03-14T19:23:48.968+0000] {logging_mixin.py:154} INFO - [2026-03-14T19:23:48.968+0000] {dag.py:3722} INFO - Setting next_dagrun for connections_exercise to None, run_after=None
[2026-03-14T19:23:48.984+0000] {processor.py:179} INFO - Processing /opt/airflow/dags/connections_dag.py took 0.064 seconds
[2026-03-14T19:24:20.846+0000] {processor.py:157} INFO - Started process (PID=2234) to work on /opt/airflow/dags/connections_dag.py
[2026-03-14T19:24:20.848+0000] {processor.py:829} INFO - Processing file /opt/airflow/dags/connections_dag.py for tasks to queue
[2026-03-14T19:24:20.849+0000] {logging_mixin.py:154} INFO - [2026-03-14T19:24:20.849+0000] {dagbag.py:536} INFO - Filling up the DagBag from /opt/airflow/dags/connections_dag.py
[2026-03-14T19:24:20.859+0000] {processor.py:839} INFO - DAG(s) dict_keys(['connections_exercise']) retrieved from /opt/airflow/dags/connections_dag.py
[2026-03-14T19:24:20.881+0000] {logging_mixin.py:154} INFO - [2026-03-14T19:24:20.881+0000] {dag.py:2941} INFO - Sync 1 DAGs
[2026-03-14T19:24:20.890+0000] {logging_mixin.py:154} INFO - [2026-03-14T19:24:20.890+0000] {dag.py:3722} INFO - Setting next_dagrun for connections_exercise to None, run_after=None
[2026-03-14T19:24:20.905+0000] {processor.py:179} INFO - Processing /opt/airflow/dags/connections_dag.py took 0.062 seconds
[2026-03-14T19:24:52.772+0000] {processor.py:157} INFO - Started process (PID=2251) to work on /opt/airflow/dags/connections_dag.py
[2026-03-14T19:24:52.773+0000] {processor.py:829} INFO - Processing file /opt/airflow/dags/connections_dag.py for tasks to queue
[2026-03-14T19:24:52.774+0000] {logging_mixin.py:154} INFO - [2026-03-14T19:24:52.774+0000] {dagbag.py:536} INFO - Filling up the DagBag from /opt/airflow/dags/connections_dag.py
[2026-03-14T19:24:52.784+0000] {processor.py:839} INFO - DAG(s) dict_keys(['connections_exercise']) retrieved from /opt/airflow/dags/connections_dag.py
[2026-03-14T19:24:52.806+0000] {logging_mixin.py:154} INFO - [2026-03-14T19:24:52.806+0000] {dag.py:2941} INFO - Sync 1 DAGs
[2026-03-14T19:24:52.817+0000] {logging_mixin.py:154} INFO - [2026-03-14T19:24:52.817+0000] {dag.py:3722} INFO - Setting next_dagrun for connections_exercise to None, run_after=None
[2026-03-14T19:24:52.832+0000] {processor.py:179} INFO - Processing /opt/airflow/dags/connections_dag.py took 0.063 seconds
[2026-03-14T19:25:24.598+0000] {processor.py:157} INFO - Started process (PID=2268) to work on /opt/airflow/dags/connections_dag.py
[2026-03-14T19:25:24.600+0000] {processor.py:829} INFO - Processing file /opt/airflow/dags/connections_dag.py for tasks to queue
[2026-03-14T19:25:24.601+0000] {logging_mixin.py:154} INFO - [2026-03-14T19:25:24.601+0000] {dagbag.py:536} INFO - Filling up the DagBag from /opt/airflow/dags/connections_dag.py
[2026-03-14T19:25:24.609+0000] {processor.py:839} INFO - DAG(s) dict_keys(['connections_exercise']) retrieved from /opt/airflow/dags/connections_dag.py
[2026-03-14T19:25:24.632+0000] {logging_mixin.py:154} INFO - [2026-03-14T19:25:24.632+0000] {dag.py:2941} INFO - Sync 1 DAGs
[2026-03-14T19:25:24.645+0000] {logging_mixin.py:154} INFO - [2026-03-14T19:25:24.644+0000] {dag.py:3722} INFO - Setting next_dagrun for connections_exercise to None, run_after=None
[2026-03-14T19:25:24.662+0000] {processor.py:179} INFO - Processing /opt/airflow/dags/connections_dag.py took 0.068 seconds
[2026-03-14T19:25:55.497+0000] {processor.py:157} INFO - Started process (PID=2285) to work on /opt/airflow/dags/connections_dag.py
[2026-03-14T19:25:55.498+0000] {processor.py:829} INFO - Processing file /opt/airflow/dags/connections_dag.py for tasks to queue
[2026-03-14T19:25:55.499+0000] {logging_mixin.py:154} INFO - [2026-03-14T19:25:55.499+0000] {dagbag.py:536} INFO - Filling up the DagBag from /opt/airflow/dags/connections_dag.py
[2026-03-14T19:25:55.508+0000] {processor.py:839} INFO - DAG(s) dict_keys(['connections_exercise']) retrieved from /opt/airflow/dags/connections_dag.py
[2026-03-14T19:25:55.530+0000] {logging_mixin.py:154} INFO - [2026-03-14T19:25:55.530+0000] {dag.py:2941} INFO - Sync 1 DAGs
[2026-03-14T19:25:55.541+0000] {logging_mixin.py:154} INFO - [2026-03-14T19:25:55.541+0000] {dag.py:3722} INFO - Setting next_dagrun for connections_exercise to None, run_after=None
[2026-03-14T19:25:55.556+0000] {processor.py:179} INFO - Processing /opt/airflow/dags/connections_dag.py took 0.064 seconds
[2026-03-14T19:26:27.340+0000] {processor.py:157} INFO - Started process (PID=2302) to work on /opt/airflow/dags/connections_dag.py
[2026-03-14T19:26:27.343+0000] {processor.py:829} INFO - Processing file /opt/airflow/dags/connections_dag.py for tasks to queue
[2026-03-14T19:26:27.344+0000] {logging_mixin.py:154} INFO - [2026-03-14T19:26:27.344+0000] {dagbag.py:536} INFO - Filling up the DagBag from /opt/airflow/dags/connections_dag.py
[2026-03-14T19:26:27.353+0000] {processor.py:839} INFO - DAG(s) dict_keys(['connections_exercise']) retrieved from /opt/airflow/dags/connections_dag.py
[2026-03-14T19:26:27.376+0000] {logging_mixin.py:154} INFO - [2026-03-14T19:26:27.375+0000] {dag.py:2941} INFO - Sync 1 DAGs
[2026-03-14T19:26:27.387+0000] {logging_mixin.py:154} INFO - [2026-03-14T19:26:27.387+0000] {dag.py:3722} INFO - Setting next_dagrun for connections_exercise to None, run_after=None
[2026-03-14T19:26:27.401+0000] {processor.py:179} INFO - Processing /opt/airflow/dags/connections_dag.py took 0.064 seconds
[2026-03-14T19:26:59.311+0000] {processor.py:157} INFO - Started process (PID=2319) to work on /opt/airflow/dags/connections_dag.py
[2026-03-14T19:26:59.314+0000] {processor.py:829} INFO - Processing file /opt/airflow/dags/connections_dag.py for tasks to queue
[2026-03-14T19:26:59.314+0000] {logging_mixin.py:154} INFO - [2026-03-14T19:26:59.314+0000] {dagbag.py:536} INFO - Filling up the DagBag from /opt/airflow/dags/connections_dag.py
[2026-03-14T19:26:59.324+0000] {processor.py:839} INFO - DAG(s) dict_keys(['connections_exercise']) retrieved from /opt/airflow/dags/connections_dag.py
[2026-03-14T19:26:59.346+0000] {logging_mixin.py:154} INFO - [2026-03-14T19:26:59.346+0000] {dag.py:2941} INFO - Sync 1 DAGs
[2026-03-14T19:26:59.356+0000] {logging_mixin.py:154} INFO - [2026-03-14T19:26:59.356+0000] {dag.py:3722} INFO - Setting next_dagrun for connections_exercise to None, run_after=None
[2026-03-14T19:26:59.371+0000] {processor.py:179} INFO - Processing /opt/airflow/dags/connections_dag.py took 0.064 seconds
[2026-03-14T19:27:31.097+0000] {processor.py:157} INFO - Started process (PID=2336) to work on /opt/airflow/dags/connections_dag.py
[2026-03-14T19:27:31.099+0000] {processor.py:829} INFO - Processing file /opt/airflow/dags/connections_dag.py for tasks to queue
[2026-03-14T19:27:31.099+0000] {logging_mixin.py:154} INFO - [2026-03-14T19:27:31.099+0000] {dagbag.py:536} INFO - Filling up the DagBag from /opt/airflow/dags/connections_dag.py
[2026-03-14T19:27:31.108+0000] {processor.py:839} INFO - DAG(s) dict_keys(['connections_exercise']) retrieved from /opt/airflow/dags/connections_dag.py
[2026-03-14T19:27:31.130+0000] {logging_mixin.py:154} INFO - [2026-03-14T19:27:31.130+0000] {dag.py:2941} INFO - Sync 1 DAGs
[2026-03-14T19:27:31.145+0000] {logging_mixin.py:154} INFO - [2026-03-14T19:27:31.145+0000] {dag.py:3722} INFO - Setting next_dagrun for connections_exercise to None, run_after=None
[2026-03-14T19:27:31.159+0000] {processor.py:179} INFO - Processing /opt/airflow/dags/connections_dag.py took 0.065 seconds
[2026-03-14T19:28:02.974+0000] {processor.py:157} INFO - Started process (PID=2353) to work on /opt/airflow/dags/connections_dag.py
[2026-03-14T19:28:02.976+0000] {processor.py:829} INFO - Processing file /opt/airflow/dags/connections_dag.py for tasks to queue
[2026-03-14T19:28:02.977+0000] {logging_mixin.py:154} INFO - [2026-03-14T19:28:02.977+0000] {dagbag.py:536} INFO - Filling up the DagBag from /opt/airflow/dags/connections_dag.py
[2026-03-14T19:28:02.986+0000] {processor.py:839} INFO - DAG(s) dict_keys(['connections_exercise']) retrieved from /opt/airflow/dags/connections_dag.py
[2026-03-14T19:28:03.010+0000] {logging_mixin.py:154} INFO - [2026-03-14T19:28:03.010+0000] {dag.py:2941} INFO - Sync 1 DAGs
[2026-03-14T19:28:03.021+0000] {logging_mixin.py:154} INFO - [2026-03-14T19:28:03.021+0000] {dag.py:3722} INFO - Setting next_dagrun for connections_exercise to None, run_after=None
[2026-03-14T19:28:03.040+0000] {processor.py:179} INFO - Processing /opt/airflow/dags/connections_dag.py took 0.069 seconds
[2026-03-14T19:28:34.865+0000] {processor.py:157} INFO - Started process (PID=2370) to work on /opt/airflow/dags/connections_dag.py
[2026-03-14T19:28:34.866+0000] {processor.py:829} INFO - Processing file /opt/airflow/dags/connections_dag.py for tasks to queue
[2026-03-14T19:28:34.867+0000] {logging_mixin.py:154} INFO - [2026-03-14T19:28:34.866+0000] {dagbag.py:536} INFO - Filling up the DagBag from /opt/airflow/dags/connections_dag.py
[2026-03-14T19:28:34.877+0000] {processor.py:839} INFO - DAG(s) dict_keys(['connections_exercise']) retrieved from /opt/airflow/dags/connections_dag.py
[2026-03-14T19:28:34.901+0000] {logging_mixin.py:154} INFO - [2026-03-14T19:28:34.901+0000] {dag.py:2941} INFO - Sync 1 DAGs
[2026-03-14T19:28:34.911+0000] {logging_mixin.py:154} INFO - [2026-03-14T19:28:34.911+0000] {dag.py:3722} INFO - Setting next_dagrun for connections_exercise to None, run_after=None
[2026-03-14T19:28:34.927+0000] {processor.py:179} INFO - Processing /opt/airflow/dags/connections_dag.py took 0.065 seconds
[2026-03-14T19:29:06.769+0000] {processor.py:157} INFO - Started process (PID=2387) to work on /opt/airflow/dags/connections_dag.py
[2026-03-14T19:29:06.771+0000] {processor.py:829} INFO - Processing file /opt/airflow/dags/connections_dag.py for tasks to queue
[2026-03-14T19:29:06.772+0000] {logging_mixin.py:154} INFO - [2026-03-14T19:29:06.772+0000] {dagbag.py:536} INFO - Filling up the DagBag from /opt/airflow/dags/connections_dag.py
[2026-03-14T19:29:06.781+0000] {processor.py:839} INFO - DAG(s) dict_keys(['connections_exercise']) retrieved from /opt/airflow/dags/connections_dag.py
[2026-03-14T19:29:06.804+0000] {logging_mixin.py:154} INFO - [2026-03-14T19:29:06.804+0000] {dag.py:2941} INFO - Sync 1 DAGs
[2026-03-14T19:29:06.815+0000] {logging_mixin.py:154} INFO - [2026-03-14T19:29:06.815+0000] {dag.py:3722} INFO - Setting next_dagrun for connections_exercise to None, run_after=None
[2026-03-14T19:29:06.831+0000] {processor.py:179} INFO - Processing /opt/airflow/dags/connections_dag.py took 0.065 seconds
[2026-03-14T19:29:37.640+0000] {processor.py:157} INFO - Started process (PID=2404) to work on /opt/airflow/dags/connections_dag.py
[2026-03-14T19:29:37.641+0000] {processor.py:829} INFO - Processing file /opt/airflow/dags/connections_dag.py for tasks to queue
[2026-03-14T19:29:37.641+0000] {logging_mixin.py:154} INFO - [2026-03-14T19:29:37.641+0000] {dagbag.py:536} INFO - Filling up the DagBag from /opt/airflow/dags/connections_dag.py
[2026-03-14T19:29:37.650+0000] {processor.py:839} INFO - DAG(s) dict_keys(['connections_exercise']) retrieved from /opt/airflow/dags/connections_dag.py
[2026-03-14T19:29:37.673+0000] {logging_mixin.py:154} INFO - [2026-03-14T19:29:37.673+0000] {dag.py:2941} INFO - Sync 1 DAGs
[2026-03-14T19:29:37.683+0000] {logging_mixin.py:154} INFO - [2026-03-14T19:29:37.683+0000] {dag.py:3722} INFO - Setting next_dagrun for connections_exercise to None, run_after=None
[2026-03-14T19:29:37.699+0000] {processor.py:179} INFO - Processing /opt/airflow/dags/connections_dag.py took 0.062 seconds
[2026-03-14T19:30:09.462+0000] {processor.py:157} INFO - Started process (PID=2421) to work on /opt/airflow/dags/connections_dag.py
[2026-03-14T19:30:09.464+0000] {processor.py:829} INFO - Processing file /opt/airflow/dags/connections_dag.py for tasks to queue
[2026-03-14T19:30:09.465+0000] {logging_mixin.py:154} INFO - [2026-03-14T19:30:09.464+0000] {dagbag.py:536} INFO - Filling up the DagBag from /opt/airflow/dags/connections_dag.py
[2026-03-14T19:30:09.473+0000] {processor.py:839} INFO - DAG(s) dict_keys(['connections_exercise']) retrieved from /opt/airflow/dags/connections_dag.py
[2026-03-14T19:30:09.508+0000] {logging_mixin.py:154} INFO - [2026-03-14T19:30:09.508+0000] {dag.py:2941} INFO - Sync 1 DAGs
[2026-03-14T19:30:09.519+0000] {logging_mixin.py:154} INFO - [2026-03-14T19:30:09.519+0000] {dag.py:3722} INFO - Setting next_dagrun for connections_exercise to None, run_after=None
[2026-03-14T19:30:09.535+0000] {processor.py:179} INFO - Processing /opt/airflow/dags/connections_dag.py took 0.077 seconds
[2026-03-14T19:30:41.360+0000] {processor.py:157} INFO - Started process (PID=2438) to work on /opt/airflow/dags/connections_dag.py
[2026-03-14T19:30:41.362+0000] {processor.py:829} INFO - Processing file /opt/airflow/dags/connections_dag.py for tasks to queue
[2026-03-14T19:30:41.362+0000] {logging_mixin.py:154} INFO - [2026-03-14T19:30:41.362+0000] {dagbag.py:536} INFO - Filling up the DagBag from /opt/airflow/dags/connections_dag.py
[2026-03-14T19:30:41.372+0000] {processor.py:839} INFO - DAG(s) dict_keys(['connections_exercise']) retrieved from /opt/airflow/dags/connections_dag.py
[2026-03-14T19:30:41.395+0000] {logging_mixin.py:154} INFO - [2026-03-14T19:30:41.395+0000] {dag.py:2941} INFO - Sync 1 DAGs
[2026-03-14T19:30:41.406+0000] {logging_mixin.py:154} INFO - [2026-03-14T19:30:41.406+0000] {dag.py:3722} INFO - Setting next_dagrun for connections_exercise to None, run_after=None
[2026-03-14T19:30:41.422+0000] {processor.py:179} INFO - Processing /opt/airflow/dags/connections_dag.py took 0.065 seconds
[2026-03-14T19:31:13.291+0000] {processor.py:157} INFO - Started process (PID=2455) to work on /opt/airflow/dags/connections_dag.py
[2026-03-14T19:31:13.292+0000] {processor.py:829} INFO - Processing file /opt/airflow/dags/connections_dag.py for tasks to queue
[2026-03-14T19:31:13.294+0000] {logging_mixin.py:154} INFO - [2026-03-14T19:31:13.294+0000] {dagbag.py:536} INFO - Filling up the DagBag from /opt/airflow/dags/connections_dag.py
[2026-03-14T19:31:13.302+0000] {processor.py:839} INFO - DAG(s) dict_keys(['connections_exercise']) retrieved from /opt/airflow/dags/connections_dag.py
[2026-03-14T19:31:13.324+0000] {logging_mixin.py:154} INFO - [2026-03-14T19:31:13.324+0000] {dag.py:2941} INFO - Sync 1 DAGs
[2026-03-14T19:31:13.337+0000] {logging_mixin.py:154} INFO - [2026-03-14T19:31:13.337+0000] {dag.py:3722} INFO - Setting next_dagrun for connections_exercise to None, run_after=None
[2026-03-14T19:31:13.353+0000] {processor.py:179} INFO - Processing /opt/airflow/dags/connections_dag.py took 0.066 seconds
[2026-03-14T19:31:45.154+0000] {processor.py:157} INFO - Started process (PID=2472) to work on /opt/airflow/dags/connections_dag.py
[2026-03-14T19:31:45.156+0000] {processor.py:829} INFO - Processing file /opt/airflow/dags/connections_dag.py for tasks to queue
[2026-03-14T19:31:45.157+0000] {logging_mixin.py:154} INFO - [2026-03-14T19:31:45.157+0000] {dagbag.py:536} INFO - Filling up the DagBag from /opt/airflow/dags/connections_dag.py
[2026-03-14T19:31:45.166+0000] {processor.py:839} INFO - DAG(s) dict_keys(['connections_exercise']) retrieved from /opt/airflow/dags/connections_dag.py
[2026-03-14T19:31:45.191+0000] {logging_mixin.py:154} INFO - [2026-03-14T19:31:45.190+0000] {dag.py:2941} INFO - Sync 1 DAGs
[2026-03-14T19:31:45.201+0000] {logging_mixin.py:154} INFO - [2026-03-14T19:31:45.201+0000] {dag.py:3722} INFO - Setting next_dagrun for connections_exercise to None, run_after=None
[2026-03-14T19:31:45.216+0000] {processor.py:179} INFO - Processing /opt/airflow/dags/connections_dag.py took 0.065 seconds
[2026-03-14T19:32:16.035+0000] {processor.py:157} INFO - Started process (PID=2489) to work on /opt/airflow/dags/connections_dag.py
[2026-03-14T19:32:16.036+0000] {processor.py:829} INFO - Processing file /opt/airflow/dags/connections_dag.py for tasks to queue
[2026-03-14T19:32:16.037+0000] {logging_mixin.py:154} INFO - [2026-03-14T19:32:16.037+0000] {dagbag.py:536} INFO - Filling up the DagBag from /opt/airflow/dags/connections_dag.py
[2026-03-14T19:32:16.046+0000] {processor.py:839} INFO - DAG(s) dict_keys(['connections_exercise']) retrieved from /opt/airflow/dags/connections_dag.py
[2026-03-14T19:32:16.068+0000] {logging_mixin.py:154} INFO - [2026-03-14T19:32:16.068+0000] {dag.py:2941} INFO - Sync 1 DAGs
[2026-03-14T19:32:16.078+0000] {logging_mixin.py:154} INFO - [2026-03-14T19:32:16.078+0000] {dag.py:3722} INFO - Setting next_dagrun for connections_exercise to None, run_after=None
[2026-03-14T19:32:16.092+0000] {processor.py:179} INFO - Processing /opt/airflow/dags/connections_dag.py took 0.060 seconds
[2026-03-14T19:32:47.932+0000] {processor.py:157} INFO - Started process (PID=2506) to work on /opt/airflow/dags/connections_dag.py
[2026-03-14T19:32:47.934+0000] {processor.py:829} INFO - Processing file /opt/airflow/dags/connections_dag.py for tasks to queue
[2026-03-14T19:32:47.935+0000] {logging_mixin.py:154} INFO - [2026-03-14T19:32:47.934+0000] {dagbag.py:536} INFO - Filling up the DagBag from /opt/airflow/dags/connections_dag.py
[2026-03-14T19:32:47.944+0000] {processor.py:839} INFO - DAG(s) dict_keys(['connections_exercise']) retrieved from /opt/airflow/dags/connections_dag.py
[2026-03-14T19:32:47.969+0000] {logging_mixin.py:154} INFO - [2026-03-14T19:32:47.969+0000] {dag.py:2941} INFO - Sync 1 DAGs
[2026-03-14T19:32:47.982+0000] {logging_mixin.py:154} INFO - [2026-03-14T19:32:47.982+0000] {dag.py:3722} INFO - Setting next_dagrun for connections_exercise to None, run_after=None
[2026-03-14T19:32:48.001+0000] {processor.py:179} INFO - Processing /opt/airflow/dags/connections_dag.py took 0.072 seconds
[2026-03-14T19:33:19.784+0000] {processor.py:157} INFO - Started process (PID=2523) to work on /opt/airflow/dags/connections_dag.py
[2026-03-14T19:33:19.786+0000] {processor.py:829} INFO - Processing file /opt/airflow/dags/connections_dag.py for tasks to queue
[2026-03-14T19:33:19.786+0000] {logging_mixin.py:154} INFO - [2026-03-14T19:33:19.786+0000] {dagbag.py:536} INFO - Filling up the DagBag from /opt/airflow/dags/connections_dag.py
[2026-03-14T19:33:19.795+0000] {processor.py:839} INFO - DAG(s) dict_keys(['connections_exercise']) retrieved from /opt/airflow/dags/connections_dag.py
[2026-03-14T19:33:19.818+0000] {logging_mixin.py:154} INFO - [2026-03-14T19:33:19.817+0000] {dag.py:2941} INFO - Sync 1 DAGs
[2026-03-14T19:33:19.830+0000] {logging_mixin.py:154} INFO - [2026-03-14T19:33:19.830+0000] {dag.py:3722} INFO - Setting next_dagrun for connections_exercise to None, run_after=None
[2026-03-14T19:33:19.844+0000] {processor.py:179} INFO - Processing /opt/airflow/dags/connections_dag.py took 0.063 seconds
[2026-03-14T19:33:51.668+0000] {processor.py:157} INFO - Started process (PID=2540) to work on /opt/airflow/dags/connections_dag.py
[2026-03-14T19:33:51.669+0000] {processor.py:829} INFO - Processing file /opt/airflow/dags/connections_dag.py for tasks to queue
[2026-03-14T19:33:51.670+0000] {logging_mixin.py:154} INFO - [2026-03-14T19:33:51.669+0000] {dagbag.py:536} INFO - Filling up the DagBag from /opt/airflow/dags/connections_dag.py
[2026-03-14T19:33:51.678+0000] {processor.py:839} INFO - DAG(s) dict_keys(['connections_exercise']) retrieved from /opt/airflow/dags/connections_dag.py
[2026-03-14T19:33:51.702+0000] {logging_mixin.py:154} INFO - [2026-03-14T19:33:51.702+0000] {dag.py:2941} INFO - Sync 1 DAGs
[2026-03-14T19:33:51.713+0000] {logging_mixin.py:154} INFO - [2026-03-14T19:33:51.713+0000] {dag.py:3722} INFO - Setting next_dagrun for connections_exercise to None, run_after=None
[2026-03-14T19:33:51.728+0000] {processor.py:179} INFO - Processing /opt/airflow/dags/connections_dag.py took 0.064 seconds
[2026-03-14T19:34:23.525+0000] {processor.py:157} INFO - Started process (PID=2557) to work on /opt/airflow/dags/connections_dag.py
[2026-03-14T19:34:23.526+0000] {processor.py:829} INFO - Processing file /opt/airflow/dags/connections_dag.py for tasks to queue
[2026-03-14T19:34:23.527+0000] {logging_mixin.py:154} INFO - [2026-03-14T19:34:23.527+0000] {dagbag.py:536} INFO - Filling up the DagBag from /opt/airflow/dags/connections_dag.py
[2026-03-14T19:34:23.537+0000] {processor.py:839} INFO - DAG(s) dict_keys(['connections_exercise']) retrieved from /opt/airflow/dags/connections_dag.py
[2026-03-14T19:34:23.559+0000] {logging_mixin.py:154} INFO - [2026-03-14T19:34:23.559+0000] {dag.py:2941} INFO - Sync 1 DAGs
[2026-03-14T19:34:23.570+0000] {logging_mixin.py:154} INFO - [2026-03-14T19:34:23.570+0000] {dag.py:3722} INFO - Setting next_dagrun for connections_exercise to None, run_after=None
[2026-03-14T19:34:23.585+0000] {processor.py:179} INFO - Processing /opt/airflow/dags/connections_dag.py took 0.063 seconds
[2026-03-14T19:34:55.418+0000] {processor.py:157} INFO - Started process (PID=2574) to work on /opt/airflow/dags/connections_dag.py
[2026-03-14T19:34:55.419+0000] {processor.py:829} INFO - Processing file /opt/airflow/dags/connections_dag.py for tasks to queue
[2026-03-14T19:34:55.419+0000] {logging_mixin.py:154} INFO - [2026-03-14T19:34:55.419+0000] {dagbag.py:536} INFO - Filling up the DagBag from /opt/airflow/dags/connections_dag.py
[2026-03-14T19:34:55.429+0000] {processor.py:839} INFO - DAG(s) dict_keys(['connections_exercise']) retrieved from /opt/airflow/dags/connections_dag.py
[2026-03-14T19:34:55.451+0000] {logging_mixin.py:154} INFO - [2026-03-14T19:34:55.451+0000] {dag.py:2941} INFO - Sync 1 DAGs
[2026-03-14T19:34:55.463+0000] {logging_mixin.py:154} INFO - [2026-03-14T19:34:55.463+0000] {dag.py:3722} INFO - Setting next_dagrun for connections_exercise to None, run_after=None
[2026-03-14T19:34:55.478+0000] {processor.py:179} INFO - Processing /opt/airflow/dags/connections_dag.py took 0.063 seconds
[2026-03-14T19:35:26.311+0000] {processor.py:157} INFO - Started process (PID=2591) to work on /opt/airflow/dags/connections_dag.py
[2026-03-14T19:35:26.314+0000] {processor.py:829} INFO - Processing file /opt/airflow/dags/connections_dag.py for tasks to queue
[2026-03-14T19:35:26.314+0000] {logging_mixin.py:154} INFO - [2026-03-14T19:35:26.314+0000] {dagbag.py:536} INFO - Filling up the DagBag from /opt/airflow/dags/connections_dag.py
[2026-03-14T19:35:26.323+0000] {processor.py:839} INFO - DAG(s) dict_keys(['connections_exercise']) retrieved from /opt/airflow/dags/connections_dag.py
[2026-03-14T19:35:26.345+0000] {logging_mixin.py:154} INFO - [2026-03-14T19:35:26.345+0000] {dag.py:2941} INFO - Sync 1 DAGs
[2026-03-14T19:35:26.356+0000] {logging_mixin.py:154} INFO - [2026-03-14T19:35:26.356+0000] {dag.py:3722} INFO - Setting next_dagrun for connections_exercise to None, run_after=None
[2026-03-14T19:35:26.371+0000] {processor.py:179} INFO - Processing /opt/airflow/dags/connections_dag.py took 0.062 seconds
[2026-03-14T19:35:58.261+0000] {processor.py:157} INFO - Started process (PID=2608) to work on /opt/airflow/dags/connections_dag.py
[2026-03-14T19:35:58.262+0000] {processor.py:829} INFO - Processing file /opt/airflow/dags/connections_dag.py for tasks to queue
[2026-03-14T19:35:58.263+0000] {logging_mixin.py:154} INFO - [2026-03-14T19:35:58.263+0000] {dagbag.py:536} INFO - Filling up the DagBag from /opt/airflow/dags/connections_dag.py
[2026-03-14T19:35:58.273+0000] {processor.py:839} INFO - DAG(s) dict_keys(['connections_exercise']) retrieved from /opt/airflow/dags/connections_dag.py
[2026-03-14T19:35:58.295+0000] {logging_mixin.py:154} INFO - [2026-03-14T19:35:58.295+0000] {dag.py:2941} INFO - Sync 1 DAGs
[2026-03-14T19:35:58.306+0000] {logging_mixin.py:154} INFO - [2026-03-14T19:35:58.306+0000] {dag.py:3722} INFO - Setting next_dagrun for connections_exercise to None, run_after=None
[2026-03-14T19:35:58.321+0000] {processor.py:179} INFO - Processing /opt/airflow/dags/connections_dag.py took 0.065 seconds
[2026-03-14T19:36:30.111+0000] {processor.py:157} INFO - Started process (PID=2625) to work on /opt/airflow/dags/connections_dag.py
[2026-03-14T19:36:30.113+0000] {processor.py:829} INFO - Processing file /opt/airflow/dags/connections_dag.py for tasks to queue
[2026-03-14T19:36:30.115+0000] {logging_mixin.py:154} INFO - [2026-03-14T19:36:30.114+0000] {dagbag.py:536} INFO - Filling up the DagBag from /opt/airflow/dags/connections_dag.py
[2026-03-14T19:36:30.124+0000] {processor.py:839} INFO - DAG(s) dict_keys(['connections_exercise']) retrieved from /opt/airflow/dags/connections_dag.py
[2026-03-14T19:36:30.147+0000] {logging_mixin.py:154} INFO - [2026-03-14T19:36:30.146+0000] {dag.py:2941} INFO - Sync 1 DAGs
[2026-03-14T19:36:30.163+0000] {logging_mixin.py:154} INFO - [2026-03-14T19:36:30.163+0000] {dag.py:3722} INFO - Setting next_dagrun for connections_exercise to None, run_after=None
[2026-03-14T19:36:30.181+0000] {processor.py:179} INFO - Processing /opt/airflow/dags/connections_dag.py took 0.073 seconds
[2026-03-14T19:37:01.930+0000] {processor.py:157} INFO - Started process (PID=2642) to work on /opt/airflow/dags/connections_dag.py
[2026-03-14T19:37:01.931+0000] {processor.py:829} INFO - Processing file /opt/airflow/dags/connections_dag.py for tasks to queue
[2026-03-14T19:37:01.932+0000] {logging_mixin.py:154} INFO - [2026-03-14T19:37:01.931+0000] {dagbag.py:536} INFO - Filling up the DagBag from /opt/airflow/dags/connections_dag.py
[2026-03-14T19:37:01.939+0000] {processor.py:839} INFO - DAG(s) dict_keys(['connections_exercise']) retrieved from /opt/airflow/dags/connections_dag.py
[2026-03-14T19:37:01.965+0000] {logging_mixin.py:154} INFO - [2026-03-14T19:37:01.964+0000] {dag.py:2941} INFO - Sync 1 DAGs
[2026-03-14T19:37:01.976+0000] {logging_mixin.py:154} INFO - [2026-03-14T19:37:01.976+0000] {dag.py:3722} INFO - Setting next_dagrun for connections_exercise to None, run_after=None
[2026-03-14T19:37:01.994+0000] {processor.py:179} INFO - Processing /opt/airflow/dags/connections_dag.py took 0.068 seconds
[2026-03-14T19:37:33.878+0000] {processor.py:157} INFO - Started process (PID=2658) to work on /opt/airflow/dags/connections_dag.py
[2026-03-14T19:37:33.880+0000] {processor.py:829} INFO - Processing file /opt/airflow/dags/connections_dag.py for tasks to queue
[2026-03-14T19:37:33.881+0000] {logging_mixin.py:154} INFO - [2026-03-14T19:37:33.881+0000] {dagbag.py:536} INFO - Filling up the DagBag from /opt/airflow/dags/connections_dag.py
[2026-03-14T19:37:33.890+0000] {processor.py:839} INFO - DAG(s) dict_keys(['connections_exercise']) retrieved from /opt/airflow/dags/connections_dag.py
[2026-03-14T19:37:33.913+0000] {logging_mixin.py:154} INFO - [2026-03-14T19:37:33.913+0000] {dag.py:2941} INFO - Sync 1 DAGs
[2026-03-14T19:37:33.923+0000] {logging_mixin.py:154} INFO - [2026-03-14T19:37:33.923+0000] {dag.py:3722} INFO - Setting next_dagrun for connections_exercise to None, run_after=None
[2026-03-14T19:37:33.939+0000] {processor.py:179} INFO - Processing /opt/airflow/dags/connections_dag.py took 0.066 seconds
[2026-03-14T19:38:05.762+0000] {processor.py:157} INFO - Started process (PID=2675) to work on /opt/airflow/dags/connections_dag.py
[2026-03-14T19:38:05.765+0000] {processor.py:829} INFO - Processing file /opt/airflow/dags/connections_dag.py for tasks to queue
[2026-03-14T19:38:05.766+0000] {logging_mixin.py:154} INFO - [2026-03-14T19:38:05.766+0000] {dagbag.py:536} INFO - Filling up the DagBag from /opt/airflow/dags/connections_dag.py
[2026-03-14T19:38:05.774+0000] {processor.py:839} INFO - DAG(s) dict_keys(['connections_exercise']) retrieved from /opt/airflow/dags/connections_dag.py
[2026-03-14T19:38:05.797+0000] {logging_mixin.py:154} INFO - [2026-03-14T19:38:05.796+0000] {dag.py:2941} INFO - Sync 1 DAGs
[2026-03-14T19:38:05.808+0000] {logging_mixin.py:154} INFO - [2026-03-14T19:38:05.807+0000] {dag.py:3722} INFO - Setting next_dagrun for connections_exercise to None, run_after=None
[2026-03-14T19:38:05.822+0000] {processor.py:179} INFO - Processing /opt/airflow/dags/connections_dag.py took 0.063 seconds
[2026-03-14T19:38:36.623+0000] {processor.py:157} INFO - Started process (PID=2692) to work on /opt/airflow/dags/connections_dag.py
[2026-03-14T19:38:36.624+0000] {processor.py:829} INFO - Processing file /opt/airflow/dags/connections_dag.py for tasks to queue
[2026-03-14T19:38:36.624+0000] {logging_mixin.py:154} INFO - [2026-03-14T19:38:36.624+0000] {dagbag.py:536} INFO - Filling up the DagBag from /opt/airflow/dags/connections_dag.py
[2026-03-14T19:38:36.633+0000] {processor.py:839} INFO - DAG(s) dict_keys(['connections_exercise']) retrieved from /opt/airflow/dags/connections_dag.py
[2026-03-14T19:38:36.655+0000] {logging_mixin.py:154} INFO - [2026-03-14T19:38:36.655+0000] {dag.py:2941} INFO - Sync 1 DAGs
[2026-03-14T19:38:36.666+0000] {logging_mixin.py:154} INFO - [2026-03-14T19:38:36.665+0000] {dag.py:3722} INFO - Setting next_dagrun for connections_exercise to None, run_after=None
[2026-03-14T19:38:36.681+0000] {processor.py:179} INFO - Processing /opt/airflow/dags/connections_dag.py took 0.061 seconds
[2026-03-14T19:39:08.529+0000] {processor.py:157} INFO - Started process (PID=2709) to work on /opt/airflow/dags/connections_dag.py
[2026-03-14T19:39:08.531+0000] {processor.py:829} INFO - Processing file /opt/airflow/dags/connections_dag.py for tasks to queue
[2026-03-14T19:39:08.532+0000] {logging_mixin.py:154} INFO - [2026-03-14T19:39:08.531+0000] {dagbag.py:536} INFO - Filling up the DagBag from /opt/airflow/dags/connections_dag.py
[2026-03-14T19:39:08.541+0000] {processor.py:839} INFO - DAG(s) dict_keys(['connections_exercise']) retrieved from /opt/airflow/dags/connections_dag.py
[2026-03-14T19:39:08.563+0000] {logging_mixin.py:154} INFO - [2026-03-14T19:39:08.563+0000] {dag.py:2941} INFO - Sync 1 DAGs
[2026-03-14T19:39:08.574+0000] {logging_mixin.py:154} INFO - [2026-03-14T19:39:08.574+0000] {dag.py:3722} INFO - Setting next_dagrun for connections_exercise to None, run_after=None
[2026-03-14T19:39:08.587+0000] {processor.py:179} INFO - Processing /opt/airflow/dags/connections_dag.py took 0.062 seconds
[2026-03-14T19:39:40.465+0000] {processor.py:157} INFO - Started process (PID=2726) to work on /opt/airflow/dags/connections_dag.py
[2026-03-14T19:39:40.469+0000] {processor.py:829} INFO - Processing file /opt/airflow/dags/connections_dag.py for tasks to queue
[2026-03-14T19:39:40.469+0000] {logging_mixin.py:154} INFO - [2026-03-14T19:39:40.469+0000] {dagbag.py:536} INFO - Filling up the DagBag from /opt/airflow/dags/connections_dag.py
[2026-03-14T19:39:40.477+0000] {processor.py:839} INFO - DAG(s) dict_keys(['connections_exercise']) retrieved from /opt/airflow/dags/connections_dag.py
[2026-03-14T19:39:40.501+0000] {logging_mixin.py:154} INFO - [2026-03-14T19:39:40.501+0000] {dag.py:2941} INFO - Sync 1 DAGs
[2026-03-14T19:39:40.512+0000] {logging_mixin.py:154} INFO - [2026-03-14T19:39:40.512+0000] {dag.py:3722} INFO - Setting next_dagrun for connections_exercise to None, run_after=None
[2026-03-14T19:39:40.527+0000] {processor.py:179} INFO - Processing /opt/airflow/dags/connections_dag.py took 0.066 seconds
[2026-03-14T19:40:12.292+0000] {processor.py:157} INFO - Started process (PID=2742) to work on /opt/airflow/dags/connections_dag.py
[2026-03-14T19:40:12.294+0000] {processor.py:829} INFO - Processing file /opt/airflow/dags/connections_dag.py for tasks to queue
[2026-03-14T19:40:12.295+0000] {logging_mixin.py:154} INFO - [2026-03-14T19:40:12.295+0000] {dagbag.py:536} INFO - Filling up the DagBag from /opt/airflow/dags/connections_dag.py
[2026-03-14T19:40:12.308+0000] {processor.py:839} INFO - DAG(s) dict_keys(['connections_exercise']) retrieved from /opt/airflow/dags/connections_dag.py
[2026-03-14T19:40:12.333+0000] {logging_mixin.py:154} INFO - [2026-03-14T19:40:12.333+0000] {dag.py:2941} INFO - Sync 1 DAGs
[2026-03-14T19:40:12.344+0000] {logging_mixin.py:154} INFO - [2026-03-14T19:40:12.343+0000] {dag.py:3722} INFO - Setting next_dagrun for connections_exercise to None, run_after=None
[2026-03-14T19:40:12.360+0000] {processor.py:179} INFO - Processing /opt/airflow/dags/connections_dag.py took 0.072 seconds
[2026-03-14T19:40:44.162+0000] {processor.py:157} INFO - Started process (PID=2759) to work on /opt/airflow/dags/connections_dag.py
[2026-03-14T19:40:44.165+0000] {processor.py:829} INFO - Processing file /opt/airflow/dags/connections_dag.py for tasks to queue
[2026-03-14T19:40:44.166+0000] {logging_mixin.py:154} INFO - [2026-03-14T19:40:44.165+0000] {dagbag.py:536} INFO - Filling up the DagBag from /opt/airflow/dags/connections_dag.py
[2026-03-14T19:40:44.174+0000] {processor.py:839} INFO - DAG(s) dict_keys(['connections_exercise']) retrieved from /opt/airflow/dags/connections_dag.py
[2026-03-14T19:40:44.196+0000] {logging_mixin.py:154} INFO - [2026-03-14T19:40:44.196+0000] {dag.py:2941} INFO - Sync 1 DAGs
[2026-03-14T19:40:44.207+0000] {logging_mixin.py:154} INFO - [2026-03-14T19:40:44.207+0000] {dag.py:3722} INFO - Setting next_dagrun for connections_exercise to None, run_after=None
[2026-03-14T19:40:44.222+0000] {processor.py:179} INFO - Processing /opt/airflow/dags/connections_dag.py took 0.063 seconds
[2026-03-14T19:41:16.075+0000] {processor.py:157} INFO - Started process (PID=2776) to work on /opt/airflow/dags/connections_dag.py
[2026-03-14T19:41:16.078+0000] {processor.py:829} INFO - Processing file /opt/airflow/dags/connections_dag.py for tasks to queue
[2026-03-14T19:41:16.078+0000] {logging_mixin.py:154} INFO - [2026-03-14T19:41:16.078+0000] {dagbag.py:536} INFO - Filling up the DagBag from /opt/airflow/dags/connections_dag.py
[2026-03-14T19:41:16.086+0000] {processor.py:839} INFO - DAG(s) dict_keys(['connections_exercise']) retrieved from /opt/airflow/dags/connections_dag.py
[2026-03-14T19:41:16.108+0000] {logging_mixin.py:154} INFO - [2026-03-14T19:41:16.108+0000] {dag.py:2941} INFO - Sync 1 DAGs
[2026-03-14T19:41:16.119+0000] {logging_mixin.py:154} INFO - [2026-03-14T19:41:16.119+0000] {dag.py:3722} INFO - Setting next_dagrun for connections_exercise to None, run_after=None
[2026-03-14T19:41:16.134+0000] {processor.py:179} INFO - Processing /opt/airflow/dags/connections_dag.py took 0.061 seconds
[2026-03-14T19:41:46.976+0000] {processor.py:157} INFO - Started process (PID=2793) to work on /opt/airflow/dags/connections_dag.py
[2026-03-14T19:41:46.979+0000] {processor.py:829} INFO - Processing file /opt/airflow/dags/connections_dag.py for tasks to queue
[2026-03-14T19:41:46.980+0000] {logging_mixin.py:154} INFO - [2026-03-14T19:41:46.979+0000] {dagbag.py:536} INFO - Filling up the DagBag from /opt/airflow/dags/connections_dag.py
[2026-03-14T19:41:46.988+0000] {processor.py:839} INFO - DAG(s) dict_keys(['connections_exercise']) retrieved from /opt/airflow/dags/connections_dag.py
[2026-03-14T19:41:47.017+0000] {logging_mixin.py:154} INFO - [2026-03-14T19:41:47.017+0000] {dag.py:2941} INFO - Sync 1 DAGs
[2026-03-14T19:41:47.029+0000] {logging_mixin.py:154} INFO - [2026-03-14T19:41:47.029+0000] {dag.py:3722} INFO - Setting next_dagrun for connections_exercise to None, run_after=None
[2026-03-14T19:41:47.045+0000] {processor.py:179} INFO - Processing /opt/airflow/dags/connections_dag.py took 0.072 seconds
[2026-03-14T19:42:18.851+0000] {processor.py:157} INFO - Started process (PID=2810) to work on /opt/airflow/dags/connections_dag.py
[2026-03-14T19:42:18.852+0000] {processor.py:829} INFO - Processing file /opt/airflow/dags/connections_dag.py for tasks to queue
[2026-03-14T19:42:18.853+0000] {logging_mixin.py:154} INFO - [2026-03-14T19:42:18.853+0000] {dagbag.py:536} INFO - Filling up the DagBag from /opt/airflow/dags/connections_dag.py
[2026-03-14T19:42:18.861+0000] {processor.py:839} INFO - DAG(s) dict_keys(['connections_exercise']) retrieved from /opt/airflow/dags/connections_dag.py
[2026-03-14T19:42:18.884+0000] {logging_mixin.py:154} INFO - [2026-03-14T19:42:18.884+0000] {dag.py:2941} INFO - Sync 1 DAGs
[2026-03-14T19:42:18.895+0000] {logging_mixin.py:154} INFO - [2026-03-14T19:42:18.895+0000] {dag.py:3722} INFO - Setting next_dagrun for connections_exercise to None, run_after=None
[2026-03-14T19:42:18.911+0000] {processor.py:179} INFO - Processing /opt/airflow/dags/connections_dag.py took 0.063 seconds
[2026-03-14T19:42:50.714+0000] {processor.py:157} INFO - Started process (PID=2827) to work on /opt/airflow/dags/connections_dag.py
[2026-03-14T19:42:50.716+0000] {processor.py:829} INFO - Processing file /opt/airflow/dags/connections_dag.py for tasks to queue
[2026-03-14T19:42:50.717+0000] {logging_mixin.py:154} INFO - [2026-03-14T19:42:50.717+0000] {dagbag.py:536} INFO - Filling up the DagBag from /opt/airflow/dags/connections_dag.py
[2026-03-14T19:42:50.726+0000] {processor.py:839} INFO - DAG(s) dict_keys(['connections_exercise']) retrieved from /opt/airflow/dags/connections_dag.py
[2026-03-14T19:42:50.753+0000] {logging_mixin.py:154} INFO - [2026-03-14T19:42:50.753+0000] {dag.py:2941} INFO - Sync 1 DAGs
[2026-03-14T19:42:50.786+0000] {logging_mixin.py:154} INFO - [2026-03-14T19:42:50.785+0000] {dag.py:3722} INFO - Setting next_dagrun for connections_exercise to None, run_after=None
[2026-03-14T19:42:50.818+0000] {processor.py:179} INFO - Processing /opt/airflow/dags/connections_dag.py took 0.107 seconds
[2026-03-14T19:43:22.686+0000] {processor.py:157} INFO - Started process (PID=2844) to work on /opt/airflow/dags/connections_dag.py
[2026-03-14T19:43:22.689+0000] {processor.py:829} INFO - Processing file /opt/airflow/dags/connections_dag.py for tasks to queue
[2026-03-14T19:43:22.690+0000] {logging_mixin.py:154} INFO - [2026-03-14T19:43:22.689+0000] {dagbag.py:536} INFO - Filling up the DagBag from /opt/airflow/dags/connections_dag.py
[2026-03-14T19:43:22.699+0000] {processor.py:839} INFO - DAG(s) dict_keys(['connections_exercise']) retrieved from /opt/airflow/dags/connections_dag.py
[2026-03-14T19:43:22.723+0000] {logging_mixin.py:154} INFO - [2026-03-14T19:43:22.722+0000] {dag.py:2941} INFO - Sync 1 DAGs
[2026-03-14T19:43:22.733+0000] {logging_mixin.py:154} INFO - [2026-03-14T19:43:22.733+0000] {dag.py:3722} INFO - Setting next_dagrun for connections_exercise to None, run_after=None
[2026-03-14T19:43:22.748+0000] {processor.py:179} INFO - Processing /opt/airflow/dags/connections_dag.py took 0.065 seconds
[2026-03-14T19:43:54.530+0000] {processor.py:157} INFO - Started process (PID=2861) to work on /opt/airflow/dags/connections_dag.py
[2026-03-14T19:43:54.531+0000] {processor.py:829} INFO - Processing file /opt/airflow/dags/connections_dag.py for tasks to queue
[2026-03-14T19:43:54.532+0000] {logging_mixin.py:154} INFO - [2026-03-14T19:43:54.532+0000] {dagbag.py:536} INFO - Filling up the DagBag from /opt/airflow/dags/connections_dag.py
[2026-03-14T19:43:54.540+0000] {processor.py:839} INFO - DAG(s) dict_keys(['connections_exercise']) retrieved from /opt/airflow/dags/connections_dag.py
[2026-03-14T19:43:54.563+0000] {logging_mixin.py:154} INFO - [2026-03-14T19:43:54.563+0000] {dag.py:2941} INFO - Sync 1 DAGs
[2026-03-14T19:43:54.573+0000] {logging_mixin.py:154} INFO - [2026-03-14T19:43:54.573+0000] {dag.py:3722} INFO - Setting next_dagrun for connections_exercise to None, run_after=None
[2026-03-14T19:43:54.587+0000] {processor.py:179} INFO - Processing /opt/airflow/dags/connections_dag.py took 0.060 seconds
[2026-03-14T19:44:26.498+0000] {processor.py:157} INFO - Started process (PID=2878) to work on /opt/airflow/dags/connections_dag.py
[2026-03-14T19:44:26.500+0000] {processor.py:829} INFO - Processing file /opt/airflow/dags/connections_dag.py for tasks to queue
[2026-03-14T19:44:26.501+0000] {logging_mixin.py:154} INFO - [2026-03-14T19:44:26.500+0000] {dagbag.py:536} INFO - Filling up the DagBag from /opt/airflow/dags/connections_dag.py
[2026-03-14T19:44:26.509+0000] {processor.py:839} INFO - DAG(s) dict_keys(['connections_exercise']) retrieved from /opt/airflow/dags/connections_dag.py
[2026-03-14T19:44:26.534+0000] {logging_mixin.py:154} INFO - [2026-03-14T19:44:26.534+0000] {dag.py:2941} INFO - Sync 1 DAGs
[2026-03-14T19:44:26.545+0000] {logging_mixin.py:154} INFO - [2026-03-14T19:44:26.545+0000] {dag.py:3722} INFO - Setting next_dagrun for connections_exercise to None, run_after=None
[2026-03-14T19:44:26.562+0000] {processor.py:179} INFO - Processing /opt/airflow/dags/connections_dag.py took 0.068 seconds
[2026-03-14T19:44:57.356+0000] {processor.py:157} INFO - Started process (PID=2895) to work on /opt/airflow/dags/connections_dag.py
[2026-03-14T19:44:57.357+0000] {processor.py:829} INFO - Processing file /opt/airflow/dags/connections_dag.py for tasks to queue
[2026-03-14T19:44:57.358+0000] {logging_mixin.py:154} INFO - [2026-03-14T19:44:57.358+0000] {dagbag.py:536} INFO - Filling up the DagBag from /opt/airflow/dags/connections_dag.py
[2026-03-14T19:44:57.367+0000] {processor.py:839} INFO - DAG(s) dict_keys(['connections_exercise']) retrieved from /opt/airflow/dags/connections_dag.py
[2026-03-14T19:44:57.398+0000] {logging_mixin.py:154} INFO - [2026-03-14T19:44:57.398+0000] {dag.py:2941} INFO - Sync 1 DAGs
[2026-03-14T19:44:57.418+0000] {logging_mixin.py:154} INFO - [2026-03-14T19:44:57.418+0000] {dag.py:3722} INFO - Setting next_dagrun for connections_exercise to None, run_after=None
[2026-03-14T19:44:57.437+0000] {processor.py:179} INFO - Processing /opt/airflow/dags/connections_dag.py took 0.086 seconds
[2026-03-14T19:45:29.213+0000] {processor.py:157} INFO - Started process (PID=2912) to work on /opt/airflow/dags/connections_dag.py
[2026-03-14T19:45:29.214+0000] {processor.py:829} INFO - Processing file /opt/airflow/dags/connections_dag.py for tasks to queue
[2026-03-14T19:45:29.215+0000] {logging_mixin.py:154} INFO - [2026-03-14T19:45:29.215+0000] {dagbag.py:536} INFO - Filling up the DagBag from /opt/airflow/dags/connections_dag.py
[2026-03-14T19:45:29.223+0000] {processor.py:839} INFO - DAG(s) dict_keys(['connections_exercise']) retrieved from /opt/airflow/dags/connections_dag.py
[2026-03-14T19:45:29.246+0000] {logging_mixin.py:154} INFO - [2026-03-14T19:45:29.246+0000] {dag.py:2941} INFO - Sync 1 DAGs
[2026-03-14T19:45:29.256+0000] {logging_mixin.py:154} INFO - [2026-03-14T19:45:29.256+0000] {dag.py:3722} INFO - Setting next_dagrun for connections_exercise to None, run_after=None
[2026-03-14T19:45:29.272+0000] {processor.py:179} INFO - Processing /opt/airflow/dags/connections_dag.py took 0.062 seconds
[2026-03-14T19:46:01.152+0000] {processor.py:157} INFO - Started process (PID=2930) to work on /opt/airflow/dags/connections_dag.py
[2026-03-14T19:46:01.153+0000] {processor.py:829} INFO - Processing file /opt/airflow/dags/connections_dag.py for tasks to queue
[2026-03-14T19:46:01.154+0000] {logging_mixin.py:154} INFO - [2026-03-14T19:46:01.154+0000] {dagbag.py:536} INFO - Filling up the DagBag from /opt/airflow/dags/connections_dag.py
[2026-03-14T19:46:01.163+0000] {processor.py:839} INFO - DAG(s) dict_keys(['connections_exercise']) retrieved from /opt/airflow/dags/connections_dag.py
[2026-03-14T19:46:01.185+0000] {logging_mixin.py:154} INFO - [2026-03-14T19:46:01.184+0000] {dag.py:2941} INFO - Sync 1 DAGs
[2026-03-14T19:46:01.201+0000] {logging_mixin.py:154} INFO - [2026-03-14T19:46:01.201+0000] {dag.py:3722} INFO - Setting next_dagrun for connections_exercise to None, run_after=None
[2026-03-14T19:46:01.229+0000] {processor.py:179} INFO - Processing /opt/airflow/dags/connections_dag.py took 0.080 seconds
[2026-03-14T19:46:33.165+0000] {processor.py:157} INFO - Started process (PID=2947) to work on /opt/airflow/dags/connections_dag.py
[2026-03-14T19:46:33.167+0000] {processor.py:829} INFO - Processing file /opt/airflow/dags/connections_dag.py for tasks to queue
[2026-03-14T19:46:33.169+0000] {logging_mixin.py:154} INFO - [2026-03-14T19:46:33.168+0000] {dagbag.py:536} INFO - Filling up the DagBag from /opt/airflow/dags/connections_dag.py
[2026-03-14T19:46:33.179+0000] {processor.py:839} INFO - DAG(s) dict_keys(['connections_exercise']) retrieved from /opt/airflow/dags/connections_dag.py
[2026-03-14T19:46:33.202+0000] {logging_mixin.py:154} INFO - [2026-03-14T19:46:33.202+0000] {dag.py:2941} INFO - Sync 1 DAGs
[2026-03-14T19:46:33.212+0000] {logging_mixin.py:154} INFO - [2026-03-14T19:46:33.212+0000] {dag.py:3722} INFO - Setting next_dagrun for connections_exercise to None, run_after=None
[2026-03-14T19:46:33.227+0000] {processor.py:179} INFO - Processing /opt/airflow/dags/connections_dag.py took 0.064 seconds
[2026-03-14T19:47:05.040+0000] {processor.py:157} INFO - Started process (PID=2964) to work on /opt/airflow/dags/connections_dag.py
[2026-03-14T19:47:05.041+0000] {processor.py:829} INFO - Processing file /opt/airflow/dags/connections_dag.py for tasks to queue
[2026-03-14T19:47:05.042+0000] {logging_mixin.py:154} INFO - [2026-03-14T19:47:05.041+0000] {dagbag.py:536} INFO - Filling up the DagBag from /opt/airflow/dags/connections_dag.py
[2026-03-14T19:47:05.051+0000] {processor.py:839} INFO - DAG(s) dict_keys(['connections_exercise']) retrieved from /opt/airflow/dags/connections_dag.py
[2026-03-14T19:47:05.073+0000] {logging_mixin.py:154} INFO - [2026-03-14T19:47:05.073+0000] {dag.py:2941} INFO - Sync 1 DAGs
[2026-03-14T19:47:05.083+0000] {logging_mixin.py:154} INFO - [2026-03-14T19:47:05.083+0000] {dag.py:3722} INFO - Setting next_dagrun for connections_exercise to None, run_after=None
[2026-03-14T19:47:05.101+0000] {processor.py:179} INFO - Processing /opt/airflow/dags/connections_dag.py took 0.064 seconds
[2026-03-14T19:47:35.979+0000] {processor.py:157} INFO - Started process (PID=2980) to work on /opt/airflow/dags/connections_dag.py
[2026-03-14T19:47:35.981+0000] {processor.py:829} INFO - Processing file /opt/airflow/dags/connections_dag.py for tasks to queue
[2026-03-14T19:47:35.982+0000] {logging_mixin.py:154} INFO - [2026-03-14T19:47:35.982+0000] {dagbag.py:536} INFO - Filling up the DagBag from /opt/airflow/dags/connections_dag.py
[2026-03-14T19:47:35.990+0000] {processor.py:839} INFO - DAG(s) dict_keys(['connections_exercise']) retrieved from /opt/airflow/dags/connections_dag.py
[2026-03-14T19:47:36.014+0000] {logging_mixin.py:154} INFO - [2026-03-14T19:47:36.014+0000] {dag.py:2941} INFO - Sync 1 DAGs
[2026-03-14T19:47:36.025+0000] {logging_mixin.py:154} INFO - [2026-03-14T19:47:36.024+0000] {dag.py:3722} INFO - Setting next_dagrun for connections_exercise to None, run_after=None
[2026-03-14T19:47:36.039+0000] {processor.py:179} INFO - Processing /opt/airflow/dags/connections_dag.py took 0.062 seconds
[2026-03-14T19:48:07.918+0000] {processor.py:157} INFO - Started process (PID=2997) to work on /opt/airflow/dags/connections_dag.py
[2026-03-14T19:48:07.920+0000] {processor.py:829} INFO - Processing file /opt/airflow/dags/connections_dag.py for tasks to queue
[2026-03-14T19:48:07.920+0000] {logging_mixin.py:154} INFO - [2026-03-14T19:48:07.920+0000] {dagbag.py:536} INFO - Filling up the DagBag from /opt/airflow/dags/connections_dag.py
[2026-03-14T19:48:07.929+0000] {processor.py:839} INFO - DAG(s) dict_keys(['connections_exercise']) retrieved from /opt/airflow/dags/connections_dag.py
[2026-03-14T19:48:07.951+0000] {logging_mixin.py:154} INFO - [2026-03-14T19:48:07.951+0000] {dag.py:2941} INFO - Sync 1 DAGs
[2026-03-14T19:48:07.960+0000] {logging_mixin.py:154} INFO - [2026-03-14T19:48:07.960+0000] {dag.py:3722} INFO - Setting next_dagrun for connections_exercise to None, run_after=None
[2026-03-14T19:48:07.975+0000] {processor.py:179} INFO - Processing /opt/airflow/dags/connections_dag.py took 0.060 seconds
[2026-03-14T19:48:39.934+0000] {processor.py:157} INFO - Started process (PID=3014) to work on /opt/airflow/dags/connections_dag.py
[2026-03-14T19:48:39.936+0000] {processor.py:829} INFO - Processing file /opt/airflow/dags/connections_dag.py for tasks to queue
[2026-03-14T19:48:39.937+0000] {logging_mixin.py:154} INFO - [2026-03-14T19:48:39.937+0000] {dagbag.py:536} INFO - Filling up the DagBag from /opt/airflow/dags/connections_dag.py
[2026-03-14T19:48:39.949+0000] {processor.py:839} INFO - DAG(s) dict_keys(['connections_exercise']) retrieved from /opt/airflow/dags/connections_dag.py
[2026-03-14T19:48:39.973+0000] {logging_mixin.py:154} INFO - [2026-03-14T19:48:39.972+0000] {dag.py:2941} INFO - Sync 1 DAGs
[2026-03-14T19:48:39.983+0000] {logging_mixin.py:154} INFO - [2026-03-14T19:48:39.983+0000] {dag.py:3722} INFO - Setting next_dagrun for connections_exercise to None, run_after=None
[2026-03-14T19:48:39.998+0000] {processor.py:179} INFO - Processing /opt/airflow/dags/connections_dag.py took 0.068 seconds
[2026-03-14T19:49:11.838+0000] {processor.py:157} INFO - Started process (PID=3031) to work on /opt/airflow/dags/connections_dag.py
[2026-03-14T19:49:11.839+0000] {processor.py:829} INFO - Processing file /opt/airflow/dags/connections_dag.py for tasks to queue
[2026-03-14T19:49:11.840+0000] {logging_mixin.py:154} INFO - [2026-03-14T19:49:11.839+0000] {dagbag.py:536} INFO - Filling up the DagBag from /opt/airflow/dags/connections_dag.py
[2026-03-14T19:49:11.848+0000] {processor.py:839} INFO - DAG(s) dict_keys(['connections_exercise']) retrieved from /opt/airflow/dags/connections_dag.py
[2026-03-14T19:49:11.873+0000] {logging_mixin.py:154} INFO - [2026-03-14T19:49:11.872+0000] {dag.py:2941} INFO - Sync 1 DAGs
[2026-03-14T19:49:11.892+0000] {logging_mixin.py:154} INFO - [2026-03-14T19:49:11.892+0000] {dag.py:3722} INFO - Setting next_dagrun for connections_exercise to None, run_after=None
[2026-03-14T19:49:11.906+0000] {processor.py:179} INFO - Processing /opt/airflow/dags/connections_dag.py took 0.071 seconds
[2026-03-14T19:49:43.800+0000] {processor.py:157} INFO - Started process (PID=3048) to work on /opt/airflow/dags/connections_dag.py
[2026-03-14T19:49:43.801+0000] {processor.py:829} INFO - Processing file /opt/airflow/dags/connections_dag.py for tasks to queue
[2026-03-14T19:49:43.802+0000] {logging_mixin.py:154} INFO - [2026-03-14T19:49:43.802+0000] {dagbag.py:536} INFO - Filling up the DagBag from /opt/airflow/dags/connections_dag.py
[2026-03-14T19:49:43.810+0000] {processor.py:839} INFO - DAG(s) dict_keys(['connections_exercise']) retrieved from /opt/airflow/dags/connections_dag.py
[2026-03-14T19:49:43.832+0000] {logging_mixin.py:154} INFO - [2026-03-14T19:49:43.831+0000] {dag.py:2941} INFO - Sync 1 DAGs
[2026-03-14T19:49:43.842+0000] {logging_mixin.py:154} INFO - [2026-03-14T19:49:43.842+0000] {dag.py:3722} INFO - Setting next_dagrun for connections_exercise to None, run_after=None
[2026-03-14T19:49:43.856+0000] {processor.py:179} INFO - Processing /opt/airflow/dags/connections_dag.py took 0.059 seconds
[2026-03-14T19:50:14.763+0000] {processor.py:157} INFO - Started process (PID=3065) to work on /opt/airflow/dags/connections_dag.py
[2026-03-14T19:50:14.764+0000] {processor.py:829} INFO - Processing file /opt/airflow/dags/connections_dag.py for tasks to queue
[2026-03-14T19:50:14.765+0000] {logging_mixin.py:154} INFO - [2026-03-14T19:50:14.764+0000] {dagbag.py:536} INFO - Filling up the DagBag from /opt/airflow/dags/connections_dag.py
[2026-03-14T19:50:14.773+0000] {processor.py:839} INFO - DAG(s) dict_keys(['connections_exercise']) retrieved from /opt/airflow/dags/connections_dag.py
[2026-03-14T19:50:14.795+0000] {logging_mixin.py:154} INFO - [2026-03-14T19:50:14.795+0000] {dag.py:2941} INFO - Sync 1 DAGs
[2026-03-14T19:50:14.805+0000] {logging_mixin.py:154} INFO - [2026-03-14T19:50:14.804+0000] {dag.py:3722} INFO - Setting next_dagrun for connections_exercise to None, run_after=None
[2026-03-14T19:50:14.819+0000] {processor.py:179} INFO - Processing /opt/airflow/dags/connections_dag.py took 0.059 seconds
[2026-03-14T19:50:46.711+0000] {processor.py:157} INFO - Started process (PID=3082) to work on /opt/airflow/dags/connections_dag.py
[2026-03-14T19:50:46.712+0000] {processor.py:829} INFO - Processing file /opt/airflow/dags/connections_dag.py for tasks to queue
[2026-03-14T19:50:46.713+0000] {logging_mixin.py:154} INFO - [2026-03-14T19:50:46.713+0000] {dagbag.py:536} INFO - Filling up the DagBag from /opt/airflow/dags/connections_dag.py
[2026-03-14T19:50:46.721+0000] {processor.py:839} INFO - DAG(s) dict_keys(['connections_exercise']) retrieved from /opt/airflow/dags/connections_dag.py
[2026-03-14T19:50:46.744+0000] {logging_mixin.py:154} INFO - [2026-03-14T19:50:46.744+0000] {dag.py:2941} INFO - Sync 1 DAGs
[2026-03-14T19:50:46.756+0000] {logging_mixin.py:154} INFO - [2026-03-14T19:50:46.756+0000] {dag.py:3722} INFO - Setting next_dagrun for connections_exercise to None, run_after=None
[2026-03-14T19:50:46.770+0000] {processor.py:179} INFO - Processing /opt/airflow/dags/connections_dag.py took 0.063 seconds
[2026-03-14T19:51:18.647+0000] {processor.py:157} INFO - Started process (PID=3099) to work on /opt/airflow/dags/connections_dag.py
[2026-03-14T19:51:18.647+0000] {processor.py:829} INFO - Processing file /opt/airflow/dags/connections_dag.py for tasks to queue
[2026-03-14T19:51:18.649+0000] {logging_mixin.py:154} INFO - [2026-03-14T19:51:18.648+0000] {dagbag.py:536} INFO - Filling up the DagBag from /opt/airflow/dags/connections_dag.py
[2026-03-14T19:51:18.658+0000] {processor.py:839} INFO - DAG(s) dict_keys(['connections_exercise']) retrieved from /opt/airflow/dags/connections_dag.py
[2026-03-14T19:51:18.680+0000] {logging_mixin.py:154} INFO - [2026-03-14T19:51:18.680+0000] {dag.py:2941} INFO - Sync 1 DAGs
[2026-03-14T19:51:18.690+0000] {logging_mixin.py:154} INFO - [2026-03-14T19:51:18.690+0000] {dag.py:3722} INFO - Setting next_dagrun for connections_exercise to None, run_after=None
[2026-03-14T19:51:18.705+0000] {processor.py:179} INFO - Processing /opt/airflow/dags/connections_dag.py took 0.063 seconds
[2026-03-14T19:51:50.609+0000] {processor.py:157} INFO - Started process (PID=3116) to work on /opt/airflow/dags/connections_dag.py
[2026-03-14T19:51:50.613+0000] {processor.py:829} INFO - Processing file /opt/airflow/dags/connections_dag.py for tasks to queue
[2026-03-14T19:51:50.614+0000] {logging_mixin.py:154} INFO - [2026-03-14T19:51:50.613+0000] {dagbag.py:536} INFO - Filling up the DagBag from /opt/airflow/dags/connections_dag.py
[2026-03-14T19:51:50.623+0000] {processor.py:839} INFO - DAG(s) dict_keys(['connections_exercise']) retrieved from /opt/airflow/dags/connections_dag.py
[2026-03-14T19:51:50.653+0000] {logging_mixin.py:154} INFO - [2026-03-14T19:51:50.653+0000] {dag.py:2941} INFO - Sync 1 DAGs
[2026-03-14T19:51:50.664+0000] {logging_mixin.py:154} INFO - [2026-03-14T19:51:50.663+0000] {dag.py:3722} INFO - Setting next_dagrun for connections_exercise to None, run_after=None
[2026-03-14T19:51:50.679+0000] {processor.py:179} INFO - Processing /opt/airflow/dags/connections_dag.py took 0.072 seconds
[2026-03-14T19:52:22.601+0000] {processor.py:157} INFO - Started process (PID=3133) to work on /opt/airflow/dags/connections_dag.py
[2026-03-14T19:52:22.603+0000] {processor.py:829} INFO - Processing file /opt/airflow/dags/connections_dag.py for tasks to queue
[2026-03-14T19:52:22.605+0000] {logging_mixin.py:154} INFO - [2026-03-14T19:52:22.604+0000] {dagbag.py:536} INFO - Filling up the DagBag from /opt/airflow/dags/connections_dag.py
[2026-03-14T19:52:22.613+0000] {processor.py:839} INFO - DAG(s) dict_keys(['connections_exercise']) retrieved from /opt/airflow/dags/connections_dag.py
[2026-03-14T19:52:22.634+0000] {logging_mixin.py:154} INFO - [2026-03-14T19:52:22.634+0000] {dag.py:2941} INFO - Sync 1 DAGs
[2026-03-14T19:52:22.646+0000] {logging_mixin.py:154} INFO - [2026-03-14T19:52:22.646+0000] {dag.py:3722} INFO - Setting next_dagrun for connections_exercise to None, run_after=None
[2026-03-14T19:52:22.664+0000] {processor.py:179} INFO - Processing /opt/airflow/dags/connections_dag.py took 0.068 seconds
[2026-03-14T19:52:53.556+0000] {processor.py:157} INFO - Started process (PID=3150) to work on /opt/airflow/dags/connections_dag.py
[2026-03-14T19:52:53.558+0000] {processor.py:829} INFO - Processing file /opt/airflow/dags/connections_dag.py for tasks to queue
[2026-03-14T19:52:53.560+0000] {logging_mixin.py:154} INFO - [2026-03-14T19:52:53.560+0000] {dagbag.py:536} INFO - Filling up the DagBag from /opt/airflow/dags/connections_dag.py
[2026-03-14T19:52:53.569+0000] {processor.py:839} INFO - DAG(s) dict_keys(['connections_exercise']) retrieved from /opt/airflow/dags/connections_dag.py
[2026-03-14T19:52:53.591+0000] {logging_mixin.py:154} INFO - [2026-03-14T19:52:53.591+0000] {dag.py:2941} INFO - Sync 1 DAGs
[2026-03-14T19:52:53.601+0000] {logging_mixin.py:154} INFO - [2026-03-14T19:52:53.600+0000] {dag.py:3722} INFO - Setting next_dagrun for connections_exercise to None, run_after=None
[2026-03-14T19:52:53.617+0000] {processor.py:179} INFO - Processing /opt/airflow/dags/connections_dag.py took 0.064 seconds
[2026-03-14T19:53:25.426+0000] {processor.py:157} INFO - Started process (PID=3167) to work on /opt/airflow/dags/connections_dag.py
[2026-03-14T19:53:25.428+0000] {processor.py:829} INFO - Processing file /opt/airflow/dags/connections_dag.py for tasks to queue
[2026-03-14T19:53:25.429+0000] {logging_mixin.py:154} INFO - [2026-03-14T19:53:25.428+0000] {dagbag.py:536} INFO - Filling up the DagBag from /opt/airflow/dags/connections_dag.py
[2026-03-14T19:53:25.439+0000] {processor.py:839} INFO - DAG(s) dict_keys(['connections_exercise']) retrieved from /opt/airflow/dags/connections_dag.py
[2026-03-14T19:53:25.463+0000] {logging_mixin.py:154} INFO - [2026-03-14T19:53:25.462+0000] {dag.py:2941} INFO - Sync 1 DAGs
[2026-03-14T19:53:25.477+0000] {logging_mixin.py:154} INFO - [2026-03-14T19:53:25.476+0000] {dag.py:3722} INFO - Setting next_dagrun for connections_exercise to None, run_after=None
[2026-03-14T19:53:25.492+0000] {processor.py:179} INFO - Processing /opt/airflow/dags/connections_dag.py took 0.071 seconds
[2026-03-14T19:53:57.403+0000] {processor.py:157} INFO - Started process (PID=3184) to work on /opt/airflow/dags/connections_dag.py
[2026-03-14T19:53:57.405+0000] {processor.py:829} INFO - Processing file /opt/airflow/dags/connections_dag.py for tasks to queue
[2026-03-14T19:53:57.405+0000] {logging_mixin.py:154} INFO - [2026-03-14T19:53:57.405+0000] {dagbag.py:536} INFO - Filling up the DagBag from /opt/airflow/dags/connections_dag.py
[2026-03-14T19:53:57.414+0000] {processor.py:839} INFO - DAG(s) dict_keys(['connections_exercise']) retrieved from /opt/airflow/dags/connections_dag.py
[2026-03-14T19:53:57.436+0000] {logging_mixin.py:154} INFO - [2026-03-14T19:53:57.436+0000] {dag.py:2941} INFO - Sync 1 DAGs
[2026-03-14T19:53:57.446+0000] {logging_mixin.py:154} INFO - [2026-03-14T19:53:57.446+0000] {dag.py:3722} INFO - Setting next_dagrun for connections_exercise to None, run_after=None
[2026-03-14T19:53:57.462+0000] {processor.py:179} INFO - Processing /opt/airflow/dags/connections_dag.py took 0.062 seconds
[2026-03-14T19:54:29.359+0000] {processor.py:157} INFO - Started process (PID=3201) to work on /opt/airflow/dags/connections_dag.py
[2026-03-14T19:54:29.361+0000] {processor.py:829} INFO - Processing file /opt/airflow/dags/connections_dag.py for tasks to queue
[2026-03-14T19:54:29.361+0000] {logging_mixin.py:154} INFO - [2026-03-14T19:54:29.361+0000] {dagbag.py:536} INFO - Filling up the DagBag from /opt/airflow/dags/connections_dag.py
[2026-03-14T19:54:29.369+0000] {processor.py:839} INFO - DAG(s) dict_keys(['connections_exercise']) retrieved from /opt/airflow/dags/connections_dag.py
[2026-03-14T19:54:29.390+0000] {logging_mixin.py:154} INFO - [2026-03-14T19:54:29.390+0000] {dag.py:2941} INFO - Sync 1 DAGs
[2026-03-14T19:54:29.400+0000] {logging_mixin.py:154} INFO - [2026-03-14T19:54:29.400+0000] {dag.py:3722} INFO - Setting next_dagrun for connections_exercise to None, run_after=None
[2026-03-14T19:54:29.415+0000] {processor.py:179} INFO - Processing /opt/airflow/dags/connections_dag.py took 0.060 seconds
[2026-03-14T19:55:01.246+0000] {processor.py:157} INFO - Started process (PID=3218) to work on /opt/airflow/dags/connections_dag.py
[2026-03-14T19:55:01.247+0000] {processor.py:829} INFO - Processing file /opt/airflow/dags/connections_dag.py for tasks to queue
[2026-03-14T19:55:01.247+0000] {logging_mixin.py:154} INFO - [2026-03-14T19:55:01.247+0000] {dagbag.py:536} INFO - Filling up the DagBag from /opt/airflow/dags/connections_dag.py
[2026-03-14T19:55:01.255+0000] {processor.py:839} INFO - DAG(s) dict_keys(['connections_exercise']) retrieved from /opt/airflow/dags/connections_dag.py
[2026-03-14T19:55:01.280+0000] {logging_mixin.py:154} INFO - [2026-03-14T19:55:01.280+0000] {dag.py:2941} INFO - Sync 1 DAGs
[2026-03-14T19:55:01.295+0000] {logging_mixin.py:154} INFO - [2026-03-14T19:55:01.294+0000] {dag.py:3722} INFO - Setting next_dagrun for connections_exercise to None, run_after=None
[2026-03-14T19:55:01.314+0000] {processor.py:179} INFO - Processing /opt/airflow/dags/connections_dag.py took 0.071 seconds
[2026-03-14T19:55:33.308+0000] {processor.py:157} INFO - Started process (PID=3235) to work on /opt/airflow/dags/connections_dag.py
[2026-03-14T19:55:33.310+0000] {processor.py:829} INFO - Processing file /opt/airflow/dags/connections_dag.py for tasks to queue
[2026-03-14T19:55:33.311+0000] {logging_mixin.py:154} INFO - [2026-03-14T19:55:33.311+0000] {dagbag.py:536} INFO - Filling up the DagBag from /opt/airflow/dags/connections_dag.py
[2026-03-14T19:55:33.319+0000] {processor.py:839} INFO - DAG(s) dict_keys(['connections_exercise']) retrieved from /opt/airflow/dags/connections_dag.py
[2026-03-14T19:55:33.342+0000] {logging_mixin.py:154} INFO - [2026-03-14T19:55:33.342+0000] {dag.py:2941} INFO - Sync 1 DAGs
[2026-03-14T19:55:33.352+0000] {logging_mixin.py:154} INFO - [2026-03-14T19:55:33.352+0000] {dag.py:3722} INFO - Setting next_dagrun for connections_exercise to None, run_after=None
[2026-03-14T19:55:33.367+0000] {processor.py:179} INFO - Processing /opt/airflow/dags/connections_dag.py took 0.061 seconds
[2026-03-14T19:56:04.294+0000] {processor.py:157} INFO - Started process (PID=3252) to work on /opt/airflow/dags/connections_dag.py
[2026-03-14T19:56:04.295+0000] {processor.py:829} INFO - Processing file /opt/airflow/dags/connections_dag.py for tasks to queue
[2026-03-14T19:56:04.296+0000] {logging_mixin.py:154} INFO - [2026-03-14T19:56:04.295+0000] {dagbag.py:536} INFO - Filling up the DagBag from /opt/airflow/dags/connections_dag.py
[2026-03-14T19:56:04.304+0000] {processor.py:839} INFO - DAG(s) dict_keys(['connections_exercise']) retrieved from /opt/airflow/dags/connections_dag.py
[2026-03-14T19:56:04.326+0000] {logging_mixin.py:154} INFO - [2026-03-14T19:56:04.326+0000] {dag.py:2941} INFO - Sync 1 DAGs
[2026-03-14T19:56:04.336+0000] {logging_mixin.py:154} INFO - [2026-03-14T19:56:04.336+0000] {dag.py:3722} INFO - Setting next_dagrun for connections_exercise to None, run_after=None
[2026-03-14T19:56:04.352+0000] {processor.py:179} INFO - Processing /opt/airflow/dags/connections_dag.py took 0.061 seconds
[2026-03-14T19:56:36.227+0000] {processor.py:157} INFO - Started process (PID=3269) to work on /opt/airflow/dags/connections_dag.py
[2026-03-14T19:56:36.229+0000] {processor.py:829} INFO - Processing file /opt/airflow/dags/connections_dag.py for tasks to queue
[2026-03-14T19:56:36.229+0000] {logging_mixin.py:154} INFO - [2026-03-14T19:56:36.229+0000] {dagbag.py:536} INFO - Filling up the DagBag from /opt/airflow/dags/connections_dag.py
[2026-03-14T19:56:36.239+0000] {processor.py:839} INFO - DAG(s) dict_keys(['connections_exercise']) retrieved from /opt/airflow/dags/connections_dag.py
[2026-03-14T19:56:36.260+0000] {logging_mixin.py:154} INFO - [2026-03-14T19:56:36.259+0000] {dag.py:2941} INFO - Sync 1 DAGs
[2026-03-14T19:56:36.271+0000] {logging_mixin.py:154} INFO - [2026-03-14T19:56:36.271+0000] {dag.py:3722} INFO - Setting next_dagrun for connections_exercise to None, run_after=None
[2026-03-14T19:56:36.286+0000] {processor.py:179} INFO - Processing /opt/airflow/dags/connections_dag.py took 0.062 seconds
[2026-03-14T19:57:08.187+0000] {processor.py:157} INFO - Started process (PID=3286) to work on /opt/airflow/dags/connections_dag.py
[2026-03-14T19:57:08.188+0000] {processor.py:829} INFO - Processing file /opt/airflow/dags/connections_dag.py for tasks to queue
[2026-03-14T19:57:08.189+0000] {logging_mixin.py:154} INFO - [2026-03-14T19:57:08.189+0000] {dagbag.py:536} INFO - Filling up the DagBag from /opt/airflow/dags/connections_dag.py
[2026-03-14T19:57:08.197+0000] {processor.py:839} INFO - DAG(s) dict_keys(['connections_exercise']) retrieved from /opt/airflow/dags/connections_dag.py
[2026-03-14T19:57:08.220+0000] {logging_mixin.py:154} INFO - [2026-03-14T19:57:08.219+0000] {dag.py:2941} INFO - Sync 1 DAGs
[2026-03-14T19:57:08.230+0000] {logging_mixin.py:154} INFO - [2026-03-14T19:57:08.230+0000] {dag.py:3722} INFO - Setting next_dagrun for connections_exercise to None, run_after=None
[2026-03-14T19:57:08.244+0000] {processor.py:179} INFO - Processing /opt/airflow/dags/connections_dag.py took 0.061 seconds
[2026-03-14T19:57:40.194+0000] {processor.py:157} INFO - Started process (PID=3303) to work on /opt/airflow/dags/connections_dag.py
[2026-03-14T19:57:40.197+0000] {processor.py:829} INFO - Processing file /opt/airflow/dags/connections_dag.py for tasks to queue
[2026-03-14T19:57:40.200+0000] {logging_mixin.py:154} INFO - [2026-03-14T19:57:40.199+0000] {dagbag.py:536} INFO - Filling up the DagBag from /opt/airflow/dags/connections_dag.py
[2026-03-14T19:57:40.209+0000] {processor.py:839} INFO - DAG(s) dict_keys(['connections_exercise']) retrieved from /opt/airflow/dags/connections_dag.py
[2026-03-14T19:57:40.231+0000] {logging_mixin.py:154} INFO - [2026-03-14T19:57:40.231+0000] {dag.py:2941} INFO - Sync 1 DAGs
[2026-03-14T19:57:40.241+0000] {logging_mixin.py:154} INFO - [2026-03-14T19:57:40.241+0000] {dag.py:3722} INFO - Setting next_dagrun for connections_exercise to None, run_after=None
[2026-03-14T19:57:40.256+0000] {processor.py:179} INFO - Processing /opt/airflow/dags/connections_dag.py took 0.066 seconds
[2026-03-14T19:58:12.201+0000] {processor.py:157} INFO - Started process (PID=3320) to work on /opt/airflow/dags/connections_dag.py
[2026-03-14T19:58:12.202+0000] {processor.py:829} INFO - Processing file /opt/airflow/dags/connections_dag.py for tasks to queue
[2026-03-14T19:58:12.202+0000] {logging_mixin.py:154} INFO - [2026-03-14T19:58:12.202+0000] {dagbag.py:536} INFO - Filling up the DagBag from /opt/airflow/dags/connections_dag.py
[2026-03-14T19:58:12.211+0000] {processor.py:839} INFO - DAG(s) dict_keys(['connections_exercise']) retrieved from /opt/airflow/dags/connections_dag.py
[2026-03-14T19:58:12.236+0000] {logging_mixin.py:154} INFO - [2026-03-14T19:58:12.236+0000] {dag.py:2941} INFO - Sync 1 DAGs
[2026-03-14T19:58:12.247+0000] {logging_mixin.py:154} INFO - [2026-03-14T19:58:12.247+0000] {dag.py:3722} INFO - Setting next_dagrun for connections_exercise to None, run_after=None
[2026-03-14T19:58:12.264+0000] {processor.py:179} INFO - Processing /opt/airflow/dags/connections_dag.py took 0.066 seconds
[2026-03-14T19:58:43.129+0000] {processor.py:157} INFO - Started process (PID=3337) to work on /opt/airflow/dags/connections_dag.py
[2026-03-14T19:58:43.130+0000] {processor.py:829} INFO - Processing file /opt/airflow/dags/connections_dag.py for tasks to queue
[2026-03-14T19:58:43.131+0000] {logging_mixin.py:154} INFO - [2026-03-14T19:58:43.130+0000] {dagbag.py:536} INFO - Filling up the DagBag from /opt/airflow/dags/connections_dag.py
[2026-03-14T19:58:43.139+0000] {processor.py:839} INFO - DAG(s) dict_keys(['connections_exercise']) retrieved from /opt/airflow/dags/connections_dag.py
[2026-03-14T19:58:43.162+0000] {logging_mixin.py:154} INFO - [2026-03-14T19:58:43.162+0000] {dag.py:2941} INFO - Sync 1 DAGs
[2026-03-14T19:58:43.172+0000] {logging_mixin.py:154} INFO - [2026-03-14T19:58:43.172+0000] {dag.py:3722} INFO - Setting next_dagrun for connections_exercise to None, run_after=None
[2026-03-14T19:58:43.187+0000] {processor.py:179} INFO - Processing /opt/airflow/dags/connections_dag.py took 0.062 seconds
[2026-03-14T19:59:15.104+0000] {processor.py:157} INFO - Started process (PID=3354) to work on /opt/airflow/dags/connections_dag.py
[2026-03-14T19:59:15.106+0000] {processor.py:829} INFO - Processing file /opt/airflow/dags/connections_dag.py for tasks to queue
[2026-03-14T19:59:15.107+0000] {logging_mixin.py:154} INFO - [2026-03-14T19:59:15.107+0000] {dagbag.py:536} INFO - Filling up the DagBag from /opt/airflow/dags/connections_dag.py
[2026-03-14T19:59:15.115+0000] {processor.py:839} INFO - DAG(s) dict_keys(['connections_exercise']) retrieved from /opt/airflow/dags/connections_dag.py
[2026-03-14T19:59:15.137+0000] {logging_mixin.py:154} INFO - [2026-03-14T19:59:15.137+0000] {dag.py:2941} INFO - Sync 1 DAGs
[2026-03-14T19:59:15.149+0000] {logging_mixin.py:154} INFO - [2026-03-14T19:59:15.149+0000] {dag.py:3722} INFO - Setting next_dagrun for connections_exercise to None, run_after=None
[2026-03-14T19:59:15.166+0000] {processor.py:179} INFO - Processing /opt/airflow/dags/connections_dag.py took 0.066 seconds
[2026-03-14T19:59:47.114+0000] {processor.py:157} INFO - Started process (PID=3371) to work on /opt/airflow/dags/connections_dag.py
[2026-03-14T19:59:47.116+0000] {processor.py:829} INFO - Processing file /opt/airflow/dags/connections_dag.py for tasks to queue
[2026-03-14T19:59:47.117+0000] {logging_mixin.py:154} INFO - [2026-03-14T19:59:47.117+0000] {dagbag.py:536} INFO - Filling up the DagBag from /opt/airflow/dags/connections_dag.py
[2026-03-14T19:59:47.126+0000] {processor.py:839} INFO - DAG(s) dict_keys(['connections_exercise']) retrieved from /opt/airflow/dags/connections_dag.py
[2026-03-14T19:59:47.148+0000] {logging_mixin.py:154} INFO - [2026-03-14T19:59:47.148+0000] {dag.py:2941} INFO - Sync 1 DAGs
[2026-03-14T19:59:47.158+0000] {logging_mixin.py:154} INFO - [2026-03-14T19:59:47.158+0000] {dag.py:3722} INFO - Setting next_dagrun for connections_exercise to None, run_after=None
[2026-03-14T19:59:47.172+0000] {processor.py:179} INFO - Processing /opt/airflow/dags/connections_dag.py took 0.062 seconds
[2026-03-14T20:00:19.135+0000] {processor.py:157} INFO - Started process (PID=3388) to work on /opt/airflow/dags/connections_dag.py
[2026-03-14T20:00:19.137+0000] {processor.py:829} INFO - Processing file /opt/airflow/dags/connections_dag.py for tasks to queue
[2026-03-14T20:00:19.139+0000] {logging_mixin.py:154} INFO - [2026-03-14T20:00:19.138+0000] {dagbag.py:536} INFO - Filling up the DagBag from /opt/airflow/dags/connections_dag.py
[2026-03-14T20:00:19.148+0000] {processor.py:839} INFO - DAG(s) dict_keys(['connections_exercise']) retrieved from /opt/airflow/dags/connections_dag.py
[2026-03-14T20:00:19.171+0000] {logging_mixin.py:154} INFO - [2026-03-14T20:00:19.171+0000] {dag.py:2941} INFO - Sync 1 DAGs
[2026-03-14T20:00:19.182+0000] {logging_mixin.py:154} INFO - [2026-03-14T20:00:19.181+0000] {dag.py:3722} INFO - Setting next_dagrun for connections_exercise to None, run_after=None
[2026-03-14T20:00:19.196+0000] {processor.py:179} INFO - Processing /opt/airflow/dags/connections_dag.py took 0.064 seconds
[2026-03-14T20:00:51.024+0000] {processor.py:157} INFO - Started process (PID=3405) to work on /opt/airflow/dags/connections_dag.py
[2026-03-14T20:00:51.025+0000] {processor.py:829} INFO - Processing file /opt/airflow/dags/connections_dag.py for tasks to queue
[2026-03-14T20:00:51.025+0000] {logging_mixin.py:154} INFO - [2026-03-14T20:00:51.025+0000] {dagbag.py:536} INFO - Filling up the DagBag from /opt/airflow/dags/connections_dag.py
[2026-03-14T20:00:51.034+0000] {processor.py:839} INFO - DAG(s) dict_keys(['connections_exercise']) retrieved from /opt/airflow/dags/connections_dag.py
[2026-03-14T20:00:51.060+0000] {logging_mixin.py:154} INFO - [2026-03-14T20:00:51.059+0000] {dag.py:2941} INFO - Sync 1 DAGs
[2026-03-14T20:00:51.071+0000] {logging_mixin.py:154} INFO - [2026-03-14T20:00:51.071+0000] {dag.py:3722} INFO - Setting next_dagrun for connections_exercise to None, run_after=None
[2026-03-14T20:00:51.087+0000] {processor.py:179} INFO - Processing /opt/airflow/dags/connections_dag.py took 0.067 seconds
[2026-03-14T20:01:22.971+0000] {processor.py:157} INFO - Started process (PID=3422) to work on /opt/airflow/dags/connections_dag.py
[2026-03-14T20:01:22.973+0000] {processor.py:829} INFO - Processing file /opt/airflow/dags/connections_dag.py for tasks to queue
[2026-03-14T20:01:22.973+0000] {logging_mixin.py:154} INFO - [2026-03-14T20:01:22.973+0000] {dagbag.py:536} INFO - Filling up the DagBag from /opt/airflow/dags/connections_dag.py
[2026-03-14T20:01:22.981+0000] {processor.py:839} INFO - DAG(s) dict_keys(['connections_exercise']) retrieved from /opt/airflow/dags/connections_dag.py
[2026-03-14T20:01:23.006+0000] {logging_mixin.py:154} INFO - [2026-03-14T20:01:23.006+0000] {dag.py:2941} INFO - Sync 1 DAGs
[2026-03-14T20:01:23.016+0000] {logging_mixin.py:154} INFO - [2026-03-14T20:01:23.015+0000] {dag.py:3722} INFO - Setting next_dagrun for connections_exercise to None, run_after=None
[2026-03-14T20:01:23.030+0000] {processor.py:179} INFO - Processing /opt/airflow/dags/connections_dag.py took 0.061 seconds
[2026-03-14T20:01:53.982+0000] {processor.py:157} INFO - Started process (PID=3439) to work on /opt/airflow/dags/connections_dag.py
[2026-03-14T20:01:53.984+0000] {processor.py:829} INFO - Processing file /opt/airflow/dags/connections_dag.py for tasks to queue
[2026-03-14T20:01:53.985+0000] {logging_mixin.py:154} INFO - [2026-03-14T20:01:53.985+0000] {dagbag.py:536} INFO - Filling up the DagBag from /opt/airflow/dags/connections_dag.py
[2026-03-14T20:01:53.994+0000] {processor.py:839} INFO - DAG(s) dict_keys(['connections_exercise']) retrieved from /opt/airflow/dags/connections_dag.py
[2026-03-14T20:01:54.018+0000] {logging_mixin.py:154} INFO - [2026-03-14T20:01:54.018+0000] {dag.py:2941} INFO - Sync 1 DAGs
[2026-03-14T20:01:54.029+0000] {logging_mixin.py:154} INFO - [2026-03-14T20:01:54.028+0000] {dag.py:3722} INFO - Setting next_dagrun for connections_exercise to None, run_after=None
[2026-03-14T20:01:54.045+0000] {processor.py:179} INFO - Processing /opt/airflow/dags/connections_dag.py took 0.065 seconds
[2026-03-14T20:02:26.029+0000] {processor.py:157} INFO - Started process (PID=3456) to work on /opt/airflow/dags/connections_dag.py
[2026-03-14T20:02:26.031+0000] {processor.py:829} INFO - Processing file /opt/airflow/dags/connections_dag.py for tasks to queue
[2026-03-14T20:02:26.032+0000] {logging_mixin.py:154} INFO - [2026-03-14T20:02:26.032+0000] {dagbag.py:536} INFO - Filling up the DagBag from /opt/airflow/dags/connections_dag.py
[2026-03-14T20:02:26.040+0000] {processor.py:839} INFO - DAG(s) dict_keys(['connections_exercise']) retrieved from /opt/airflow/dags/connections_dag.py
[2026-03-14T20:02:26.064+0000] {logging_mixin.py:154} INFO - [2026-03-14T20:02:26.063+0000] {dag.py:2941} INFO - Sync 1 DAGs
[2026-03-14T20:02:26.074+0000] {logging_mixin.py:154} INFO - [2026-03-14T20:02:26.074+0000] {dag.py:3722} INFO - Setting next_dagrun for connections_exercise to None, run_after=None
[2026-03-14T20:02:26.088+0000] {processor.py:179} INFO - Processing /opt/airflow/dags/connections_dag.py took 0.062 seconds
[2026-03-14T20:02:57.971+0000] {processor.py:157} INFO - Started process (PID=3473) to work on /opt/airflow/dags/connections_dag.py
[2026-03-14T20:02:57.971+0000] {processor.py:829} INFO - Processing file /opt/airflow/dags/connections_dag.py for tasks to queue
[2026-03-14T20:02:57.972+0000] {logging_mixin.py:154} INFO - [2026-03-14T20:02:57.972+0000] {dagbag.py:536} INFO - Filling up the DagBag from /opt/airflow/dags/connections_dag.py
[2026-03-14T20:02:57.981+0000] {processor.py:839} INFO - DAG(s) dict_keys(['connections_exercise']) retrieved from /opt/airflow/dags/connections_dag.py
[2026-03-14T20:02:58.005+0000] {logging_mixin.py:154} INFO - [2026-03-14T20:02:58.004+0000] {dag.py:2941} INFO - Sync 1 DAGs
[2026-03-14T20:02:58.015+0000] {logging_mixin.py:154} INFO - [2026-03-14T20:02:58.014+0000] {dag.py:3722} INFO - Setting next_dagrun for connections_exercise to None, run_after=None
[2026-03-14T20:02:58.029+0000] {processor.py:179} INFO - Processing /opt/airflow/dags/connections_dag.py took 0.061 seconds
[2026-03-14T20:03:29.955+0000] {processor.py:157} INFO - Started process (PID=3490) to work on /opt/airflow/dags/connections_dag.py
[2026-03-14T20:03:29.956+0000] {processor.py:829} INFO - Processing file /opt/airflow/dags/connections_dag.py for tasks to queue
[2026-03-14T20:03:29.957+0000] {logging_mixin.py:154} INFO - [2026-03-14T20:03:29.956+0000] {dagbag.py:536} INFO - Filling up the DagBag from /opt/airflow/dags/connections_dag.py
[2026-03-14T20:03:29.967+0000] {processor.py:839} INFO - DAG(s) dict_keys(['connections_exercise']) retrieved from /opt/airflow/dags/connections_dag.py
[2026-03-14T20:03:29.989+0000] {logging_mixin.py:154} INFO - [2026-03-14T20:03:29.989+0000] {dag.py:2941} INFO - Sync 1 DAGs
[2026-03-14T20:03:29.999+0000] {logging_mixin.py:154} INFO - [2026-03-14T20:03:29.999+0000] {dag.py:3722} INFO - Setting next_dagrun for connections_exercise to None, run_after=None
[2026-03-14T20:03:30.014+0000] {processor.py:179} INFO - Processing /opt/airflow/dags/connections_dag.py took 0.062 seconds
[2026-03-14T20:04:01.906+0000] {processor.py:157} INFO - Started process (PID=3507) to work on /opt/airflow/dags/connections_dag.py
[2026-03-14T20:04:01.907+0000] {processor.py:829} INFO - Processing file /opt/airflow/dags/connections_dag.py for tasks to queue
[2026-03-14T20:04:01.908+0000] {logging_mixin.py:154} INFO - [2026-03-14T20:04:01.908+0000] {dagbag.py:536} INFO - Filling up the DagBag from /opt/airflow/dags/connections_dag.py
[2026-03-14T20:04:01.916+0000] {processor.py:839} INFO - DAG(s) dict_keys(['connections_exercise']) retrieved from /opt/airflow/dags/connections_dag.py
[2026-03-14T20:04:01.939+0000] {logging_mixin.py:154} INFO - [2026-03-14T20:04:01.938+0000] {dag.py:2941} INFO - Sync 1 DAGs
[2026-03-14T20:04:01.951+0000] {logging_mixin.py:154} INFO - [2026-03-14T20:04:01.951+0000] {dag.py:3722} INFO - Setting next_dagrun for connections_exercise to None, run_after=None
[2026-03-14T20:04:01.970+0000] {processor.py:179} INFO - Processing /opt/airflow/dags/connections_dag.py took 0.066 seconds
[2026-03-14T20:04:33.958+0000] {processor.py:157} INFO - Started process (PID=3524) to work on /opt/airflow/dags/connections_dag.py
[2026-03-14T20:04:33.959+0000] {processor.py:829} INFO - Processing file /opt/airflow/dags/connections_dag.py for tasks to queue
[2026-03-14T20:04:33.960+0000] {logging_mixin.py:154} INFO - [2026-03-14T20:04:33.959+0000] {dagbag.py:536} INFO - Filling up the DagBag from /opt/airflow/dags/connections_dag.py
[2026-03-14T20:04:33.968+0000] {processor.py:839} INFO - DAG(s) dict_keys(['connections_exercise']) retrieved from /opt/airflow/dags/connections_dag.py
[2026-03-14T20:04:33.990+0000] {logging_mixin.py:154} INFO - [2026-03-14T20:04:33.990+0000] {dag.py:2941} INFO - Sync 1 DAGs
[2026-03-14T20:04:34.001+0000] {logging_mixin.py:154} INFO - [2026-03-14T20:04:34.001+0000] {dag.py:3722} INFO - Setting next_dagrun for connections_exercise to None, run_after=None
[2026-03-14T20:04:34.014+0000] {processor.py:179} INFO - Processing /opt/airflow/dags/connections_dag.py took 0.060 seconds
[2026-03-14T20:05:04.914+0000] {processor.py:157} INFO - Started process (PID=3541) to work on /opt/airflow/dags/connections_dag.py
[2026-03-14T20:05:04.914+0000] {processor.py:829} INFO - Processing file /opt/airflow/dags/connections_dag.py for tasks to queue
[2026-03-14T20:05:04.915+0000] {logging_mixin.py:154} INFO - [2026-03-14T20:05:04.915+0000] {dagbag.py:536} INFO - Filling up the DagBag from /opt/airflow/dags/connections_dag.py
[2026-03-14T20:05:04.923+0000] {processor.py:839} INFO - DAG(s) dict_keys(['connections_exercise']) retrieved from /opt/airflow/dags/connections_dag.py
[2026-03-14T20:05:04.946+0000] {logging_mixin.py:154} INFO - [2026-03-14T20:05:04.945+0000] {dag.py:2941} INFO - Sync 1 DAGs
[2026-03-14T20:05:04.956+0000] {logging_mixin.py:154} INFO - [2026-03-14T20:05:04.956+0000] {dag.py:3722} INFO - Setting next_dagrun for connections_exercise to None, run_after=None
[2026-03-14T20:05:04.970+0000] {processor.py:179} INFO - Processing /opt/airflow/dags/connections_dag.py took 0.060 seconds
[2026-03-14T20:05:36.885+0000] {processor.py:157} INFO - Started process (PID=3558) to work on /opt/airflow/dags/connections_dag.py
[2026-03-14T20:05:36.887+0000] {processor.py:829} INFO - Processing file /opt/airflow/dags/connections_dag.py for tasks to queue
[2026-03-14T20:05:36.888+0000] {logging_mixin.py:154} INFO - [2026-03-14T20:05:36.888+0000] {dagbag.py:536} INFO - Filling up the DagBag from /opt/airflow/dags/connections_dag.py
[2026-03-14T20:05:36.896+0000] {processor.py:839} INFO - DAG(s) dict_keys(['connections_exercise']) retrieved from /opt/airflow/dags/connections_dag.py
[2026-03-14T20:05:36.920+0000] {logging_mixin.py:154} INFO - [2026-03-14T20:05:36.920+0000] {dag.py:2941} INFO - Sync 1 DAGs
[2026-03-14T20:05:36.933+0000] {logging_mixin.py:154} INFO - [2026-03-14T20:05:36.933+0000] {dag.py:3722} INFO - Setting next_dagrun for connections_exercise to None, run_after=None
[2026-03-14T20:05:36.946+0000] {processor.py:179} INFO - Processing /opt/airflow/dags/connections_dag.py took 0.064 seconds
[2026-03-14T20:06:08.914+0000] {processor.py:157} INFO - Started process (PID=3575) to work on /opt/airflow/dags/connections_dag.py
[2026-03-14T20:06:08.916+0000] {processor.py:829} INFO - Processing file /opt/airflow/dags/connections_dag.py for tasks to queue
[2026-03-14T20:06:08.917+0000] {logging_mixin.py:154} INFO - [2026-03-14T20:06:08.917+0000] {dagbag.py:536} INFO - Filling up the DagBag from /opt/airflow/dags/connections_dag.py
[2026-03-14T20:06:08.928+0000] {processor.py:839} INFO - DAG(s) dict_keys(['connections_exercise']) retrieved from /opt/airflow/dags/connections_dag.py
[2026-03-14T20:06:08.957+0000] {logging_mixin.py:154} INFO - [2026-03-14T20:06:08.957+0000] {dag.py:2941} INFO - Sync 1 DAGs
[2026-03-14T20:06:08.987+0000] {logging_mixin.py:154} INFO - [2026-03-14T20:06:08.986+0000] {dag.py:3722} INFO - Setting next_dagrun for connections_exercise to None, run_after=None
[2026-03-14T20:06:09.006+0000] {processor.py:179} INFO - Processing /opt/airflow/dags/connections_dag.py took 0.097 seconds
[2026-03-14T20:06:41.009+0000] {processor.py:157} INFO - Started process (PID=3592) to work on /opt/airflow/dags/connections_dag.py
[2026-03-14T20:06:41.011+0000] {processor.py:829} INFO - Processing file /opt/airflow/dags/connections_dag.py for tasks to queue
[2026-03-14T20:06:41.012+0000] {logging_mixin.py:154} INFO - [2026-03-14T20:06:41.012+0000] {dagbag.py:536} INFO - Filling up the DagBag from /opt/airflow/dags/connections_dag.py
[2026-03-14T20:06:41.025+0000] {processor.py:839} INFO - DAG(s) dict_keys(['connections_exercise']) retrieved from /opt/airflow/dags/connections_dag.py
[2026-03-14T20:06:41.049+0000] {logging_mixin.py:154} INFO - [2026-03-14T20:06:41.049+0000] {dag.py:2941} INFO - Sync 1 DAGs
[2026-03-14T20:06:41.060+0000] {logging_mixin.py:154} INFO - [2026-03-14T20:06:41.060+0000] {dag.py:3722} INFO - Setting next_dagrun for connections_exercise to None, run_after=None
[2026-03-14T20:06:41.075+0000] {processor.py:179} INFO - Processing /opt/airflow/dags/connections_dag.py took 0.070 seconds
[2026-03-14T20:07:12.926+0000] {processor.py:157} INFO - Started process (PID=3609) to work on /opt/airflow/dags/connections_dag.py
[2026-03-14T20:07:12.927+0000] {processor.py:829} INFO - Processing file /opt/airflow/dags/connections_dag.py for tasks to queue
[2026-03-14T20:07:12.927+0000] {logging_mixin.py:154} INFO - [2026-03-14T20:07:12.927+0000] {dagbag.py:536} INFO - Filling up the DagBag from /opt/airflow/dags/connections_dag.py
[2026-03-14T20:07:12.935+0000] {processor.py:839} INFO - DAG(s) dict_keys(['connections_exercise']) retrieved from /opt/airflow/dags/connections_dag.py
[2026-03-14T20:07:12.958+0000] {logging_mixin.py:154} INFO - [2026-03-14T20:07:12.958+0000] {dag.py:2941} INFO - Sync 1 DAGs
[2026-03-14T20:07:12.969+0000] {logging_mixin.py:154} INFO - [2026-03-14T20:07:12.969+0000] {dag.py:3722} INFO - Setting next_dagrun for connections_exercise to None, run_after=None
[2026-03-14T20:07:12.986+0000] {processor.py:179} INFO - Processing /opt/airflow/dags/connections_dag.py took 0.063 seconds
[2026-03-14T20:07:43.888+0000] {processor.py:157} INFO - Started process (PID=3626) to work on /opt/airflow/dags/connections_dag.py
[2026-03-14T20:07:43.889+0000] {processor.py:829} INFO - Processing file /opt/airflow/dags/connections_dag.py for tasks to queue
[2026-03-14T20:07:43.890+0000] {logging_mixin.py:154} INFO - [2026-03-14T20:07:43.889+0000] {dagbag.py:536} INFO - Filling up the DagBag from /opt/airflow/dags/connections_dag.py
[2026-03-14T20:07:43.899+0000] {processor.py:839} INFO - DAG(s) dict_keys(['connections_exercise']) retrieved from /opt/airflow/dags/connections_dag.py
[2026-03-14T20:07:43.921+0000] {logging_mixin.py:154} INFO - [2026-03-14T20:07:43.921+0000] {dag.py:2941} INFO - Sync 1 DAGs
[2026-03-14T20:07:43.932+0000] {logging_mixin.py:154} INFO - [2026-03-14T20:07:43.932+0000] {dag.py:3722} INFO - Setting next_dagrun for connections_exercise to None, run_after=None
[2026-03-14T20:07:43.946+0000] {processor.py:179} INFO - Processing /opt/airflow/dags/connections_dag.py took 0.060 seconds
[2026-03-14T20:08:15.938+0000] {processor.py:157} INFO - Started process (PID=3643) to work on /opt/airflow/dags/connections_dag.py
[2026-03-14T20:08:15.941+0000] {processor.py:829} INFO - Processing file /opt/airflow/dags/connections_dag.py for tasks to queue
[2026-03-14T20:08:15.943+0000] {logging_mixin.py:154} INFO - [2026-03-14T20:08:15.943+0000] {dagbag.py:536} INFO - Filling up the DagBag from /opt/airflow/dags/connections_dag.py
[2026-03-14T20:08:15.965+0000] {processor.py:839} INFO - DAG(s) dict_keys(['connections_exercise']) retrieved from /opt/airflow/dags/connections_dag.py
[2026-03-14T20:08:15.996+0000] {logging_mixin.py:154} INFO - [2026-03-14T20:08:15.996+0000] {dag.py:2941} INFO - Sync 1 DAGs
[2026-03-14T20:08:16.008+0000] {logging_mixin.py:154} INFO - [2026-03-14T20:08:16.008+0000] {dag.py:3722} INFO - Setting next_dagrun for connections_exercise to None, run_after=None
[2026-03-14T20:08:16.023+0000] {processor.py:179} INFO - Processing /opt/airflow/dags/connections_dag.py took 0.093 seconds
[2026-03-14T20:08:48.004+0000] {processor.py:157} INFO - Started process (PID=3659) to work on /opt/airflow/dags/connections_dag.py
[2026-03-14T20:08:48.005+0000] {processor.py:829} INFO - Processing file /opt/airflow/dags/connections_dag.py for tasks to queue
[2026-03-14T20:08:48.006+0000] {logging_mixin.py:154} INFO - [2026-03-14T20:08:48.006+0000] {dagbag.py:536} INFO - Filling up the DagBag from /opt/airflow/dags/connections_dag.py
[2026-03-14T20:08:48.014+0000] {processor.py:839} INFO - DAG(s) dict_keys(['connections_exercise']) retrieved from /opt/airflow/dags/connections_dag.py
[2026-03-14T20:08:48.037+0000] {logging_mixin.py:154} INFO - [2026-03-14T20:08:48.037+0000] {dag.py:2941} INFO - Sync 1 DAGs
[2026-03-14T20:08:48.049+0000] {logging_mixin.py:154} INFO - [2026-03-14T20:08:48.048+0000] {dag.py:3722} INFO - Setting next_dagrun for connections_exercise to None, run_after=None
[2026-03-14T20:08:48.064+0000] {processor.py:179} INFO - Processing /opt/airflow/dags/connections_dag.py took 0.064 seconds
[2026-03-14T20:09:19.999+0000] {processor.py:157} INFO - Started process (PID=3676) to work on /opt/airflow/dags/connections_dag.py
[2026-03-14T20:09:20.002+0000] {processor.py:829} INFO - Processing file /opt/airflow/dags/connections_dag.py for tasks to queue
[2026-03-14T20:09:20.003+0000] {logging_mixin.py:154} INFO - [2026-03-14T20:09:20.002+0000] {dagbag.py:536} INFO - Filling up the DagBag from /opt/airflow/dags/connections_dag.py
[2026-03-14T20:09:20.011+0000] {processor.py:839} INFO - DAG(s) dict_keys(['connections_exercise']) retrieved from /opt/airflow/dags/connections_dag.py
[2026-03-14T20:09:20.033+0000] {logging_mixin.py:154} INFO - [2026-03-14T20:09:20.033+0000] {dag.py:2941} INFO - Sync 1 DAGs
[2026-03-14T20:09:20.045+0000] {logging_mixin.py:154} INFO - [2026-03-14T20:09:20.045+0000] {dag.py:3722} INFO - Setting next_dagrun for connections_exercise to None, run_after=None
[2026-03-14T20:09:20.061+0000] {processor.py:179} INFO - Processing /opt/airflow/dags/connections_dag.py took 0.065 seconds
[2026-03-14T20:09:51.917+0000] {processor.py:157} INFO - Started process (PID=3693) to work on /opt/airflow/dags/connections_dag.py
[2026-03-14T20:09:51.918+0000] {processor.py:829} INFO - Processing file /opt/airflow/dags/connections_dag.py for tasks to queue
[2026-03-14T20:09:51.919+0000] {logging_mixin.py:154} INFO - [2026-03-14T20:09:51.918+0000] {dagbag.py:536} INFO - Filling up the DagBag from /opt/airflow/dags/connections_dag.py
[2026-03-14T20:09:51.926+0000] {processor.py:839} INFO - DAG(s) dict_keys(['connections_exercise']) retrieved from /opt/airflow/dags/connections_dag.py
[2026-03-14T20:09:51.948+0000] {logging_mixin.py:154} INFO - [2026-03-14T20:09:51.948+0000] {dag.py:2941} INFO - Sync 1 DAGs
[2026-03-14T20:09:51.960+0000] {logging_mixin.py:154} INFO - [2026-03-14T20:09:51.960+0000] {dag.py:3722} INFO - Setting next_dagrun for connections_exercise to None, run_after=None
[2026-03-14T20:09:51.976+0000] {processor.py:179} INFO - Processing /opt/airflow/dags/connections_dag.py took 0.062 seconds
[2026-03-14T20:10:22.939+0000] {processor.py:157} INFO - Started process (PID=3710) to work on /opt/airflow/dags/connections_dag.py
[2026-03-14T20:10:22.940+0000] {processor.py:829} INFO - Processing file /opt/airflow/dags/connections_dag.py for tasks to queue
[2026-03-14T20:10:22.941+0000] {logging_mixin.py:154} INFO - [2026-03-14T20:10:22.940+0000] {dagbag.py:536} INFO - Filling up the DagBag from /opt/airflow/dags/connections_dag.py
[2026-03-14T20:10:22.950+0000] {processor.py:839} INFO - DAG(s) dict_keys(['connections_exercise']) retrieved from /opt/airflow/dags/connections_dag.py
[2026-03-14T20:10:22.977+0000] {logging_mixin.py:154} INFO - [2026-03-14T20:10:22.977+0000] {dag.py:2941} INFO - Sync 1 DAGs
[2026-03-14T20:10:22.993+0000] {logging_mixin.py:154} INFO - [2026-03-14T20:10:22.993+0000] {dag.py:3722} INFO - Setting next_dagrun for connections_exercise to None, run_after=None
[2026-03-14T20:10:23.010+0000] {processor.py:179} INFO - Processing /opt/airflow/dags/connections_dag.py took 0.076 seconds
[2026-03-14T20:10:54.978+0000] {processor.py:157} INFO - Started process (PID=3727) to work on /opt/airflow/dags/connections_dag.py
[2026-03-14T20:10:54.980+0000] {processor.py:829} INFO - Processing file /opt/airflow/dags/connections_dag.py for tasks to queue
[2026-03-14T20:10:54.981+0000] {logging_mixin.py:154} INFO - [2026-03-14T20:10:54.980+0000] {dagbag.py:536} INFO - Filling up the DagBag from /opt/airflow/dags/connections_dag.py
[2026-03-14T20:10:54.991+0000] {processor.py:839} INFO - DAG(s) dict_keys(['connections_exercise']) retrieved from /opt/airflow/dags/connections_dag.py
[2026-03-14T20:10:55.025+0000] {logging_mixin.py:154} INFO - [2026-03-14T20:10:55.025+0000] {dag.py:2941} INFO - Sync 1 DAGs
[2026-03-14T20:10:55.038+0000] {logging_mixin.py:154} INFO - [2026-03-14T20:10:55.038+0000] {dag.py:3722} INFO - Setting next_dagrun for connections_exercise to None, run_after=None
[2026-03-14T20:10:55.057+0000] {processor.py:179} INFO - Processing /opt/airflow/dags/connections_dag.py took 0.082 seconds
[2026-03-14T20:11:26.986+0000] {processor.py:157} INFO - Started process (PID=3745) to work on /opt/airflow/dags/connections_dag.py
[2026-03-14T20:11:26.987+0000] {processor.py:829} INFO - Processing file /opt/airflow/dags/connections_dag.py for tasks to queue
[2026-03-14T20:11:26.988+0000] {logging_mixin.py:154} INFO - [2026-03-14T20:11:26.987+0000] {dagbag.py:536} INFO - Filling up the DagBag from /opt/airflow/dags/connections_dag.py
[2026-03-14T20:11:26.997+0000] {processor.py:839} INFO - DAG(s) dict_keys(['connections_exercise']) retrieved from /opt/airflow/dags/connections_dag.py
[2026-03-14T20:11:27.019+0000] {logging_mixin.py:154} INFO - [2026-03-14T20:11:27.019+0000] {dag.py:2941} INFO - Sync 1 DAGs
[2026-03-14T20:11:27.030+0000] {logging_mixin.py:154} INFO - [2026-03-14T20:11:27.029+0000] {dag.py:3722} INFO - Setting next_dagrun for connections_exercise to None, run_after=None
[2026-03-14T20:11:27.048+0000] {processor.py:179} INFO - Processing /opt/airflow/dags/connections_dag.py took 0.066 seconds
[2026-03-14T20:11:58.953+0000] {processor.py:157} INFO - Started process (PID=3762) to work on /opt/airflow/dags/connections_dag.py
[2026-03-14T20:11:58.955+0000] {processor.py:829} INFO - Processing file /opt/airflow/dags/connections_dag.py for tasks to queue
[2026-03-14T20:11:58.956+0000] {logging_mixin.py:154} INFO - [2026-03-14T20:11:58.956+0000] {dagbag.py:536} INFO - Filling up the DagBag from /opt/airflow/dags/connections_dag.py
[2026-03-14T20:11:58.965+0000] {processor.py:839} INFO - DAG(s) dict_keys(['connections_exercise']) retrieved from /opt/airflow/dags/connections_dag.py
[2026-03-14T20:11:58.986+0000] {logging_mixin.py:154} INFO - [2026-03-14T20:11:58.986+0000] {dag.py:2941} INFO - Sync 1 DAGs
[2026-03-14T20:11:58.996+0000] {logging_mixin.py:154} INFO - [2026-03-14T20:11:58.996+0000] {dag.py:3722} INFO - Setting next_dagrun for connections_exercise to None, run_after=None
[2026-03-14T20:11:59.010+0000] {processor.py:179} INFO - Processing /opt/airflow/dags/connections_dag.py took 0.059 seconds
[2026-03-14T20:12:30.975+0000] {processor.py:157} INFO - Started process (PID=3779) to work on /opt/airflow/dags/connections_dag.py
[2026-03-14T20:12:30.976+0000] {processor.py:829} INFO - Processing file /opt/airflow/dags/connections_dag.py for tasks to queue
[2026-03-14T20:12:30.977+0000] {logging_mixin.py:154} INFO - [2026-03-14T20:12:30.976+0000] {dagbag.py:536} INFO - Filling up the DagBag from /opt/airflow/dags/connections_dag.py
[2026-03-14T20:12:30.985+0000] {processor.py:839} INFO - DAG(s) dict_keys(['connections_exercise']) retrieved from /opt/airflow/dags/connections_dag.py
[2026-03-14T20:12:31.007+0000] {logging_mixin.py:154} INFO - [2026-03-14T20:12:31.007+0000] {dag.py:2941} INFO - Sync 1 DAGs
[2026-03-14T20:12:31.017+0000] {logging_mixin.py:154} INFO - [2026-03-14T20:12:31.017+0000] {dag.py:3722} INFO - Setting next_dagrun for connections_exercise to None, run_after=None
[2026-03-14T20:12:31.032+0000] {processor.py:179} INFO - Processing /opt/airflow/dags/connections_dag.py took 0.059 seconds
[2026-03-14T20:13:02.014+0000] {processor.py:157} INFO - Started process (PID=3789) to work on /opt/airflow/dags/connections_dag.py
[2026-03-14T20:13:02.016+0000] {processor.py:829} INFO - Processing file /opt/airflow/dags/connections_dag.py for tasks to queue
[2026-03-14T20:13:02.017+0000] {logging_mixin.py:154} INFO - [2026-03-14T20:13:02.017+0000] {dagbag.py:536} INFO - Filling up the DagBag from /opt/airflow/dags/connections_dag.py
[2026-03-14T20:13:02.029+0000] {processor.py:839} INFO - DAG(s) dict_keys(['connections_exercise']) retrieved from /opt/airflow/dags/connections_dag.py
[2026-03-14T20:13:02.065+0000] {logging_mixin.py:154} INFO - [2026-03-14T20:13:02.064+0000] {dag.py:2941} INFO - Sync 1 DAGs
[2026-03-14T20:13:02.076+0000] {logging_mixin.py:154} INFO - [2026-03-14T20:13:02.075+0000] {dag.py:3722} INFO - Setting next_dagrun for connections_exercise to None, run_after=None
[2026-03-14T20:13:02.093+0000] {processor.py:179} INFO - Processing /opt/airflow/dags/connections_dag.py took 0.084 seconds
[2026-03-14T20:13:34.026+0000] {processor.py:157} INFO - Started process (PID=3814) to work on /opt/airflow/dags/connections_dag.py
[2026-03-14T20:13:34.027+0000] {processor.py:829} INFO - Processing file /opt/airflow/dags/connections_dag.py for tasks to queue
[2026-03-14T20:13:34.028+0000] {logging_mixin.py:154} INFO - [2026-03-14T20:13:34.028+0000] {dagbag.py:536} INFO - Filling up the DagBag from /opt/airflow/dags/connections_dag.py
[2026-03-14T20:13:34.038+0000] {processor.py:839} INFO - DAG(s) dict_keys(['connections_exercise']) retrieved from /opt/airflow/dags/connections_dag.py
[2026-03-14T20:13:34.060+0000] {logging_mixin.py:154} INFO - [2026-03-14T20:13:34.060+0000] {dag.py:2941} INFO - Sync 1 DAGs
[2026-03-14T20:13:34.071+0000] {logging_mixin.py:154} INFO - [2026-03-14T20:13:34.071+0000] {dag.py:3722} INFO - Setting next_dagrun for connections_exercise to None, run_after=None
[2026-03-14T20:13:34.086+0000] {processor.py:179} INFO - Processing /opt/airflow/dags/connections_dag.py took 0.064 seconds
[2026-03-14T20:14:05.930+0000] {processor.py:157} INFO - Started process (PID=3831) to work on /opt/airflow/dags/connections_dag.py
[2026-03-14T20:14:05.932+0000] {processor.py:829} INFO - Processing file /opt/airflow/dags/connections_dag.py for tasks to queue
[2026-03-14T20:14:05.933+0000] {logging_mixin.py:154} INFO - [2026-03-14T20:14:05.933+0000] {dagbag.py:536} INFO - Filling up the DagBag from /opt/airflow/dags/connections_dag.py
[2026-03-14T20:14:05.944+0000] {processor.py:839} INFO - DAG(s) dict_keys(['connections_exercise']) retrieved from /opt/airflow/dags/connections_dag.py
[2026-03-14T20:14:05.969+0000] {logging_mixin.py:154} INFO - [2026-03-14T20:14:05.968+0000] {dag.py:2941} INFO - Sync 1 DAGs
[2026-03-14T20:14:05.980+0000] {logging_mixin.py:154} INFO - [2026-03-14T20:14:05.980+0000] {dag.py:3722} INFO - Setting next_dagrun for connections_exercise to None, run_after=None
[2026-03-14T20:14:05.995+0000] {processor.py:179} INFO - Processing /opt/airflow/dags/connections_dag.py took 0.069 seconds
[2026-03-14T20:14:38.005+0000] {processor.py:157} INFO - Started process (PID=3848) to work on /opt/airflow/dags/connections_dag.py
[2026-03-14T20:14:38.006+0000] {processor.py:829} INFO - Processing file /opt/airflow/dags/connections_dag.py for tasks to queue
[2026-03-14T20:14:38.006+0000] {logging_mixin.py:154} INFO - [2026-03-14T20:14:38.006+0000] {dagbag.py:536} INFO - Filling up the DagBag from /opt/airflow/dags/connections_dag.py
[2026-03-14T20:14:38.015+0000] {processor.py:839} INFO - DAG(s) dict_keys(['connections_exercise']) retrieved from /opt/airflow/dags/connections_dag.py
[2026-03-14T20:14:38.037+0000] {logging_mixin.py:154} INFO - [2026-03-14T20:14:38.037+0000] {dag.py:2941} INFO - Sync 1 DAGs
[2026-03-14T20:14:38.047+0000] {logging_mixin.py:154} INFO - [2026-03-14T20:14:38.047+0000] {dag.py:3722} INFO - Setting next_dagrun for connections_exercise to None, run_after=None
[2026-03-14T20:14:38.063+0000] {processor.py:179} INFO - Processing /opt/airflow/dags/connections_dag.py took 0.061 seconds
[2026-03-14T20:15:10.026+0000] {processor.py:157} INFO - Started process (PID=3865) to work on /opt/airflow/dags/connections_dag.py
[2026-03-14T20:15:10.027+0000] {processor.py:829} INFO - Processing file /opt/airflow/dags/connections_dag.py for tasks to queue
[2026-03-14T20:15:10.028+0000] {logging_mixin.py:154} INFO - [2026-03-14T20:15:10.027+0000] {dagbag.py:536} INFO - Filling up the DagBag from /opt/airflow/dags/connections_dag.py
[2026-03-14T20:15:10.037+0000] {processor.py:839} INFO - DAG(s) dict_keys(['connections_exercise']) retrieved from /opt/airflow/dags/connections_dag.py
[2026-03-14T20:15:10.059+0000] {logging_mixin.py:154} INFO - [2026-03-14T20:15:10.059+0000] {dag.py:2941} INFO - Sync 1 DAGs
[2026-03-14T20:15:10.070+0000] {logging_mixin.py:154} INFO - [2026-03-14T20:15:10.070+0000] {dag.py:3722} INFO - Setting next_dagrun for connections_exercise to None, run_after=None
[2026-03-14T20:15:10.086+0000] {processor.py:179} INFO - Processing /opt/airflow/dags/connections_dag.py took 0.063 seconds
[2026-03-14T20:15:40.990+0000] {processor.py:157} INFO - Started process (PID=3875) to work on /opt/airflow/dags/connections_dag.py
[2026-03-14T20:15:40.991+0000] {processor.py:829} INFO - Processing file /opt/airflow/dags/connections_dag.py for tasks to queue
[2026-03-14T20:15:40.992+0000] {logging_mixin.py:154} INFO - [2026-03-14T20:15:40.991+0000] {dagbag.py:536} INFO - Filling up the DagBag from /opt/airflow/dags/connections_dag.py
[2026-03-14T20:15:41.000+0000] {processor.py:839} INFO - DAG(s) dict_keys(['connections_exercise']) retrieved from /opt/airflow/dags/connections_dag.py
[2026-03-14T20:15:41.022+0000] {logging_mixin.py:154} INFO - [2026-03-14T20:15:41.022+0000] {dag.py:2941} INFO - Sync 1 DAGs
[2026-03-14T20:15:41.032+0000] {logging_mixin.py:154} INFO - [2026-03-14T20:15:41.032+0000] {dag.py:3722} INFO - Setting next_dagrun for connections_exercise to None, run_after=None
[2026-03-14T20:15:41.050+0000] {processor.py:179} INFO - Processing /opt/airflow/dags/connections_dag.py took 0.063 seconds
[2026-03-14T20:16:12.944+0000] {processor.py:157} INFO - Started process (PID=3892) to work on /opt/airflow/dags/connections_dag.py
[2026-03-14T20:16:12.946+0000] {processor.py:829} INFO - Processing file /opt/airflow/dags/connections_dag.py for tasks to queue
[2026-03-14T20:16:12.946+0000] {logging_mixin.py:154} INFO - [2026-03-14T20:16:12.946+0000] {dagbag.py:536} INFO - Filling up the DagBag from /opt/airflow/dags/connections_dag.py
[2026-03-14T20:16:12.955+0000] {processor.py:839} INFO - DAG(s) dict_keys(['connections_exercise']) retrieved from /opt/airflow/dags/connections_dag.py
[2026-03-14T20:16:12.979+0000] {logging_mixin.py:154} INFO - [2026-03-14T20:16:12.979+0000] {dag.py:2941} INFO - Sync 1 DAGs
[2026-03-14T20:16:12.999+0000] {logging_mixin.py:154} INFO - [2026-03-14T20:16:12.999+0000] {dag.py:3722} INFO - Setting next_dagrun for connections_exercise to None, run_after=None
[2026-03-14T20:16:13.016+0000] {processor.py:179} INFO - Processing /opt/airflow/dags/connections_dag.py took 0.075 seconds
[2026-03-14T20:16:44.887+0000] {processor.py:157} INFO - Started process (PID=3909) to work on /opt/airflow/dags/connections_dag.py
[2026-03-14T20:16:44.889+0000] {processor.py:829} INFO - Processing file /opt/airflow/dags/connections_dag.py for tasks to queue
[2026-03-14T20:16:44.890+0000] {logging_mixin.py:154} INFO - [2026-03-14T20:16:44.889+0000] {dagbag.py:536} INFO - Filling up the DagBag from /opt/airflow/dags/connections_dag.py
[2026-03-14T20:16:44.898+0000] {processor.py:839} INFO - DAG(s) dict_keys(['connections_exercise']) retrieved from /opt/airflow/dags/connections_dag.py
[2026-03-14T20:16:44.927+0000] {logging_mixin.py:154} INFO - [2026-03-14T20:16:44.927+0000] {dag.py:2941} INFO - Sync 1 DAGs
[2026-03-14T20:16:44.945+0000] {logging_mixin.py:154} INFO - [2026-03-14T20:16:44.945+0000] {dag.py:3722} INFO - Setting next_dagrun for connections_exercise to None, run_after=None
[2026-03-14T20:16:44.961+0000] {processor.py:179} INFO - Processing /opt/airflow/dags/connections_dag.py took 0.078 seconds
[2026-03-14T20:17:16.923+0000] {processor.py:157} INFO - Started process (PID=3932) to work on /opt/airflow/dags/connections_dag.py
[2026-03-14T20:17:16.924+0000] {processor.py:829} INFO - Processing file /opt/airflow/dags/connections_dag.py for tasks to queue
[2026-03-14T20:17:16.924+0000] {logging_mixin.py:154} INFO - [2026-03-14T20:17:16.924+0000] {dagbag.py:536} INFO - Filling up the DagBag from /opt/airflow/dags/connections_dag.py
[2026-03-14T20:17:16.933+0000] {processor.py:839} INFO - DAG(s) dict_keys(['connections_exercise']) retrieved from /opt/airflow/dags/connections_dag.py
[2026-03-14T20:17:16.955+0000] {logging_mixin.py:154} INFO - [2026-03-14T20:17:16.955+0000] {dag.py:2941} INFO - Sync 1 DAGs
[2026-03-14T20:17:16.972+0000] {logging_mixin.py:154} INFO - [2026-03-14T20:17:16.972+0000] {dag.py:3722} INFO - Setting next_dagrun for connections_exercise to None, run_after=None
[2026-03-14T20:17:16.987+0000] {processor.py:179} INFO - Processing /opt/airflow/dags/connections_dag.py took 0.067 seconds
[2026-03-14T20:17:48.923+0000] {processor.py:157} INFO - Started process (PID=3949) to work on /opt/airflow/dags/connections_dag.py
[2026-03-14T20:17:48.924+0000] {processor.py:829} INFO - Processing file /opt/airflow/dags/connections_dag.py for tasks to queue
[2026-03-14T20:17:48.925+0000] {logging_mixin.py:154} INFO - [2026-03-14T20:17:48.925+0000] {dagbag.py:536} INFO - Filling up the DagBag from /opt/airflow/dags/connections_dag.py
[2026-03-14T20:17:48.933+0000] {processor.py:839} INFO - DAG(s) dict_keys(['connections_exercise']) retrieved from /opt/airflow/dags/connections_dag.py
[2026-03-14T20:17:48.957+0000] {logging_mixin.py:154} INFO - [2026-03-14T20:17:48.957+0000] {dag.py:2941} INFO - Sync 1 DAGs
[2026-03-14T20:17:48.972+0000] {logging_mixin.py:154} INFO - [2026-03-14T20:17:48.972+0000] {dag.py:3722} INFO - Setting next_dagrun for connections_exercise to None, run_after=None
[2026-03-14T20:17:48.989+0000] {processor.py:179} INFO - Processing /opt/airflow/dags/connections_dag.py took 0.070 seconds
[2026-03-14T20:18:20.885+0000] {processor.py:157} INFO - Started process (PID=3966) to work on /opt/airflow/dags/connections_dag.py
[2026-03-14T20:18:20.887+0000] {processor.py:829} INFO - Processing file /opt/airflow/dags/connections_dag.py for tasks to queue
[2026-03-14T20:18:20.888+0000] {logging_mixin.py:154} INFO - [2026-03-14T20:18:20.888+0000] {dagbag.py:536} INFO - Filling up the DagBag from /opt/airflow/dags/connections_dag.py
[2026-03-14T20:18:20.898+0000] {processor.py:839} INFO - DAG(s) dict_keys(['connections_exercise']) retrieved from /opt/airflow/dags/connections_dag.py
[2026-03-14T20:18:20.920+0000] {logging_mixin.py:154} INFO - [2026-03-14T20:18:20.920+0000] {dag.py:2941} INFO - Sync 1 DAGs
[2026-03-14T20:18:20.930+0000] {logging_mixin.py:154} INFO - [2026-03-14T20:18:20.930+0000] {dag.py:3722} INFO - Setting next_dagrun for connections_exercise to None, run_after=None
[2026-03-14T20:18:20.945+0000] {processor.py:179} INFO - Processing /opt/airflow/dags/connections_dag.py took 0.063 seconds
[2026-03-14T20:18:51.824+0000] {processor.py:157} INFO - Started process (PID=3976) to work on /opt/airflow/dags/connections_dag.py
[2026-03-14T20:18:51.826+0000] {processor.py:829} INFO - Processing file /opt/airflow/dags/connections_dag.py for tasks to queue
[2026-03-14T20:18:51.826+0000] {logging_mixin.py:154} INFO - [2026-03-14T20:18:51.826+0000] {dagbag.py:536} INFO - Filling up the DagBag from /opt/airflow/dags/connections_dag.py
[2026-03-14T20:18:51.835+0000] {processor.py:839} INFO - DAG(s) dict_keys(['connections_exercise']) retrieved from /opt/airflow/dags/connections_dag.py
[2026-03-14T20:18:51.857+0000] {logging_mixin.py:154} INFO - [2026-03-14T20:18:51.857+0000] {dag.py:2941} INFO - Sync 1 DAGs
[2026-03-14T20:18:51.867+0000] {logging_mixin.py:154} INFO - [2026-03-14T20:18:51.867+0000] {dag.py:3722} INFO - Setting next_dagrun for connections_exercise to None, run_after=None
[2026-03-14T20:18:51.883+0000] {processor.py:179} INFO - Processing /opt/airflow/dags/connections_dag.py took 0.062 seconds
[2026-03-14T20:19:23.840+0000] {processor.py:157} INFO - Started process (PID=3993) to work on /opt/airflow/dags/connections_dag.py
[2026-03-14T20:19:23.841+0000] {processor.py:829} INFO - Processing file /opt/airflow/dags/connections_dag.py for tasks to queue
[2026-03-14T20:19:23.842+0000] {logging_mixin.py:154} INFO - [2026-03-14T20:19:23.842+0000] {dagbag.py:536} INFO - Filling up the DagBag from /opt/airflow/dags/connections_dag.py
[2026-03-14T20:19:23.851+0000] {processor.py:839} INFO - DAG(s) dict_keys(['connections_exercise']) retrieved from /opt/airflow/dags/connections_dag.py
[2026-03-14T20:19:23.874+0000] {logging_mixin.py:154} INFO - [2026-03-14T20:19:23.874+0000] {dag.py:2941} INFO - Sync 1 DAGs
[2026-03-14T20:19:23.884+0000] {logging_mixin.py:154} INFO - [2026-03-14T20:19:23.884+0000] {dag.py:3722} INFO - Setting next_dagrun for connections_exercise to None, run_after=None
[2026-03-14T20:19:23.897+0000] {processor.py:179} INFO - Processing /opt/airflow/dags/connections_dag.py took 0.062 seconds
[2026-03-14T20:19:55.881+0000] {processor.py:157} INFO - Started process (PID=4010) to work on /opt/airflow/dags/connections_dag.py
[2026-03-14T20:19:55.883+0000] {processor.py:829} INFO - Processing file /opt/airflow/dags/connections_dag.py for tasks to queue
[2026-03-14T20:19:55.884+0000] {logging_mixin.py:154} INFO - [2026-03-14T20:19:55.884+0000] {dagbag.py:536} INFO - Filling up the DagBag from /opt/airflow/dags/connections_dag.py
[2026-03-14T20:19:55.893+0000] {processor.py:839} INFO - DAG(s) dict_keys(['connections_exercise']) retrieved from /opt/airflow/dags/connections_dag.py
[2026-03-14T20:19:55.919+0000] {logging_mixin.py:154} INFO - [2026-03-14T20:19:55.919+0000] {dag.py:2941} INFO - Sync 1 DAGs
[2026-03-14T20:19:55.934+0000] {logging_mixin.py:154} INFO - [2026-03-14T20:19:55.934+0000] {dag.py:3722} INFO - Setting next_dagrun for connections_exercise to None, run_after=None
[2026-03-14T20:19:55.952+0000] {processor.py:179} INFO - Processing /opt/airflow/dags/connections_dag.py took 0.074 seconds
[2026-03-14T20:20:27.859+0000] {processor.py:157} INFO - Started process (PID=4027) to work on /opt/airflow/dags/connections_dag.py
[2026-03-14T20:20:27.861+0000] {processor.py:829} INFO - Processing file /opt/airflow/dags/connections_dag.py for tasks to queue
[2026-03-14T20:20:27.862+0000] {logging_mixin.py:154} INFO - [2026-03-14T20:20:27.862+0000] {dagbag.py:536} INFO - Filling up the DagBag from /opt/airflow/dags/connections_dag.py
[2026-03-14T20:20:27.870+0000] {processor.py:839} INFO - DAG(s) dict_keys(['connections_exercise']) retrieved from /opt/airflow/dags/connections_dag.py
[2026-03-14T20:20:27.896+0000] {logging_mixin.py:154} INFO - [2026-03-14T20:20:27.896+0000] {dag.py:2941} INFO - Sync 1 DAGs
[2026-03-14T20:20:27.908+0000] {logging_mixin.py:154} INFO - [2026-03-14T20:20:27.908+0000] {dag.py:3722} INFO - Setting next_dagrun for connections_exercise to None, run_after=None
[2026-03-14T20:20:27.937+0000] {processor.py:179} INFO - Processing /opt/airflow/dags/connections_dag.py took 0.081 seconds
[2026-03-14T20:20:59.801+0000] {processor.py:157} INFO - Started process (PID=4045) to work on /opt/airflow/dags/connections_dag.py
[2026-03-14T20:20:59.802+0000] {processor.py:829} INFO - Processing file /opt/airflow/dags/connections_dag.py for tasks to queue
[2026-03-14T20:20:59.803+0000] {logging_mixin.py:154} INFO - [2026-03-14T20:20:59.803+0000] {dagbag.py:536} INFO - Filling up the DagBag from /opt/airflow/dags/connections_dag.py
[2026-03-14T20:20:59.817+0000] {processor.py:839} INFO - DAG(s) dict_keys(['connections_exercise']) retrieved from /opt/airflow/dags/connections_dag.py
[2026-03-14T20:20:59.846+0000] {logging_mixin.py:154} INFO - [2026-03-14T20:20:59.846+0000] {dag.py:2941} INFO - Sync 1 DAGs
[2026-03-14T20:20:59.858+0000] {logging_mixin.py:154} INFO - [2026-03-14T20:20:59.857+0000] {dag.py:3722} INFO - Setting next_dagrun for connections_exercise to None, run_after=None
[2026-03-14T20:20:59.881+0000] {processor.py:179} INFO - Processing /opt/airflow/dags/connections_dag.py took 0.083 seconds
[2026-03-14T20:21:30.852+0000] {processor.py:157} INFO - Started process (PID=4061) to work on /opt/airflow/dags/connections_dag.py
[2026-03-14T20:21:30.854+0000] {processor.py:829} INFO - Processing file /opt/airflow/dags/connections_dag.py for tasks to queue
[2026-03-14T20:21:30.855+0000] {logging_mixin.py:154} INFO - [2026-03-14T20:21:30.855+0000] {dagbag.py:536} INFO - Filling up the DagBag from /opt/airflow/dags/connections_dag.py
[2026-03-14T20:21:30.865+0000] {processor.py:839} INFO - DAG(s) dict_keys(['connections_exercise']) retrieved from /opt/airflow/dags/connections_dag.py
[2026-03-14T20:21:30.890+0000] {logging_mixin.py:154} INFO - [2026-03-14T20:21:30.890+0000] {dag.py:2941} INFO - Sync 1 DAGs
[2026-03-14T20:21:30.902+0000] {logging_mixin.py:154} INFO - [2026-03-14T20:21:30.902+0000] {dag.py:3722} INFO - Setting next_dagrun for connections_exercise to None, run_after=None
[2026-03-14T20:21:30.917+0000] {processor.py:179} INFO - Processing /opt/airflow/dags/connections_dag.py took 0.069 seconds
[2026-03-14T20:22:02.905+0000] {processor.py:157} INFO - Started process (PID=4078) to work on /opt/airflow/dags/connections_dag.py
[2026-03-14T20:22:02.907+0000] {processor.py:829} INFO - Processing file /opt/airflow/dags/connections_dag.py for tasks to queue
[2026-03-14T20:22:02.908+0000] {logging_mixin.py:154} INFO - [2026-03-14T20:22:02.907+0000] {dagbag.py:536} INFO - Filling up the DagBag from /opt/airflow/dags/connections_dag.py
[2026-03-14T20:22:02.917+0000] {processor.py:839} INFO - DAG(s) dict_keys(['connections_exercise']) retrieved from /opt/airflow/dags/connections_dag.py
[2026-03-14T20:22:02.943+0000] {logging_mixin.py:154} INFO - [2026-03-14T20:22:02.943+0000] {dag.py:2941} INFO - Sync 1 DAGs
[2026-03-14T20:22:02.956+0000] {logging_mixin.py:154} INFO - [2026-03-14T20:22:02.956+0000] {dag.py:3722} INFO - Setting next_dagrun for connections_exercise to None, run_after=None
[2026-03-14T20:22:02.975+0000] {processor.py:179} INFO - Processing /opt/airflow/dags/connections_dag.py took 0.073 seconds
[2026-03-14T20:22:34.858+0000] {processor.py:157} INFO - Started process (PID=4095) to work on /opt/airflow/dags/connections_dag.py
[2026-03-14T20:22:34.860+0000] {processor.py:829} INFO - Processing file /opt/airflow/dags/connections_dag.py for tasks to queue
[2026-03-14T20:22:34.861+0000] {logging_mixin.py:154} INFO - [2026-03-14T20:22:34.860+0000] {dagbag.py:536} INFO - Filling up the DagBag from /opt/airflow/dags/connections_dag.py
[2026-03-14T20:22:34.872+0000] {processor.py:839} INFO - DAG(s) dict_keys(['connections_exercise']) retrieved from /opt/airflow/dags/connections_dag.py
[2026-03-14T20:22:34.899+0000] {logging_mixin.py:154} INFO - [2026-03-14T20:22:34.899+0000] {dag.py:2941} INFO - Sync 1 DAGs
[2026-03-14T20:22:34.910+0000] {logging_mixin.py:154} INFO - [2026-03-14T20:22:34.910+0000] {dag.py:3722} INFO - Setting next_dagrun for connections_exercise to None, run_after=None
[2026-03-14T20:22:34.927+0000] {processor.py:179} INFO - Processing /opt/airflow/dags/connections_dag.py took 0.073 seconds
[2026-03-14T20:23:06.885+0000] {processor.py:157} INFO - Started process (PID=4112) to work on /opt/airflow/dags/connections_dag.py
[2026-03-14T20:23:06.887+0000] {processor.py:829} INFO - Processing file /opt/airflow/dags/connections_dag.py for tasks to queue
[2026-03-14T20:23:06.888+0000] {logging_mixin.py:154} INFO - [2026-03-14T20:23:06.887+0000] {dagbag.py:536} INFO - Filling up the DagBag from /opt/airflow/dags/connections_dag.py
[2026-03-14T20:23:06.898+0000] {processor.py:839} INFO - DAG(s) dict_keys(['connections_exercise']) retrieved from /opt/airflow/dags/connections_dag.py
[2026-03-14T20:23:06.924+0000] {logging_mixin.py:154} INFO - [2026-03-14T20:23:06.923+0000] {dag.py:2941} INFO - Sync 1 DAGs
[2026-03-14T20:23:06.933+0000] {logging_mixin.py:154} INFO - [2026-03-14T20:23:06.933+0000] {dag.py:3722} INFO - Setting next_dagrun for connections_exercise to None, run_after=None
[2026-03-14T20:23:06.947+0000] {processor.py:179} INFO - Processing /opt/airflow/dags/connections_dag.py took 0.067 seconds
[2026-03-14T20:23:38.898+0000] {processor.py:157} INFO - Started process (PID=4129) to work on /opt/airflow/dags/connections_dag.py
[2026-03-14T20:23:38.899+0000] {processor.py:829} INFO - Processing file /opt/airflow/dags/connections_dag.py for tasks to queue
[2026-03-14T20:23:38.900+0000] {logging_mixin.py:154} INFO - [2026-03-14T20:23:38.899+0000] {dagbag.py:536} INFO - Filling up the DagBag from /opt/airflow/dags/connections_dag.py
[2026-03-14T20:23:38.908+0000] {processor.py:839} INFO - DAG(s) dict_keys(['connections_exercise']) retrieved from /opt/airflow/dags/connections_dag.py
[2026-03-14T20:23:38.934+0000] {logging_mixin.py:154} INFO - [2026-03-14T20:23:38.934+0000] {dag.py:2941} INFO - Sync 1 DAGs
[2026-03-14T20:23:38.946+0000] {logging_mixin.py:154} INFO - [2026-03-14T20:23:38.945+0000] {dag.py:3722} INFO - Setting next_dagrun for connections_exercise to None, run_after=None
[2026-03-14T20:23:38.960+0000] {processor.py:179} INFO - Processing /opt/airflow/dags/connections_dag.py took 0.066 seconds
[2026-03-14T20:24:09.965+0000] {processor.py:157} INFO - Started process (PID=4146) to work on /opt/airflow/dags/connections_dag.py
[2026-03-14T20:24:09.966+0000] {processor.py:829} INFO - Processing file /opt/airflow/dags/connections_dag.py for tasks to queue
[2026-03-14T20:24:09.969+0000] {logging_mixin.py:154} INFO - [2026-03-14T20:24:09.968+0000] {dagbag.py:536} INFO - Filling up the DagBag from /opt/airflow/dags/connections_dag.py
[2026-03-14T20:24:09.983+0000] {processor.py:839} INFO - DAG(s) dict_keys(['connections_exercise']) retrieved from /opt/airflow/dags/connections_dag.py
[2026-03-14T20:24:10.011+0000] {logging_mixin.py:154} INFO - [2026-03-14T20:24:10.010+0000] {dag.py:2941} INFO - Sync 1 DAGs
[2026-03-14T20:24:10.021+0000] {logging_mixin.py:154} INFO - [2026-03-14T20:24:10.021+0000] {dag.py:3722} INFO - Setting next_dagrun for connections_exercise to None, run_after=None
[2026-03-14T20:24:10.040+0000] {processor.py:179} INFO - Processing /opt/airflow/dags/connections_dag.py took 0.078 seconds
[2026-03-14T20:24:41.940+0000] {processor.py:157} INFO - Started process (PID=4163) to work on /opt/airflow/dags/connections_dag.py
[2026-03-14T20:24:41.941+0000] {processor.py:829} INFO - Processing file /opt/airflow/dags/connections_dag.py for tasks to queue
[2026-03-14T20:24:41.942+0000] {logging_mixin.py:154} INFO - [2026-03-14T20:24:41.942+0000] {dagbag.py:536} INFO - Filling up the DagBag from /opt/airflow/dags/connections_dag.py
[2026-03-14T20:24:41.954+0000] {processor.py:839} INFO - DAG(s) dict_keys(['connections_exercise']) retrieved from /opt/airflow/dags/connections_dag.py
[2026-03-14T20:24:41.976+0000] {logging_mixin.py:154} INFO - [2026-03-14T20:24:41.976+0000] {dag.py:2941} INFO - Sync 1 DAGs
[2026-03-14T20:24:41.986+0000] {logging_mixin.py:154} INFO - [2026-03-14T20:24:41.986+0000] {dag.py:3722} INFO - Setting next_dagrun for connections_exercise to None, run_after=None
[2026-03-14T20:24:42.002+0000] {processor.py:179} INFO - Processing /opt/airflow/dags/connections_dag.py took 0.068 seconds
[2026-03-14T20:25:13.964+0000] {processor.py:157} INFO - Started process (PID=4180) to work on /opt/airflow/dags/connections_dag.py
[2026-03-14T20:25:13.965+0000] {processor.py:829} INFO - Processing file /opt/airflow/dags/connections_dag.py for tasks to queue
[2026-03-14T20:25:13.966+0000] {logging_mixin.py:154} INFO - [2026-03-14T20:25:13.965+0000] {dagbag.py:536} INFO - Filling up the DagBag from /opt/airflow/dags/connections_dag.py
[2026-03-14T20:25:13.976+0000] {processor.py:839} INFO - DAG(s) dict_keys(['connections_exercise']) retrieved from /opt/airflow/dags/connections_dag.py
[2026-03-14T20:25:14.000+0000] {logging_mixin.py:154} INFO - [2026-03-14T20:25:14.000+0000] {dag.py:2941} INFO - Sync 1 DAGs
[2026-03-14T20:25:14.010+0000] {logging_mixin.py:154} INFO - [2026-03-14T20:25:14.010+0000] {dag.py:3722} INFO - Setting next_dagrun for connections_exercise to None, run_after=None
[2026-03-14T20:25:14.026+0000] {processor.py:179} INFO - Processing /opt/airflow/dags/connections_dag.py took 0.064 seconds
[2026-03-14T20:25:45.998+0000] {processor.py:157} INFO - Started process (PID=4197) to work on /opt/airflow/dags/connections_dag.py
[2026-03-14T20:25:46.000+0000] {processor.py:829} INFO - Processing file /opt/airflow/dags/connections_dag.py for tasks to queue
[2026-03-14T20:25:46.000+0000] {logging_mixin.py:154} INFO - [2026-03-14T20:25:46.000+0000] {dagbag.py:536} INFO - Filling up the DagBag from /opt/airflow/dags/connections_dag.py
[2026-03-14T20:25:46.012+0000] {processor.py:839} INFO - DAG(s) dict_keys(['connections_exercise']) retrieved from /opt/airflow/dags/connections_dag.py
[2026-03-14T20:25:46.035+0000] {logging_mixin.py:154} INFO - [2026-03-14T20:25:46.035+0000] {dag.py:2941} INFO - Sync 1 DAGs
[2026-03-14T20:25:46.045+0000] {logging_mixin.py:154} INFO - [2026-03-14T20:25:46.045+0000] {dag.py:3722} INFO - Setting next_dagrun for connections_exercise to None, run_after=None
[2026-03-14T20:25:46.060+0000] {processor.py:179} INFO - Processing /opt/airflow/dags/connections_dag.py took 0.064 seconds
[2026-03-14T20:26:18.091+0000] {processor.py:157} INFO - Started process (PID=4214) to work on /opt/airflow/dags/connections_dag.py
[2026-03-14T20:26:18.093+0000] {processor.py:829} INFO - Processing file /opt/airflow/dags/connections_dag.py for tasks to queue
[2026-03-14T20:26:18.094+0000] {logging_mixin.py:154} INFO - [2026-03-14T20:26:18.094+0000] {dagbag.py:536} INFO - Filling up the DagBag from /opt/airflow/dags/connections_dag.py
[2026-03-14T20:26:18.106+0000] {processor.py:839} INFO - DAG(s) dict_keys(['connections_exercise']) retrieved from /opt/airflow/dags/connections_dag.py
[2026-03-14T20:26:18.130+0000] {logging_mixin.py:154} INFO - [2026-03-14T20:26:18.129+0000] {dag.py:2941} INFO - Sync 1 DAGs
[2026-03-14T20:26:18.141+0000] {logging_mixin.py:154} INFO - [2026-03-14T20:26:18.141+0000] {dag.py:3722} INFO - Setting next_dagrun for connections_exercise to None, run_after=None
[2026-03-14T20:26:18.157+0000] {processor.py:179} INFO - Processing /opt/airflow/dags/connections_dag.py took 0.070 seconds
[2026-03-14T20:26:49.109+0000] {processor.py:157} INFO - Started process (PID=4231) to work on /opt/airflow/dags/connections_dag.py
[2026-03-14T20:26:49.111+0000] {processor.py:829} INFO - Processing file /opt/airflow/dags/connections_dag.py for tasks to queue
[2026-03-14T20:26:49.112+0000] {logging_mixin.py:154} INFO - [2026-03-14T20:26:49.112+0000] {dagbag.py:536} INFO - Filling up the DagBag from /opt/airflow/dags/connections_dag.py
[2026-03-14T20:26:49.122+0000] {processor.py:839} INFO - DAG(s) dict_keys(['connections_exercise']) retrieved from /opt/airflow/dags/connections_dag.py
[2026-03-14T20:26:49.145+0000] {logging_mixin.py:154} INFO - [2026-03-14T20:26:49.145+0000] {dag.py:2941} INFO - Sync 1 DAGs
[2026-03-14T20:26:49.157+0000] {logging_mixin.py:154} INFO - [2026-03-14T20:26:49.157+0000] {dag.py:3722} INFO - Setting next_dagrun for connections_exercise to None, run_after=None
[2026-03-14T20:26:49.173+0000] {processor.py:179} INFO - Processing /opt/airflow/dags/connections_dag.py took 0.068 seconds
[2026-03-14T20:27:21.150+0000] {processor.py:157} INFO - Started process (PID=4248) to work on /opt/airflow/dags/connections_dag.py
[2026-03-14T20:27:21.152+0000] {processor.py:829} INFO - Processing file /opt/airflow/dags/connections_dag.py for tasks to queue
[2026-03-14T20:27:21.153+0000] {logging_mixin.py:154} INFO - [2026-03-14T20:27:21.152+0000] {dagbag.py:536} INFO - Filling up the DagBag from /opt/airflow/dags/connections_dag.py
[2026-03-14T20:27:21.164+0000] {processor.py:839} INFO - DAG(s) dict_keys(['connections_exercise']) retrieved from /opt/airflow/dags/connections_dag.py
[2026-03-14T20:27:21.192+0000] {logging_mixin.py:154} INFO - [2026-03-14T20:27:21.192+0000] {dag.py:2941} INFO - Sync 1 DAGs
[2026-03-14T20:27:21.204+0000] {logging_mixin.py:154} INFO - [2026-03-14T20:27:21.204+0000] {dag.py:3722} INFO - Setting next_dagrun for connections_exercise to None, run_after=None
[2026-03-14T20:27:21.221+0000] {processor.py:179} INFO - Processing /opt/airflow/dags/connections_dag.py took 0.074 seconds
[2026-03-14T20:27:53.213+0000] {processor.py:157} INFO - Started process (PID=4264) to work on /opt/airflow/dags/connections_dag.py
[2026-03-14T20:27:53.215+0000] {processor.py:829} INFO - Processing file /opt/airflow/dags/connections_dag.py for tasks to queue
[2026-03-14T20:27:53.216+0000] {logging_mixin.py:154} INFO - [2026-03-14T20:27:53.215+0000] {dagbag.py:536} INFO - Filling up the DagBag from /opt/airflow/dags/connections_dag.py
[2026-03-14T20:27:53.224+0000] {processor.py:839} INFO - DAG(s) dict_keys(['connections_exercise']) retrieved from /opt/airflow/dags/connections_dag.py
[2026-03-14T20:27:53.250+0000] {logging_mixin.py:154} INFO - [2026-03-14T20:27:53.249+0000] {dag.py:2941} INFO - Sync 1 DAGs
[2026-03-14T20:27:53.262+0000] {logging_mixin.py:154} INFO - [2026-03-14T20:27:53.262+0000] {dag.py:3722} INFO - Setting next_dagrun for connections_exercise to None, run_after=None
[2026-03-14T20:27:53.279+0000] {processor.py:179} INFO - Processing /opt/airflow/dags/connections_dag.py took 0.071 seconds
[2026-03-14T20:28:24.147+0000] {processor.py:157} INFO - Started process (PID=4282) to work on /opt/airflow/dags/connections_dag.py
[2026-03-14T20:28:24.149+0000] {processor.py:829} INFO - Processing file /opt/airflow/dags/connections_dag.py for tasks to queue
[2026-03-14T20:28:24.149+0000] {logging_mixin.py:154} INFO - [2026-03-14T20:28:24.149+0000] {dagbag.py:536} INFO - Filling up the DagBag from /opt/airflow/dags/connections_dag.py
[2026-03-14T20:28:24.159+0000] {processor.py:839} INFO - DAG(s) dict_keys(['connections_exercise']) retrieved from /opt/airflow/dags/connections_dag.py
[2026-03-14T20:28:24.187+0000] {logging_mixin.py:154} INFO - [2026-03-14T20:28:24.187+0000] {dag.py:2941} INFO - Sync 1 DAGs
[2026-03-14T20:28:24.203+0000] {logging_mixin.py:154} INFO - [2026-03-14T20:28:24.203+0000] {dag.py:3722} INFO - Setting next_dagrun for connections_exercise to None, run_after=None
[2026-03-14T20:28:24.218+0000] {processor.py:179} INFO - Processing /opt/airflow/dags/connections_dag.py took 0.074 seconds
[2026-03-14T20:28:54.269+0000] {processor.py:157} INFO - Started process (PID=4299) to work on /opt/airflow/dags/connections_dag.py
[2026-03-14T20:28:54.271+0000] {processor.py:829} INFO - Processing file /opt/airflow/dags/connections_dag.py for tasks to queue
[2026-03-14T20:28:54.273+0000] {logging_mixin.py:154} INFO - [2026-03-14T20:28:54.273+0000] {dagbag.py:536} INFO - Filling up the DagBag from /opt/airflow/dags/connections_dag.py
[2026-03-14T20:28:54.281+0000] {processor.py:839} INFO - DAG(s) dict_keys(['connections_exercise']) retrieved from /opt/airflow/dags/connections_dag.py
[2026-03-14T20:28:54.303+0000] {logging_mixin.py:154} INFO - [2026-03-14T20:28:54.303+0000] {dag.py:2941} INFO - Sync 1 DAGs
[2026-03-14T20:28:54.314+0000] {logging_mixin.py:154} INFO - [2026-03-14T20:28:54.313+0000] {dag.py:3722} INFO - Setting next_dagrun for connections_exercise to None, run_after=None
[2026-03-14T20:28:54.328+0000] {processor.py:179} INFO - Processing /opt/airflow/dags/connections_dag.py took 0.062 seconds
[2026-03-14T20:29:24.359+0000] {processor.py:157} INFO - Started process (PID=4316) to work on /opt/airflow/dags/connections_dag.py
[2026-03-14T20:29:24.361+0000] {processor.py:829} INFO - Processing file /opt/airflow/dags/connections_dag.py for tasks to queue
[2026-03-14T20:29:24.362+0000] {logging_mixin.py:154} INFO - [2026-03-14T20:29:24.361+0000] {dagbag.py:536} INFO - Filling up the DagBag from /opt/airflow/dags/connections_dag.py
[2026-03-14T20:29:24.371+0000] {processor.py:839} INFO - DAG(s) dict_keys(['connections_exercise']) retrieved from /opt/airflow/dags/connections_dag.py
[2026-03-14T20:29:24.393+0000] {logging_mixin.py:154} INFO - [2026-03-14T20:29:24.393+0000] {dag.py:2941} INFO - Sync 1 DAGs
[2026-03-14T20:29:24.403+0000] {logging_mixin.py:154} INFO - [2026-03-14T20:29:24.403+0000] {dag.py:3722} INFO - Setting next_dagrun for connections_exercise to None, run_after=None
[2026-03-14T20:29:24.418+0000] {processor.py:179} INFO - Processing /opt/airflow/dags/connections_dag.py took 0.063 seconds
[2026-03-14T20:29:54.544+0000] {processor.py:157} INFO - Started process (PID=4333) to work on /opt/airflow/dags/connections_dag.py
[2026-03-14T20:29:54.546+0000] {processor.py:829} INFO - Processing file /opt/airflow/dags/connections_dag.py for tasks to queue
[2026-03-14T20:29:54.547+0000] {logging_mixin.py:154} INFO - [2026-03-14T20:29:54.547+0000] {dagbag.py:536} INFO - Filling up the DagBag from /opt/airflow/dags/connections_dag.py
[2026-03-14T20:29:54.555+0000] {processor.py:839} INFO - DAG(s) dict_keys(['connections_exercise']) retrieved from /opt/airflow/dags/connections_dag.py
[2026-03-14T20:29:54.578+0000] {logging_mixin.py:154} INFO - [2026-03-14T20:29:54.578+0000] {dag.py:2941} INFO - Sync 1 DAGs
[2026-03-14T20:29:54.588+0000] {logging_mixin.py:154} INFO - [2026-03-14T20:29:54.588+0000] {dag.py:3722} INFO - Setting next_dagrun for connections_exercise to None, run_after=None
[2026-03-14T20:29:54.604+0000] {processor.py:179} INFO - Processing /opt/airflow/dags/connections_dag.py took 0.063 seconds
[2026-03-14T20:30:25.435+0000] {processor.py:157} INFO - Started process (PID=4350) to work on /opt/airflow/dags/connections_dag.py
[2026-03-14T20:30:25.436+0000] {processor.py:829} INFO - Processing file /opt/airflow/dags/connections_dag.py for tasks to queue
[2026-03-14T20:30:25.437+0000] {logging_mixin.py:154} INFO - [2026-03-14T20:30:25.437+0000] {dagbag.py:536} INFO - Filling up the DagBag from /opt/airflow/dags/connections_dag.py
[2026-03-14T20:30:25.446+0000] {processor.py:839} INFO - DAG(s) dict_keys(['connections_exercise']) retrieved from /opt/airflow/dags/connections_dag.py
[2026-03-14T20:30:25.469+0000] {logging_mixin.py:154} INFO - [2026-03-14T20:30:25.469+0000] {dag.py:2941} INFO - Sync 1 DAGs
[2026-03-14T20:30:25.480+0000] {logging_mixin.py:154} INFO - [2026-03-14T20:30:25.479+0000] {dag.py:3722} INFO - Setting next_dagrun for connections_exercise to None, run_after=None
[2026-03-14T20:30:25.495+0000] {processor.py:179} INFO - Processing /opt/airflow/dags/connections_dag.py took 0.063 seconds
[2026-03-14T20:30:55.530+0000] {processor.py:157} INFO - Started process (PID=4367) to work on /opt/airflow/dags/connections_dag.py
[2026-03-14T20:30:55.531+0000] {processor.py:829} INFO - Processing file /opt/airflow/dags/connections_dag.py for tasks to queue
[2026-03-14T20:30:55.532+0000] {logging_mixin.py:154} INFO - [2026-03-14T20:30:55.531+0000] {dagbag.py:536} INFO - Filling up the DagBag from /opt/airflow/dags/connections_dag.py
[2026-03-14T20:30:55.541+0000] {processor.py:839} INFO - DAG(s) dict_keys(['connections_exercise']) retrieved from /opt/airflow/dags/connections_dag.py
[2026-03-14T20:30:55.563+0000] {logging_mixin.py:154} INFO - [2026-03-14T20:30:55.563+0000] {dag.py:2941} INFO - Sync 1 DAGs
[2026-03-14T20:30:55.575+0000] {logging_mixin.py:154} INFO - [2026-03-14T20:30:55.575+0000] {dag.py:3722} INFO - Setting next_dagrun for connections_exercise to None, run_after=None
[2026-03-14T20:30:55.590+0000] {processor.py:179} INFO - Processing /opt/airflow/dags/connections_dag.py took 0.063 seconds
[2026-03-14T20:31:26.588+0000] {processor.py:157} INFO - Started process (PID=4384) to work on /opt/airflow/dags/connections_dag.py
[2026-03-14T20:31:26.591+0000] {processor.py:829} INFO - Processing file /opt/airflow/dags/connections_dag.py for tasks to queue
[2026-03-14T20:31:26.591+0000] {logging_mixin.py:154} INFO - [2026-03-14T20:31:26.591+0000] {dagbag.py:536} INFO - Filling up the DagBag from /opt/airflow/dags/connections_dag.py
[2026-03-14T20:31:26.601+0000] {processor.py:839} INFO - DAG(s) dict_keys(['connections_exercise']) retrieved from /opt/airflow/dags/connections_dag.py
[2026-03-14T20:31:26.629+0000] {logging_mixin.py:154} INFO - [2026-03-14T20:31:26.629+0000] {dag.py:2941} INFO - Sync 1 DAGs
[2026-03-14T20:31:26.647+0000] {logging_mixin.py:154} INFO - [2026-03-14T20:31:26.647+0000] {dag.py:3722} INFO - Setting next_dagrun for connections_exercise to None, run_after=None
[2026-03-14T20:31:26.665+0000] {processor.py:179} INFO - Processing /opt/airflow/dags/connections_dag.py took 0.080 seconds
[2026-03-14T20:31:57.587+0000] {processor.py:157} INFO - Started process (PID=4401) to work on /opt/airflow/dags/connections_dag.py
[2026-03-14T20:31:57.588+0000] {processor.py:829} INFO - Processing file /opt/airflow/dags/connections_dag.py for tasks to queue
[2026-03-14T20:31:57.589+0000] {logging_mixin.py:154} INFO - [2026-03-14T20:31:57.589+0000] {dagbag.py:536} INFO - Filling up the DagBag from /opt/airflow/dags/connections_dag.py
[2026-03-14T20:31:57.599+0000] {processor.py:839} INFO - DAG(s) dict_keys(['connections_exercise']) retrieved from /opt/airflow/dags/connections_dag.py
[2026-03-14T20:31:57.620+0000] {logging_mixin.py:154} INFO - [2026-03-14T20:31:57.620+0000] {dag.py:2941} INFO - Sync 1 DAGs
[2026-03-14T20:31:57.634+0000] {logging_mixin.py:154} INFO - [2026-03-14T20:31:57.633+0000] {dag.py:3722} INFO - Setting next_dagrun for connections_exercise to None, run_after=None
[2026-03-14T20:31:57.649+0000] {processor.py:179} INFO - Processing /opt/airflow/dags/connections_dag.py took 0.065 seconds
[2026-03-14T20:32:28.618+0000] {processor.py:157} INFO - Started process (PID=4418) to work on /opt/airflow/dags/connections_dag.py
[2026-03-14T20:32:28.619+0000] {processor.py:829} INFO - Processing file /opt/airflow/dags/connections_dag.py for tasks to queue
[2026-03-14T20:32:28.622+0000] {logging_mixin.py:154} INFO - [2026-03-14T20:32:28.620+0000] {dagbag.py:536} INFO - Filling up the DagBag from /opt/airflow/dags/connections_dag.py
[2026-03-14T20:32:28.640+0000] {processor.py:839} INFO - DAG(s) dict_keys(['connections_exercise']) retrieved from /opt/airflow/dags/connections_dag.py
[2026-03-14T20:32:28.663+0000] {logging_mixin.py:154} INFO - [2026-03-14T20:32:28.663+0000] {dag.py:2941} INFO - Sync 1 DAGs
[2026-03-14T20:32:28.674+0000] {logging_mixin.py:154} INFO - [2026-03-14T20:32:28.674+0000] {dag.py:3722} INFO - Setting next_dagrun for connections_exercise to None, run_after=None
[2026-03-14T20:32:28.689+0000] {processor.py:179} INFO - Processing /opt/airflow/dags/connections_dag.py took 0.076 seconds
[2026-03-14T20:32:59.654+0000] {processor.py:157} INFO - Started process (PID=4435) to work on /opt/airflow/dags/connections_dag.py
[2026-03-14T20:32:59.656+0000] {processor.py:829} INFO - Processing file /opt/airflow/dags/connections_dag.py for tasks to queue
[2026-03-14T20:32:59.659+0000] {logging_mixin.py:154} INFO - [2026-03-14T20:32:59.659+0000] {dagbag.py:536} INFO - Filling up the DagBag from /opt/airflow/dags/connections_dag.py
[2026-03-14T20:32:59.667+0000] {processor.py:839} INFO - DAG(s) dict_keys(['connections_exercise']) retrieved from /opt/airflow/dags/connections_dag.py
[2026-03-14T20:32:59.689+0000] {logging_mixin.py:154} INFO - [2026-03-14T20:32:59.689+0000] {dag.py:2941} INFO - Sync 1 DAGs
[2026-03-14T20:32:59.703+0000] {logging_mixin.py:154} INFO - [2026-03-14T20:32:59.703+0000] {dag.py:3722} INFO - Setting next_dagrun for connections_exercise to None, run_after=None
[2026-03-14T20:32:59.719+0000] {processor.py:179} INFO - Processing /opt/airflow/dags/connections_dag.py took 0.068 seconds
[2026-03-14T20:33:30.676+0000] {processor.py:157} INFO - Started process (PID=4452) to work on /opt/airflow/dags/connections_dag.py
[2026-03-14T20:33:30.678+0000] {processor.py:829} INFO - Processing file /opt/airflow/dags/connections_dag.py for tasks to queue
[2026-03-14T20:33:30.679+0000] {logging_mixin.py:154} INFO - [2026-03-14T20:33:30.679+0000] {dagbag.py:536} INFO - Filling up the DagBag from /opt/airflow/dags/connections_dag.py
[2026-03-14T20:33:30.687+0000] {processor.py:839} INFO - DAG(s) dict_keys(['connections_exercise']) retrieved from /opt/airflow/dags/connections_dag.py
[2026-03-14T20:33:30.709+0000] {logging_mixin.py:154} INFO - [2026-03-14T20:33:30.709+0000] {dag.py:2941} INFO - Sync 1 DAGs
[2026-03-14T20:33:30.720+0000] {logging_mixin.py:154} INFO - [2026-03-14T20:33:30.720+0000] {dag.py:3722} INFO - Setting next_dagrun for connections_exercise to None, run_after=None
[2026-03-14T20:33:30.735+0000] {processor.py:179} INFO - Processing /opt/airflow/dags/connections_dag.py took 0.062 seconds
[2026-03-14T20:34:01.722+0000] {processor.py:157} INFO - Started process (PID=4469) to work on /opt/airflow/dags/connections_dag.py
[2026-03-14T20:34:01.724+0000] {processor.py:829} INFO - Processing file /opt/airflow/dags/connections_dag.py for tasks to queue
[2026-03-14T20:34:01.725+0000] {logging_mixin.py:154} INFO - [2026-03-14T20:34:01.725+0000] {dagbag.py:536} INFO - Filling up the DagBag from /opt/airflow/dags/connections_dag.py
[2026-03-14T20:34:01.734+0000] {processor.py:839} INFO - DAG(s) dict_keys(['connections_exercise']) retrieved from /opt/airflow/dags/connections_dag.py
[2026-03-14T20:34:01.757+0000] {logging_mixin.py:154} INFO - [2026-03-14T20:34:01.757+0000] {dag.py:2941} INFO - Sync 1 DAGs
[2026-03-14T20:34:01.769+0000] {logging_mixin.py:154} INFO - [2026-03-14T20:34:01.769+0000] {dag.py:3722} INFO - Setting next_dagrun for connections_exercise to None, run_after=None
[2026-03-14T20:34:01.784+0000] {processor.py:179} INFO - Processing /opt/airflow/dags/connections_dag.py took 0.065 seconds
[2026-03-14T20:34:32.763+0000] {processor.py:157} INFO - Started process (PID=4486) to work on /opt/airflow/dags/connections_dag.py
[2026-03-14T20:34:32.765+0000] {processor.py:829} INFO - Processing file /opt/airflow/dags/connections_dag.py for tasks to queue
[2026-03-14T20:34:32.766+0000] {logging_mixin.py:154} INFO - [2026-03-14T20:34:32.766+0000] {dagbag.py:536} INFO - Filling up the DagBag from /opt/airflow/dags/connections_dag.py
[2026-03-14T20:34:32.776+0000] {processor.py:839} INFO - DAG(s) dict_keys(['connections_exercise']) retrieved from /opt/airflow/dags/connections_dag.py
[2026-03-14T20:34:32.798+0000] {logging_mixin.py:154} INFO - [2026-03-14T20:34:32.798+0000] {dag.py:2941} INFO - Sync 1 DAGs
[2026-03-14T20:34:32.810+0000] {logging_mixin.py:154} INFO - [2026-03-14T20:34:32.809+0000] {dag.py:3722} INFO - Setting next_dagrun for connections_exercise to None, run_after=None
[2026-03-14T20:34:32.831+0000] {processor.py:179} INFO - Processing /opt/airflow/dags/connections_dag.py took 0.073 seconds
[2026-03-14T20:35:03.822+0000] {processor.py:157} INFO - Started process (PID=4503) to work on /opt/airflow/dags/connections_dag.py
[2026-03-14T20:35:03.824+0000] {processor.py:829} INFO - Processing file /opt/airflow/dags/connections_dag.py for tasks to queue
[2026-03-14T20:35:03.825+0000] {logging_mixin.py:154} INFO - [2026-03-14T20:35:03.824+0000] {dagbag.py:536} INFO - Filling up the DagBag from /opt/airflow/dags/connections_dag.py
[2026-03-14T20:35:03.835+0000] {processor.py:839} INFO - DAG(s) dict_keys(['connections_exercise']) retrieved from /opt/airflow/dags/connections_dag.py
[2026-03-14T20:35:03.858+0000] {logging_mixin.py:154} INFO - [2026-03-14T20:35:03.858+0000] {dag.py:2941} INFO - Sync 1 DAGs
[2026-03-14T20:35:03.871+0000] {logging_mixin.py:154} INFO - [2026-03-14T20:35:03.870+0000] {dag.py:3722} INFO - Setting next_dagrun for connections_exercise to None, run_after=None
[2026-03-14T20:35:03.900+0000] {processor.py:179} INFO - Processing /opt/airflow/dags/connections_dag.py took 0.082 seconds
[2026-03-14T20:35:33.950+0000] {processor.py:157} INFO - Started process (PID=4520) to work on /opt/airflow/dags/connections_dag.py
[2026-03-14T20:35:33.951+0000] {processor.py:829} INFO - Processing file /opt/airflow/dags/connections_dag.py for tasks to queue
[2026-03-14T20:35:33.952+0000] {logging_mixin.py:154} INFO - [2026-03-14T20:35:33.952+0000] {dagbag.py:536} INFO - Filling up the DagBag from /opt/airflow/dags/connections_dag.py
[2026-03-14T20:35:33.959+0000] {processor.py:839} INFO - DAG(s) dict_keys(['connections_exercise']) retrieved from /opt/airflow/dags/connections_dag.py
[2026-03-14T20:35:33.985+0000] {logging_mixin.py:154} INFO - [2026-03-14T20:35:33.985+0000] {dag.py:2941} INFO - Sync 1 DAGs
[2026-03-14T20:35:33.996+0000] {logging_mixin.py:154} INFO - [2026-03-14T20:35:33.995+0000] {dag.py:3722} INFO - Setting next_dagrun for connections_exercise to None, run_after=None
[2026-03-14T20:35:34.009+0000] {processor.py:179} INFO - Processing /opt/airflow/dags/connections_dag.py took 0.062 seconds
[2026-03-14T20:36:04.054+0000] {processor.py:157} INFO - Started process (PID=4536) to work on /opt/airflow/dags/connections_dag.py
[2026-03-14T20:36:04.055+0000] {processor.py:829} INFO - Processing file /opt/airflow/dags/connections_dag.py for tasks to queue
[2026-03-14T20:36:04.056+0000] {logging_mixin.py:154} INFO - [2026-03-14T20:36:04.056+0000] {dagbag.py:536} INFO - Filling up the DagBag from /opt/airflow/dags/connections_dag.py
[2026-03-14T20:36:04.066+0000] {processor.py:839} INFO - DAG(s) dict_keys(['connections_exercise']) retrieved from /opt/airflow/dags/connections_dag.py
[2026-03-14T20:36:04.087+0000] {logging_mixin.py:154} INFO - [2026-03-14T20:36:04.087+0000] {dag.py:2941} INFO - Sync 1 DAGs
[2026-03-14T20:36:04.097+0000] {logging_mixin.py:154} INFO - [2026-03-14T20:36:04.097+0000] {dag.py:3722} INFO - Setting next_dagrun for connections_exercise to None, run_after=None
[2026-03-14T20:36:04.112+0000] {processor.py:179} INFO - Processing /opt/airflow/dags/connections_dag.py took 0.061 seconds
[2026-03-14T20:36:35.079+0000] {processor.py:157} INFO - Started process (PID=4553) to work on /opt/airflow/dags/connections_dag.py
[2026-03-14T20:36:35.080+0000] {processor.py:829} INFO - Processing file /opt/airflow/dags/connections_dag.py for tasks to queue
[2026-03-14T20:36:35.081+0000] {logging_mixin.py:154} INFO - [2026-03-14T20:36:35.081+0000] {dagbag.py:536} INFO - Filling up the DagBag from /opt/airflow/dags/connections_dag.py
[2026-03-14T20:36:35.090+0000] {processor.py:839} INFO - DAG(s) dict_keys(['connections_exercise']) retrieved from /opt/airflow/dags/connections_dag.py
[2026-03-14T20:36:35.114+0000] {logging_mixin.py:154} INFO - [2026-03-14T20:36:35.114+0000] {dag.py:2941} INFO - Sync 1 DAGs
[2026-03-14T20:36:35.126+0000] {logging_mixin.py:154} INFO - [2026-03-14T20:36:35.126+0000] {dag.py:3722} INFO - Setting next_dagrun for connections_exercise to None, run_after=None
[2026-03-14T20:36:35.144+0000] {processor.py:179} INFO - Processing /opt/airflow/dags/connections_dag.py took 0.068 seconds
[2026-03-14T20:37:06.053+0000] {processor.py:157} INFO - Started process (PID=4570) to work on /opt/airflow/dags/connections_dag.py
[2026-03-14T20:37:06.054+0000] {processor.py:829} INFO - Processing file /opt/airflow/dags/connections_dag.py for tasks to queue
[2026-03-14T20:37:06.055+0000] {logging_mixin.py:154} INFO - [2026-03-14T20:37:06.055+0000] {dagbag.py:536} INFO - Filling up the DagBag from /opt/airflow/dags/connections_dag.py
[2026-03-14T20:37:06.063+0000] {processor.py:839} INFO - DAG(s) dict_keys(['connections_exercise']) retrieved from /opt/airflow/dags/connections_dag.py
[2026-03-14T20:37:06.089+0000] {logging_mixin.py:154} INFO - [2026-03-14T20:37:06.089+0000] {dag.py:2941} INFO - Sync 1 DAGs
[2026-03-14T20:37:06.100+0000] {logging_mixin.py:154} INFO - [2026-03-14T20:37:06.099+0000] {dag.py:3722} INFO - Setting next_dagrun for connections_exercise to None, run_after=None
[2026-03-14T20:37:06.115+0000] {processor.py:179} INFO - Processing /opt/airflow/dags/connections_dag.py took 0.065 seconds
[2026-03-14T20:37:36.136+0000] {processor.py:157} INFO - Started process (PID=4587) to work on /opt/airflow/dags/connections_dag.py
[2026-03-14T20:37:36.137+0000] {processor.py:829} INFO - Processing file /opt/airflow/dags/connections_dag.py for tasks to queue
[2026-03-14T20:37:36.138+0000] {logging_mixin.py:154} INFO - [2026-03-14T20:37:36.138+0000] {dagbag.py:536} INFO - Filling up the DagBag from /opt/airflow/dags/connections_dag.py
[2026-03-14T20:37:36.147+0000] {processor.py:839} INFO - DAG(s) dict_keys(['connections_exercise']) retrieved from /opt/airflow/dags/connections_dag.py
[2026-03-14T20:37:36.170+0000] {logging_mixin.py:154} INFO - [2026-03-14T20:37:36.170+0000] {dag.py:2941} INFO - Sync 1 DAGs
[2026-03-14T20:37:36.180+0000] {logging_mixin.py:154} INFO - [2026-03-14T20:37:36.180+0000] {dag.py:3722} INFO - Setting next_dagrun for connections_exercise to None, run_after=None
[2026-03-14T20:37:36.196+0000] {processor.py:179} INFO - Processing /opt/airflow/dags/connections_dag.py took 0.064 seconds
[2026-03-14T20:38:06.224+0000] {processor.py:157} INFO - Started process (PID=4604) to work on /opt/airflow/dags/connections_dag.py
[2026-03-14T20:38:06.226+0000] {processor.py:829} INFO - Processing file /opt/airflow/dags/connections_dag.py for tasks to queue
[2026-03-14T20:38:06.226+0000] {logging_mixin.py:154} INFO - [2026-03-14T20:38:06.226+0000] {dagbag.py:536} INFO - Filling up the DagBag from /opt/airflow/dags/connections_dag.py
[2026-03-14T20:38:06.235+0000] {processor.py:839} INFO - DAG(s) dict_keys(['connections_exercise']) retrieved from /opt/airflow/dags/connections_dag.py
[2026-03-14T20:38:06.257+0000] {logging_mixin.py:154} INFO - [2026-03-14T20:38:06.257+0000] {dag.py:2941} INFO - Sync 1 DAGs
[2026-03-14T20:38:06.268+0000] {logging_mixin.py:154} INFO - [2026-03-14T20:38:06.267+0000] {dag.py:3722} INFO - Setting next_dagrun for connections_exercise to None, run_after=None
[2026-03-14T20:38:06.283+0000] {processor.py:179} INFO - Processing /opt/airflow/dags/connections_dag.py took 0.062 seconds
[2026-03-14T20:38:36.310+0000] {processor.py:157} INFO - Started process (PID=4620) to work on /opt/airflow/dags/connections_dag.py
[2026-03-14T20:38:36.311+0000] {processor.py:829} INFO - Processing file /opt/airflow/dags/connections_dag.py for tasks to queue
[2026-03-14T20:38:36.312+0000] {logging_mixin.py:154} INFO - [2026-03-14T20:38:36.311+0000] {dagbag.py:536} INFO - Filling up the DagBag from /opt/airflow/dags/connections_dag.py
[2026-03-14T20:38:36.319+0000] {processor.py:839} INFO - DAG(s) dict_keys(['connections_exercise']) retrieved from /opt/airflow/dags/connections_dag.py
[2026-03-14T20:38:36.341+0000] {logging_mixin.py:154} INFO - [2026-03-14T20:38:36.341+0000] {dag.py:2941} INFO - Sync 1 DAGs
[2026-03-14T20:38:36.351+0000] {logging_mixin.py:154} INFO - [2026-03-14T20:38:36.351+0000] {dag.py:3722} INFO - Setting next_dagrun for connections_exercise to None, run_after=None
[2026-03-14T20:38:36.366+0000] {processor.py:179} INFO - Processing /opt/airflow/dags/connections_dag.py took 0.059 seconds
[2026-03-14T20:39:06.416+0000] {processor.py:157} INFO - Started process (PID=4637) to work on /opt/airflow/dags/connections_dag.py
[2026-03-14T20:39:06.418+0000] {processor.py:829} INFO - Processing file /opt/airflow/dags/connections_dag.py for tasks to queue
[2026-03-14T20:39:06.418+0000] {logging_mixin.py:154} INFO - [2026-03-14T20:39:06.418+0000] {dagbag.py:536} INFO - Filling up the DagBag from /opt/airflow/dags/connections_dag.py
[2026-03-14T20:39:06.426+0000] {processor.py:839} INFO - DAG(s) dict_keys(['connections_exercise']) retrieved from /opt/airflow/dags/connections_dag.py
[2026-03-14T20:39:06.450+0000] {logging_mixin.py:154} INFO - [2026-03-14T20:39:06.449+0000] {dag.py:2941} INFO - Sync 1 DAGs
[2026-03-14T20:39:06.461+0000] {logging_mixin.py:154} INFO - [2026-03-14T20:39:06.461+0000] {dag.py:3722} INFO - Setting next_dagrun for connections_exercise to None, run_after=None
[2026-03-14T20:39:06.478+0000] {processor.py:179} INFO - Processing /opt/airflow/dags/connections_dag.py took 0.064 seconds
[2026-03-14T20:39:36.533+0000] {processor.py:157} INFO - Started process (PID=4654) to work on /opt/airflow/dags/connections_dag.py
[2026-03-14T20:39:36.534+0000] {processor.py:829} INFO - Processing file /opt/airflow/dags/connections_dag.py for tasks to queue
[2026-03-14T20:39:36.535+0000] {logging_mixin.py:154} INFO - [2026-03-14T20:39:36.534+0000] {dagbag.py:536} INFO - Filling up the DagBag from /opt/airflow/dags/connections_dag.py
[2026-03-14T20:39:36.542+0000] {processor.py:839} INFO - DAG(s) dict_keys(['connections_exercise']) retrieved from /opt/airflow/dags/connections_dag.py
[2026-03-14T20:39:36.566+0000] {logging_mixin.py:154} INFO - [2026-03-14T20:39:36.565+0000] {dag.py:2941} INFO - Sync 1 DAGs
[2026-03-14T20:39:36.575+0000] {logging_mixin.py:154} INFO - [2026-03-14T20:39:36.575+0000] {dag.py:3722} INFO - Setting next_dagrun for connections_exercise to None, run_after=None
[2026-03-14T20:39:36.592+0000] {processor.py:179} INFO - Processing /opt/airflow/dags/connections_dag.py took 0.063 seconds
[2026-03-14T20:40:06.618+0000] {processor.py:157} INFO - Started process (PID=4664) to work on /opt/airflow/dags/connections_dag.py
[2026-03-14T20:40:06.619+0000] {processor.py:829} INFO - Processing file /opt/airflow/dags/connections_dag.py for tasks to queue
[2026-03-14T20:40:06.620+0000] {logging_mixin.py:154} INFO - [2026-03-14T20:40:06.619+0000] {dagbag.py:536} INFO - Filling up the DagBag from /opt/airflow/dags/connections_dag.py
[2026-03-14T20:40:06.627+0000] {processor.py:839} INFO - DAG(s) dict_keys(['connections_exercise']) retrieved from /opt/airflow/dags/connections_dag.py
[2026-03-14T20:40:06.652+0000] {logging_mixin.py:154} INFO - [2026-03-14T20:40:06.652+0000] {dag.py:2941} INFO - Sync 1 DAGs
[2026-03-14T20:40:06.663+0000] {logging_mixin.py:154} INFO - [2026-03-14T20:40:06.663+0000] {dag.py:3722} INFO - Setting next_dagrun for connections_exercise to None, run_after=None
[2026-03-14T20:40:06.679+0000] {processor.py:179} INFO - Processing /opt/airflow/dags/connections_dag.py took 0.064 seconds
[2026-03-14T20:40:37.656+0000] {processor.py:157} INFO - Started process (PID=4681) to work on /opt/airflow/dags/connections_dag.py
[2026-03-14T20:40:37.664+0000] {processor.py:829} INFO - Processing file /opt/airflow/dags/connections_dag.py for tasks to queue
[2026-03-14T20:40:37.665+0000] {logging_mixin.py:154} INFO - [2026-03-14T20:40:37.665+0000] {dagbag.py:536} INFO - Filling up the DagBag from /opt/airflow/dags/connections_dag.py
[2026-03-14T20:40:37.673+0000] {processor.py:839} INFO - DAG(s) dict_keys(['connections_exercise']) retrieved from /opt/airflow/dags/connections_dag.py
[2026-03-14T20:40:37.697+0000] {logging_mixin.py:154} INFO - [2026-03-14T20:40:37.697+0000] {dag.py:2941} INFO - Sync 1 DAGs
[2026-03-14T20:40:37.709+0000] {logging_mixin.py:154} INFO - [2026-03-14T20:40:37.709+0000] {dag.py:3722} INFO - Setting next_dagrun for connections_exercise to None, run_after=None
[2026-03-14T20:40:37.724+0000] {processor.py:179} INFO - Processing /opt/airflow/dags/connections_dag.py took 0.072 seconds
[2026-03-14T20:41:09.718+0000] {processor.py:157} INFO - Started process (PID=4698) to work on /opt/airflow/dags/connections_dag.py
[2026-03-14T20:41:09.719+0000] {processor.py:829} INFO - Processing file /opt/airflow/dags/connections_dag.py for tasks to queue
[2026-03-14T20:41:09.720+0000] {logging_mixin.py:154} INFO - [2026-03-14T20:41:09.719+0000] {dagbag.py:536} INFO - Filling up the DagBag from /opt/airflow/dags/connections_dag.py
[2026-03-14T20:41:09.728+0000] {processor.py:839} INFO - DAG(s) dict_keys(['connections_exercise']) retrieved from /opt/airflow/dags/connections_dag.py
[2026-03-14T20:41:09.750+0000] {logging_mixin.py:154} INFO - [2026-03-14T20:41:09.750+0000] {dag.py:2941} INFO - Sync 1 DAGs
[2026-03-14T20:41:09.761+0000] {logging_mixin.py:154} INFO - [2026-03-14T20:41:09.761+0000] {dag.py:3722} INFO - Setting next_dagrun for connections_exercise to None, run_after=None
[2026-03-14T20:41:09.776+0000] {processor.py:179} INFO - Processing /opt/airflow/dags/connections_dag.py took 0.062 seconds
[2026-03-14T20:41:41.820+0000] {processor.py:157} INFO - Started process (PID=4715) to work on /opt/airflow/dags/connections_dag.py
[2026-03-14T20:41:41.823+0000] {processor.py:829} INFO - Processing file /opt/airflow/dags/connections_dag.py for tasks to queue
[2026-03-14T20:41:41.825+0000] {logging_mixin.py:154} INFO - [2026-03-14T20:41:41.824+0000] {dagbag.py:536} INFO - Filling up the DagBag from /opt/airflow/dags/connections_dag.py
[2026-03-14T20:41:41.832+0000] {processor.py:839} INFO - DAG(s) dict_keys(['connections_exercise']) retrieved from /opt/airflow/dags/connections_dag.py
[2026-03-14T20:41:41.856+0000] {logging_mixin.py:154} INFO - [2026-03-14T20:41:41.856+0000] {dag.py:2941} INFO - Sync 1 DAGs
[2026-03-14T20:41:41.866+0000] {logging_mixin.py:154} INFO - [2026-03-14T20:41:41.866+0000] {dag.py:3722} INFO - Setting next_dagrun for connections_exercise to None, run_after=None
[2026-03-14T20:41:41.886+0000] {processor.py:179} INFO - Processing /opt/airflow/dags/connections_dag.py took 0.069 seconds
[2026-03-14T20:42:13.926+0000] {processor.py:157} INFO - Started process (PID=4732) to work on /opt/airflow/dags/connections_dag.py
[2026-03-14T20:42:13.927+0000] {processor.py:829} INFO - Processing file /opt/airflow/dags/connections_dag.py for tasks to queue
[2026-03-14T20:42:13.928+0000] {logging_mixin.py:154} INFO - [2026-03-14T20:42:13.928+0000] {dagbag.py:536} INFO - Filling up the DagBag from /opt/airflow/dags/connections_dag.py
[2026-03-14T20:42:13.944+0000] {processor.py:839} INFO - DAG(s) dict_keys(['connections_exercise']) retrieved from /opt/airflow/dags/connections_dag.py
[2026-03-14T20:42:13.970+0000] {logging_mixin.py:154} INFO - [2026-03-14T20:42:13.970+0000] {dag.py:2941} INFO - Sync 1 DAGs
[2026-03-14T20:42:13.981+0000] {logging_mixin.py:154} INFO - [2026-03-14T20:42:13.981+0000] {dag.py:3722} INFO - Setting next_dagrun for connections_exercise to None, run_after=None
[2026-03-14T20:42:13.998+0000] {processor.py:179} INFO - Processing /opt/airflow/dags/connections_dag.py took 0.075 seconds
[2026-03-14T20:42:44.884+0000] {processor.py:157} INFO - Started process (PID=4749) to work on /opt/airflow/dags/connections_dag.py
[2026-03-14T20:42:44.885+0000] {processor.py:829} INFO - Processing file /opt/airflow/dags/connections_dag.py for tasks to queue
[2026-03-14T20:42:44.886+0000] {logging_mixin.py:154} INFO - [2026-03-14T20:42:44.886+0000] {dagbag.py:536} INFO - Filling up the DagBag from /opt/airflow/dags/connections_dag.py
[2026-03-14T20:42:44.895+0000] {processor.py:839} INFO - DAG(s) dict_keys(['connections_exercise']) retrieved from /opt/airflow/dags/connections_dag.py
[2026-03-14T20:42:44.921+0000] {logging_mixin.py:154} INFO - [2026-03-14T20:42:44.921+0000] {dag.py:2941} INFO - Sync 1 DAGs
[2026-03-14T20:42:44.935+0000] {logging_mixin.py:154} INFO - [2026-03-14T20:42:44.935+0000] {dag.py:3722} INFO - Setting next_dagrun for connections_exercise to None, run_after=None
[2026-03-14T20:42:44.954+0000] {processor.py:179} INFO - Processing /opt/airflow/dags/connections_dag.py took 0.074 seconds
[2026-03-14T20:43:16.932+0000] {processor.py:157} INFO - Started process (PID=4766) to work on /opt/airflow/dags/connections_dag.py
[2026-03-14T20:43:16.933+0000] {processor.py:829} INFO - Processing file /opt/airflow/dags/connections_dag.py for tasks to queue
[2026-03-14T20:43:16.934+0000] {logging_mixin.py:154} INFO - [2026-03-14T20:43:16.933+0000] {dagbag.py:536} INFO - Filling up the DagBag from /opt/airflow/dags/connections_dag.py
[2026-03-14T20:43:16.942+0000] {processor.py:839} INFO - DAG(s) dict_keys(['connections_exercise']) retrieved from /opt/airflow/dags/connections_dag.py
[2026-03-14T20:43:16.965+0000] {logging_mixin.py:154} INFO - [2026-03-14T20:43:16.965+0000] {dag.py:2941} INFO - Sync 1 DAGs
[2026-03-14T20:43:16.976+0000] {logging_mixin.py:154} INFO - [2026-03-14T20:43:16.976+0000] {dag.py:3722} INFO - Setting next_dagrun for connections_exercise to None, run_after=None
[2026-03-14T20:43:16.991+0000] {processor.py:179} INFO - Processing /opt/airflow/dags/connections_dag.py took 0.062 seconds
[2026-03-14T20:43:49.022+0000] {processor.py:157} INFO - Started process (PID=4783) to work on /opt/airflow/dags/connections_dag.py
[2026-03-14T20:43:49.024+0000] {processor.py:829} INFO - Processing file /opt/airflow/dags/connections_dag.py for tasks to queue
[2026-03-14T20:43:49.025+0000] {logging_mixin.py:154} INFO - [2026-03-14T20:43:49.025+0000] {dagbag.py:536} INFO - Filling up the DagBag from /opt/airflow/dags/connections_dag.py
[2026-03-14T20:43:49.035+0000] {processor.py:839} INFO - DAG(s) dict_keys(['connections_exercise']) retrieved from /opt/airflow/dags/connections_dag.py
[2026-03-14T20:43:49.059+0000] {logging_mixin.py:154} INFO - [2026-03-14T20:43:49.058+0000] {dag.py:2941} INFO - Sync 1 DAGs
[2026-03-14T20:43:49.070+0000] {logging_mixin.py:154} INFO - [2026-03-14T20:43:49.070+0000] {dag.py:3722} INFO - Setting next_dagrun for connections_exercise to None, run_after=None
[2026-03-14T20:43:49.084+0000] {processor.py:179} INFO - Processing /opt/airflow/dags/connections_dag.py took 0.066 seconds
