[2026-03-14T00:02:15.835+0000] {processor.py:157} INFO - Started process (PID=436) to work on /opt/airflow/dags/my_first_dag.py
[2026-03-14T00:02:15.835+0000] {processor.py:829} INFO - Processing file /opt/airflow/dags/my_first_dag.py for tasks to queue
[2026-03-14T00:02:15.836+0000] {logging_mixin.py:154} INFO - [2026-03-14T00:02:15.836+0000] {dagbag.py:536} INFO - Filling up the DagBag from /opt/airflow/dags/my_first_dag.py
[2026-03-14T00:02:15.839+0000] {logging_mixin.py:154} INFO - [2026-03-14T00:02:15.838+0000] {dagbag.py:346} ERROR - Failed to import: /opt/airflow/dags/my_first_dag.py
Traceback (most recent call last):
  File "/home/airflow/.local/lib/python3.8/site-packages/airflow/models/dagbag.py", line 342, in parse
    loader.exec_module(new_module)
  File "<frozen importlib._bootstrap_external>", line 839, in exec_module
  File "<frozen importlib._bootstrap_external>", line 976, in get_code
  File "<frozen importlib._bootstrap_external>", line 906, in source_to_code
  File "<frozen importlib._bootstrap>", line 219, in _call_with_frames_removed
  File "/opt/airflow/dags/my_first_dag.py", line 75
    catchup=False
    ^
SyntaxError: invalid syntax
[2026-03-14T00:02:15.840+0000] {processor.py:841} WARNING - No viable dags retrieved from /opt/airflow/dags/my_first_dag.py
[2026-03-14T00:02:15.860+0000] {processor.py:179} INFO - Processing /opt/airflow/dags/my_first_dag.py took 0.028 seconds
[2026-03-14T00:02:31.515+0000] {processor.py:157} INFO - Started process (PID=167) to work on /opt/airflow/dags/my_first_dag.py
[2026-03-14T00:02:31.516+0000] {processor.py:829} INFO - Processing file /opt/airflow/dags/my_first_dag.py for tasks to queue
[2026-03-14T00:02:31.517+0000] {logging_mixin.py:154} INFO - [2026-03-14T00:02:31.517+0000] {dagbag.py:536} INFO - Filling up the DagBag from /opt/airflow/dags/my_first_dag.py
[2026-03-14T00:02:31.521+0000] {logging_mixin.py:154} INFO - [2026-03-14T00:02:31.519+0000] {dagbag.py:346} ERROR - Failed to import: /opt/airflow/dags/my_first_dag.py
Traceback (most recent call last):
  File "/home/airflow/.local/lib/python3.8/site-packages/airflow/models/dagbag.py", line 342, in parse
    loader.exec_module(new_module)
  File "<frozen importlib._bootstrap_external>", line 839, in exec_module
  File "<frozen importlib._bootstrap_external>", line 976, in get_code
  File "<frozen importlib._bootstrap_external>", line 906, in source_to_code
  File "<frozen importlib._bootstrap>", line 219, in _call_with_frames_removed
  File "/opt/airflow/dags/my_first_dag.py", line 75
    catchup=False
    ^
SyntaxError: invalid syntax
[2026-03-14T00:02:31.521+0000] {processor.py:841} WARNING - No viable dags retrieved from /opt/airflow/dags/my_first_dag.py
[2026-03-14T00:02:31.541+0000] {processor.py:179} INFO - Processing /opt/airflow/dags/my_first_dag.py took 0.029 seconds
[2026-03-14T00:03:01.696+0000] {processor.py:157} INFO - Started process (PID=212) to work on /opt/airflow/dags/my_first_dag.py
[2026-03-14T00:03:01.697+0000] {processor.py:829} INFO - Processing file /opt/airflow/dags/my_first_dag.py for tasks to queue
[2026-03-14T00:03:01.698+0000] {logging_mixin.py:154} INFO - [2026-03-14T00:03:01.698+0000] {dagbag.py:536} INFO - Filling up the DagBag from /opt/airflow/dags/my_first_dag.py
[2026-03-14T00:03:01.700+0000] {logging_mixin.py:154} INFO - [2026-03-14T00:03:01.700+0000] {dagbag.py:346} ERROR - Failed to import: /opt/airflow/dags/my_first_dag.py
Traceback (most recent call last):
  File "/home/airflow/.local/lib/python3.8/site-packages/airflow/models/dagbag.py", line 342, in parse
    loader.exec_module(new_module)
  File "<frozen importlib._bootstrap_external>", line 839, in exec_module
  File "<frozen importlib._bootstrap_external>", line 976, in get_code
  File "<frozen importlib._bootstrap_external>", line 906, in source_to_code
  File "<frozen importlib._bootstrap>", line 219, in _call_with_frames_removed
  File "/opt/airflow/dags/my_first_dag.py", line 75
    catchup=False
    ^
SyntaxError: invalid syntax
[2026-03-14T00:03:01.701+0000] {processor.py:841} WARNING - No viable dags retrieved from /opt/airflow/dags/my_first_dag.py
[2026-03-14T00:03:01.719+0000] {processor.py:179} INFO - Processing /opt/airflow/dags/my_first_dag.py took 0.026 seconds
[2026-03-14T00:03:31.863+0000] {processor.py:157} INFO - Started process (PID=254) to work on /opt/airflow/dags/my_first_dag.py
[2026-03-14T00:03:31.865+0000] {processor.py:829} INFO - Processing file /opt/airflow/dags/my_first_dag.py for tasks to queue
[2026-03-14T00:03:31.866+0000] {logging_mixin.py:154} INFO - [2026-03-14T00:03:31.865+0000] {dagbag.py:536} INFO - Filling up the DagBag from /opt/airflow/dags/my_first_dag.py
[2026-03-14T00:03:31.869+0000] {logging_mixin.py:154} INFO - [2026-03-14T00:03:31.868+0000] {dagbag.py:346} ERROR - Failed to import: /opt/airflow/dags/my_first_dag.py
Traceback (most recent call last):
  File "/home/airflow/.local/lib/python3.8/site-packages/airflow/models/dagbag.py", line 342, in parse
    loader.exec_module(new_module)
  File "<frozen importlib._bootstrap_external>", line 839, in exec_module
  File "<frozen importlib._bootstrap_external>", line 976, in get_code
  File "<frozen importlib._bootstrap_external>", line 906, in source_to_code
  File "<frozen importlib._bootstrap>", line 219, in _call_with_frames_removed
  File "/opt/airflow/dags/my_first_dag.py", line 75
    catchup=False
    ^
SyntaxError: invalid syntax
[2026-03-14T00:03:31.870+0000] {processor.py:841} WARNING - No viable dags retrieved from /opt/airflow/dags/my_first_dag.py
[2026-03-14T00:03:31.889+0000] {processor.py:179} INFO - Processing /opt/airflow/dags/my_first_dag.py took 0.030 seconds
[2026-03-14T00:04:02.012+0000] {processor.py:157} INFO - Started process (PID=266) to work on /opt/airflow/dags/my_first_dag.py
[2026-03-14T00:04:02.013+0000] {processor.py:829} INFO - Processing file /opt/airflow/dags/my_first_dag.py for tasks to queue
[2026-03-14T00:04:02.014+0000] {logging_mixin.py:154} INFO - [2026-03-14T00:04:02.014+0000] {dagbag.py:536} INFO - Filling up the DagBag from /opt/airflow/dags/my_first_dag.py
[2026-03-14T00:04:02.016+0000] {logging_mixin.py:154} INFO - [2026-03-14T00:04:02.015+0000] {dagbag.py:346} ERROR - Failed to import: /opt/airflow/dags/my_first_dag.py
Traceback (most recent call last):
  File "/home/airflow/.local/lib/python3.8/site-packages/airflow/models/dagbag.py", line 342, in parse
    loader.exec_module(new_module)
  File "<frozen importlib._bootstrap_external>", line 839, in exec_module
  File "<frozen importlib._bootstrap_external>", line 976, in get_code
  File "<frozen importlib._bootstrap_external>", line 906, in source_to_code
  File "<frozen importlib._bootstrap>", line 219, in _call_with_frames_removed
  File "/opt/airflow/dags/my_first_dag.py", line 75
    catchup=False
    ^
SyntaxError: invalid syntax
[2026-03-14T00:04:02.016+0000] {processor.py:841} WARNING - No viable dags retrieved from /opt/airflow/dags/my_first_dag.py
[2026-03-14T00:04:02.033+0000] {processor.py:179} INFO - Processing /opt/airflow/dags/my_first_dag.py took 0.024 seconds
[2026-03-14T00:04:32.170+0000] {processor.py:157} INFO - Started process (PID=278) to work on /opt/airflow/dags/my_first_dag.py
[2026-03-14T00:04:32.171+0000] {processor.py:829} INFO - Processing file /opt/airflow/dags/my_first_dag.py for tasks to queue
[2026-03-14T00:04:32.171+0000] {logging_mixin.py:154} INFO - [2026-03-14T00:04:32.171+0000] {dagbag.py:536} INFO - Filling up the DagBag from /opt/airflow/dags/my_first_dag.py
[2026-03-14T00:04:32.174+0000] {logging_mixin.py:154} INFO - [2026-03-14T00:04:32.173+0000] {dagbag.py:346} ERROR - Failed to import: /opt/airflow/dags/my_first_dag.py
Traceback (most recent call last):
  File "/home/airflow/.local/lib/python3.8/site-packages/airflow/models/dagbag.py", line 342, in parse
    loader.exec_module(new_module)
  File "<frozen importlib._bootstrap_external>", line 839, in exec_module
  File "<frozen importlib._bootstrap_external>", line 976, in get_code
  File "<frozen importlib._bootstrap_external>", line 906, in source_to_code
  File "<frozen importlib._bootstrap>", line 219, in _call_with_frames_removed
  File "/opt/airflow/dags/my_first_dag.py", line 75
    catchup=False
    ^
SyntaxError: invalid syntax
[2026-03-14T00:04:32.174+0000] {processor.py:841} WARNING - No viable dags retrieved from /opt/airflow/dags/my_first_dag.py
[2026-03-14T00:04:32.193+0000] {processor.py:179} INFO - Processing /opt/airflow/dags/my_first_dag.py took 0.026 seconds
[2026-03-14T00:05:02.335+0000] {processor.py:157} INFO - Started process (PID=290) to work on /opt/airflow/dags/my_first_dag.py
[2026-03-14T00:05:02.335+0000] {processor.py:829} INFO - Processing file /opt/airflow/dags/my_first_dag.py for tasks to queue
[2026-03-14T00:05:02.336+0000] {logging_mixin.py:154} INFO - [2026-03-14T00:05:02.336+0000] {dagbag.py:536} INFO - Filling up the DagBag from /opt/airflow/dags/my_first_dag.py
[2026-03-14T00:05:02.351+0000] {processor.py:839} INFO - DAG(s) dict_keys(['my_first_pipeline']) retrieved from /opt/airflow/dags/my_first_dag.py
[2026-03-14T00:05:02.523+0000] {logging_mixin.py:154} INFO - [2026-03-14T00:05:02.522+0000] {manager.py:499} INFO - Created Permission View: %s
[2026-03-14T00:05:02.532+0000] {logging_mixin.py:154} INFO - [2026-03-14T00:05:02.532+0000] {manager.py:499} INFO - Created Permission View: %s
[2026-03-14T00:05:02.539+0000] {logging_mixin.py:154} INFO - [2026-03-14T00:05:02.538+0000] {manager.py:499} INFO - Created Permission View: %s
[2026-03-14T00:05:02.539+0000] {logging_mixin.py:154} INFO - [2026-03-14T00:05:02.539+0000] {dag.py:2941} INFO - Sync 1 DAGs
[2026-03-14T00:05:02.548+0000] {logging_mixin.py:154} INFO - [2026-03-14T00:05:02.548+0000] {dag.py:2963} INFO - Creating ORM DAG for my_first_pipeline
[2026-03-14T00:05:02.549+0000] {logging_mixin.py:154} INFO - [2026-03-14T00:05:02.549+0000] {dag.py:3722} INFO - Setting next_dagrun for my_first_pipeline to None, run_after=None
[2026-03-14T00:05:02.569+0000] {processor.py:179} INFO - Processing /opt/airflow/dags/my_first_dag.py took 0.237 seconds
[2026-03-14T00:05:32.714+0000] {processor.py:157} INFO - Started process (PID=302) to work on /opt/airflow/dags/my_first_dag.py
[2026-03-14T00:05:32.715+0000] {processor.py:829} INFO - Processing file /opt/airflow/dags/my_first_dag.py for tasks to queue
[2026-03-14T00:05:32.716+0000] {logging_mixin.py:154} INFO - [2026-03-14T00:05:32.716+0000] {dagbag.py:536} INFO - Filling up the DagBag from /opt/airflow/dags/my_first_dag.py
[2026-03-14T00:05:32.729+0000] {processor.py:839} INFO - DAG(s) dict_keys(['my_first_pipeline']) retrieved from /opt/airflow/dags/my_first_dag.py
[2026-03-14T00:05:32.764+0000] {logging_mixin.py:154} INFO - [2026-03-14T00:05:32.764+0000] {dag.py:2941} INFO - Sync 1 DAGs
[2026-03-14T00:05:32.780+0000] {logging_mixin.py:154} INFO - [2026-03-14T00:05:32.780+0000] {dag.py:3722} INFO - Setting next_dagrun for my_first_pipeline to None, run_after=None
[2026-03-14T00:05:32.805+0000] {processor.py:179} INFO - Processing /opt/airflow/dags/my_first_dag.py took 0.096 seconds
[2026-03-14T00:06:02.854+0000] {processor.py:157} INFO - Started process (PID=314) to work on /opt/airflow/dags/my_first_dag.py
[2026-03-14T00:06:02.855+0000] {processor.py:829} INFO - Processing file /opt/airflow/dags/my_first_dag.py for tasks to queue
[2026-03-14T00:06:02.855+0000] {logging_mixin.py:154} INFO - [2026-03-14T00:06:02.855+0000] {dagbag.py:536} INFO - Filling up the DagBag from /opt/airflow/dags/my_first_dag.py
[2026-03-14T00:06:02.867+0000] {processor.py:839} INFO - DAG(s) dict_keys(['my_first_pipeline']) retrieved from /opt/airflow/dags/my_first_dag.py
[2026-03-14T00:06:02.897+0000] {logging_mixin.py:154} INFO - [2026-03-14T00:06:02.897+0000] {dag.py:2941} INFO - Sync 1 DAGs
[2026-03-14T00:06:02.909+0000] {logging_mixin.py:154} INFO - [2026-03-14T00:06:02.909+0000] {dag.py:3722} INFO - Setting next_dagrun for my_first_pipeline to None, run_after=None
[2026-03-14T00:06:02.928+0000] {processor.py:179} INFO - Processing /opt/airflow/dags/my_first_dag.py took 0.079 seconds
[2026-03-14T00:06:33.001+0000] {processor.py:157} INFO - Started process (PID=326) to work on /opt/airflow/dags/my_first_dag.py
[2026-03-14T00:06:33.002+0000] {processor.py:829} INFO - Processing file /opt/airflow/dags/my_first_dag.py for tasks to queue
[2026-03-14T00:06:33.003+0000] {logging_mixin.py:154} INFO - [2026-03-14T00:06:33.003+0000] {dagbag.py:536} INFO - Filling up the DagBag from /opt/airflow/dags/my_first_dag.py
[2026-03-14T00:06:33.015+0000] {processor.py:839} INFO - DAG(s) dict_keys(['my_first_pipeline']) retrieved from /opt/airflow/dags/my_first_dag.py
[2026-03-14T00:06:33.042+0000] {logging_mixin.py:154} INFO - [2026-03-14T00:06:33.042+0000] {dag.py:2941} INFO - Sync 1 DAGs
[2026-03-14T00:06:33.055+0000] {logging_mixin.py:154} INFO - [2026-03-14T00:06:33.055+0000] {dag.py:3722} INFO - Setting next_dagrun for my_first_pipeline to None, run_after=None
[2026-03-14T00:06:33.076+0000] {processor.py:179} INFO - Processing /opt/airflow/dags/my_first_dag.py took 0.080 seconds
[2026-03-14T00:07:03.201+0000] {processor.py:157} INFO - Started process (PID=338) to work on /opt/airflow/dags/my_first_dag.py
[2026-03-14T00:07:03.202+0000] {processor.py:829} INFO - Processing file /opt/airflow/dags/my_first_dag.py for tasks to queue
[2026-03-14T00:07:03.203+0000] {logging_mixin.py:154} INFO - [2026-03-14T00:07:03.203+0000] {dagbag.py:536} INFO - Filling up the DagBag from /opt/airflow/dags/my_first_dag.py
[2026-03-14T00:07:03.212+0000] {processor.py:839} INFO - DAG(s) dict_keys(['my_first_pipeline']) retrieved from /opt/airflow/dags/my_first_dag.py
[2026-03-14T00:07:03.238+0000] {logging_mixin.py:154} INFO - [2026-03-14T00:07:03.238+0000] {dag.py:2941} INFO - Sync 1 DAGs
[2026-03-14T00:07:03.250+0000] {logging_mixin.py:154} INFO - [2026-03-14T00:07:03.250+0000] {dag.py:3722} INFO - Setting next_dagrun for my_first_pipeline to None, run_after=None
[2026-03-14T00:07:03.272+0000] {processor.py:179} INFO - Processing /opt/airflow/dags/my_first_dag.py took 0.074 seconds
[2026-03-14T00:07:33.403+0000] {processor.py:157} INFO - Started process (PID=349) to work on /opt/airflow/dags/my_first_dag.py
[2026-03-14T00:07:33.404+0000] {processor.py:829} INFO - Processing file /opt/airflow/dags/my_first_dag.py for tasks to queue
[2026-03-14T00:07:33.405+0000] {logging_mixin.py:154} INFO - [2026-03-14T00:07:33.405+0000] {dagbag.py:536} INFO - Filling up the DagBag from /opt/airflow/dags/my_first_dag.py
[2026-03-14T00:07:33.414+0000] {processor.py:839} INFO - DAG(s) dict_keys(['my_first_pipeline']) retrieved from /opt/airflow/dags/my_first_dag.py
[2026-03-14T00:07:33.440+0000] {logging_mixin.py:154} INFO - [2026-03-14T00:07:33.440+0000] {dag.py:2941} INFO - Sync 1 DAGs
[2026-03-14T00:07:33.452+0000] {logging_mixin.py:154} INFO - [2026-03-14T00:07:33.452+0000] {dag.py:3722} INFO - Setting next_dagrun for my_first_pipeline to None, run_after=None
[2026-03-14T00:07:33.469+0000] {processor.py:179} INFO - Processing /opt/airflow/dags/my_first_dag.py took 0.069 seconds
[2026-03-14T00:08:03.564+0000] {processor.py:157} INFO - Started process (PID=372) to work on /opt/airflow/dags/my_first_dag.py
[2026-03-14T00:08:03.566+0000] {processor.py:829} INFO - Processing file /opt/airflow/dags/my_first_dag.py for tasks to queue
[2026-03-14T00:08:03.568+0000] {logging_mixin.py:154} INFO - [2026-03-14T00:08:03.567+0000] {dagbag.py:536} INFO - Filling up the DagBag from /opt/airflow/dags/my_first_dag.py
[2026-03-14T00:08:03.581+0000] {processor.py:839} INFO - DAG(s) dict_keys(['my_first_pipeline']) retrieved from /opt/airflow/dags/my_first_dag.py
[2026-03-14T00:08:03.609+0000] {logging_mixin.py:154} INFO - [2026-03-14T00:08:03.609+0000] {dag.py:2941} INFO - Sync 1 DAGs
[2026-03-14T00:08:03.621+0000] {logging_mixin.py:154} INFO - [2026-03-14T00:08:03.621+0000] {dag.py:3722} INFO - Setting next_dagrun for my_first_pipeline to None, run_after=None
[2026-03-14T00:08:03.639+0000] {processor.py:179} INFO - Processing /opt/airflow/dags/my_first_dag.py took 0.078 seconds
[2026-03-14T00:08:33.779+0000] {processor.py:157} INFO - Started process (PID=383) to work on /opt/airflow/dags/my_first_dag.py
[2026-03-14T00:08:33.780+0000] {processor.py:829} INFO - Processing file /opt/airflow/dags/my_first_dag.py for tasks to queue
[2026-03-14T00:08:33.781+0000] {logging_mixin.py:154} INFO - [2026-03-14T00:08:33.780+0000] {dagbag.py:536} INFO - Filling up the DagBag from /opt/airflow/dags/my_first_dag.py
[2026-03-14T00:08:33.790+0000] {processor.py:839} INFO - DAG(s) dict_keys(['my_first_pipeline']) retrieved from /opt/airflow/dags/my_first_dag.py
[2026-03-14T00:08:33.814+0000] {logging_mixin.py:154} INFO - [2026-03-14T00:08:33.813+0000] {dag.py:2941} INFO - Sync 1 DAGs
[2026-03-14T00:08:33.825+0000] {logging_mixin.py:154} INFO - [2026-03-14T00:08:33.825+0000] {dag.py:3722} INFO - Setting next_dagrun for my_first_pipeline to None, run_after=None
[2026-03-14T00:08:33.841+0000] {processor.py:179} INFO - Processing /opt/airflow/dags/my_first_dag.py took 0.065 seconds
[2026-03-14T00:09:03.953+0000] {processor.py:157} INFO - Started process (PID=395) to work on /opt/airflow/dags/my_first_dag.py
[2026-03-14T00:09:03.954+0000] {processor.py:829} INFO - Processing file /opt/airflow/dags/my_first_dag.py for tasks to queue
[2026-03-14T00:09:03.955+0000] {logging_mixin.py:154} INFO - [2026-03-14T00:09:03.955+0000] {dagbag.py:536} INFO - Filling up the DagBag from /opt/airflow/dags/my_first_dag.py
[2026-03-14T00:09:03.963+0000] {processor.py:839} INFO - DAG(s) dict_keys(['my_first_pipeline']) retrieved from /opt/airflow/dags/my_first_dag.py
[2026-03-14T00:09:03.990+0000] {logging_mixin.py:154} INFO - [2026-03-14T00:09:03.989+0000] {dag.py:2941} INFO - Sync 1 DAGs
[2026-03-14T00:09:04.001+0000] {logging_mixin.py:154} INFO - [2026-03-14T00:09:04.001+0000] {dag.py:3722} INFO - Setting next_dagrun for my_first_pipeline to None, run_after=None
[2026-03-14T00:09:04.018+0000] {processor.py:179} INFO - Processing /opt/airflow/dags/my_first_dag.py took 0.068 seconds
[2026-03-14T00:09:34.115+0000] {processor.py:157} INFO - Started process (PID=407) to work on /opt/airflow/dags/my_first_dag.py
[2026-03-14T00:09:34.116+0000] {processor.py:829} INFO - Processing file /opt/airflow/dags/my_first_dag.py for tasks to queue
[2026-03-14T00:09:34.117+0000] {logging_mixin.py:154} INFO - [2026-03-14T00:09:34.116+0000] {dagbag.py:536} INFO - Filling up the DagBag from /opt/airflow/dags/my_first_dag.py
[2026-03-14T00:09:34.126+0000] {processor.py:839} INFO - DAG(s) dict_keys(['my_first_pipeline']) retrieved from /opt/airflow/dags/my_first_dag.py
[2026-03-14T00:09:34.159+0000] {logging_mixin.py:154} INFO - [2026-03-14T00:09:34.159+0000] {dag.py:2941} INFO - Sync 1 DAGs
[2026-03-14T00:09:34.173+0000] {logging_mixin.py:154} INFO - [2026-03-14T00:09:34.172+0000] {dag.py:3722} INFO - Setting next_dagrun for my_first_pipeline to None, run_after=None
[2026-03-14T00:09:34.194+0000] {processor.py:179} INFO - Processing /opt/airflow/dags/my_first_dag.py took 0.083 seconds
[2026-03-14T00:10:04.339+0000] {processor.py:157} INFO - Started process (PID=419) to work on /opt/airflow/dags/my_first_dag.py
[2026-03-14T00:10:04.340+0000] {processor.py:829} INFO - Processing file /opt/airflow/dags/my_first_dag.py for tasks to queue
[2026-03-14T00:10:04.342+0000] {logging_mixin.py:154} INFO - [2026-03-14T00:10:04.341+0000] {dagbag.py:536} INFO - Filling up the DagBag from /opt/airflow/dags/my_first_dag.py
[2026-03-14T00:10:04.353+0000] {processor.py:839} INFO - DAG(s) dict_keys(['my_first_pipeline']) retrieved from /opt/airflow/dags/my_first_dag.py
[2026-03-14T00:10:04.377+0000] {logging_mixin.py:154} INFO - [2026-03-14T00:10:04.377+0000] {dag.py:2941} INFO - Sync 1 DAGs
[2026-03-14T00:10:04.389+0000] {logging_mixin.py:154} INFO - [2026-03-14T00:10:04.389+0000] {dag.py:3722} INFO - Setting next_dagrun for my_first_pipeline to None, run_after=None
[2026-03-14T00:10:04.407+0000] {processor.py:179} INFO - Processing /opt/airflow/dags/my_first_dag.py took 0.072 seconds
[2026-03-14T00:10:34.498+0000] {processor.py:157} INFO - Started process (PID=431) to work on /opt/airflow/dags/my_first_dag.py
[2026-03-14T00:10:34.499+0000] {processor.py:829} INFO - Processing file /opt/airflow/dags/my_first_dag.py for tasks to queue
[2026-03-14T00:10:34.499+0000] {logging_mixin.py:154} INFO - [2026-03-14T00:10:34.499+0000] {dagbag.py:536} INFO - Filling up the DagBag from /opt/airflow/dags/my_first_dag.py
[2026-03-14T00:10:34.508+0000] {processor.py:839} INFO - DAG(s) dict_keys(['my_first_pipeline']) retrieved from /opt/airflow/dags/my_first_dag.py
[2026-03-14T00:10:34.534+0000] {logging_mixin.py:154} INFO - [2026-03-14T00:10:34.534+0000] {dag.py:2941} INFO - Sync 1 DAGs
[2026-03-14T00:10:34.546+0000] {logging_mixin.py:154} INFO - [2026-03-14T00:10:34.546+0000] {dag.py:3722} INFO - Setting next_dagrun for my_first_pipeline to None, run_after=None
[2026-03-14T00:10:34.564+0000] {processor.py:179} INFO - Processing /opt/airflow/dags/my_first_dag.py took 0.069 seconds
[2026-03-14T00:11:04.702+0000] {processor.py:157} INFO - Started process (PID=443) to work on /opt/airflow/dags/my_first_dag.py
[2026-03-14T00:11:04.703+0000] {processor.py:829} INFO - Processing file /opt/airflow/dags/my_first_dag.py for tasks to queue
[2026-03-14T00:11:04.704+0000] {logging_mixin.py:154} INFO - [2026-03-14T00:11:04.704+0000] {dagbag.py:536} INFO - Filling up the DagBag from /opt/airflow/dags/my_first_dag.py
[2026-03-14T00:11:04.712+0000] {processor.py:839} INFO - DAG(s) dict_keys(['my_first_pipeline']) retrieved from /opt/airflow/dags/my_first_dag.py
[2026-03-14T00:11:04.737+0000] {logging_mixin.py:154} INFO - [2026-03-14T00:11:04.737+0000] {dag.py:2941} INFO - Sync 1 DAGs
[2026-03-14T00:11:04.749+0000] {logging_mixin.py:154} INFO - [2026-03-14T00:11:04.749+0000] {dag.py:3722} INFO - Setting next_dagrun for my_first_pipeline to None, run_after=None
[2026-03-14T00:11:04.765+0000] {processor.py:179} INFO - Processing /opt/airflow/dags/my_first_dag.py took 0.066 seconds
[2026-03-14T00:11:34.896+0000] {processor.py:157} INFO - Started process (PID=455) to work on /opt/airflow/dags/my_first_dag.py
[2026-03-14T00:11:34.897+0000] {processor.py:829} INFO - Processing file /opt/airflow/dags/my_first_dag.py for tasks to queue
[2026-03-14T00:11:34.897+0000] {logging_mixin.py:154} INFO - [2026-03-14T00:11:34.897+0000] {dagbag.py:536} INFO - Filling up the DagBag from /opt/airflow/dags/my_first_dag.py
[2026-03-14T00:11:34.907+0000] {processor.py:839} INFO - DAG(s) dict_keys(['my_first_pipeline']) retrieved from /opt/airflow/dags/my_first_dag.py
[2026-03-14T00:11:34.932+0000] {logging_mixin.py:154} INFO - [2026-03-14T00:11:34.932+0000] {dag.py:2941} INFO - Sync 1 DAGs
[2026-03-14T00:11:34.944+0000] {logging_mixin.py:154} INFO - [2026-03-14T00:11:34.944+0000] {dag.py:3722} INFO - Setting next_dagrun for my_first_pipeline to None, run_after=None
[2026-03-14T00:11:34.961+0000] {processor.py:179} INFO - Processing /opt/airflow/dags/my_first_dag.py took 0.069 seconds
[2026-03-14T00:12:05.053+0000] {processor.py:157} INFO - Started process (PID=467) to work on /opt/airflow/dags/my_first_dag.py
[2026-03-14T00:12:05.054+0000] {processor.py:829} INFO - Processing file /opt/airflow/dags/my_first_dag.py for tasks to queue
[2026-03-14T00:12:05.055+0000] {logging_mixin.py:154} INFO - [2026-03-14T00:12:05.055+0000] {dagbag.py:536} INFO - Filling up the DagBag from /opt/airflow/dags/my_first_dag.py
[2026-03-14T00:12:05.064+0000] {processor.py:839} INFO - DAG(s) dict_keys(['my_first_pipeline']) retrieved from /opt/airflow/dags/my_first_dag.py
[2026-03-14T00:12:05.089+0000] {logging_mixin.py:154} INFO - [2026-03-14T00:12:05.089+0000] {dag.py:2941} INFO - Sync 1 DAGs
[2026-03-14T00:12:05.101+0000] {logging_mixin.py:154} INFO - [2026-03-14T00:12:05.101+0000] {dag.py:3722} INFO - Setting next_dagrun for my_first_pipeline to None, run_after=None
[2026-03-14T00:12:05.119+0000] {processor.py:179} INFO - Processing /opt/airflow/dags/my_first_dag.py took 0.070 seconds
[2026-03-14T00:12:35.280+0000] {processor.py:157} INFO - Started process (PID=480) to work on /opt/airflow/dags/my_first_dag.py
[2026-03-14T00:12:35.281+0000] {processor.py:829} INFO - Processing file /opt/airflow/dags/my_first_dag.py for tasks to queue
[2026-03-14T00:12:35.282+0000] {logging_mixin.py:154} INFO - [2026-03-14T00:12:35.281+0000] {dagbag.py:536} INFO - Filling up the DagBag from /opt/airflow/dags/my_first_dag.py
[2026-03-14T00:12:35.290+0000] {processor.py:839} INFO - DAG(s) dict_keys(['my_first_pipeline']) retrieved from /opt/airflow/dags/my_first_dag.py
[2026-03-14T00:12:35.313+0000] {logging_mixin.py:154} INFO - [2026-03-14T00:12:35.312+0000] {dag.py:2941} INFO - Sync 1 DAGs
[2026-03-14T00:12:35.324+0000] {logging_mixin.py:154} INFO - [2026-03-14T00:12:35.324+0000] {dag.py:3722} INFO - Setting next_dagrun for my_first_pipeline to None, run_after=None
[2026-03-14T00:12:35.340+0000] {processor.py:179} INFO - Processing /opt/airflow/dags/my_first_dag.py took 0.062 seconds
[2026-03-14T00:13:05.441+0000] {processor.py:157} INFO - Started process (PID=492) to work on /opt/airflow/dags/my_first_dag.py
[2026-03-14T00:13:05.442+0000] {processor.py:829} INFO - Processing file /opt/airflow/dags/my_first_dag.py for tasks to queue
[2026-03-14T00:13:05.443+0000] {logging_mixin.py:154} INFO - [2026-03-14T00:13:05.443+0000] {dagbag.py:536} INFO - Filling up the DagBag from /opt/airflow/dags/my_first_dag.py
[2026-03-14T00:13:05.452+0000] {processor.py:839} INFO - DAG(s) dict_keys(['my_first_pipeline']) retrieved from /opt/airflow/dags/my_first_dag.py
[2026-03-14T00:13:05.481+0000] {logging_mixin.py:154} INFO - [2026-03-14T00:13:05.481+0000] {dag.py:2941} INFO - Sync 1 DAGs
[2026-03-14T00:13:05.492+0000] {logging_mixin.py:154} INFO - [2026-03-14T00:13:05.492+0000] {dag.py:3722} INFO - Setting next_dagrun for my_first_pipeline to None, run_after=None
[2026-03-14T00:13:05.510+0000] {processor.py:179} INFO - Processing /opt/airflow/dags/my_first_dag.py took 0.072 seconds
[2026-03-14T00:13:35.629+0000] {processor.py:157} INFO - Started process (PID=504) to work on /opt/airflow/dags/my_first_dag.py
[2026-03-14T00:13:35.630+0000] {processor.py:829} INFO - Processing file /opt/airflow/dags/my_first_dag.py for tasks to queue
[2026-03-14T00:13:35.631+0000] {logging_mixin.py:154} INFO - [2026-03-14T00:13:35.631+0000] {dagbag.py:536} INFO - Filling up the DagBag from /opt/airflow/dags/my_first_dag.py
[2026-03-14T00:13:35.642+0000] {processor.py:839} INFO - DAG(s) dict_keys(['my_first_pipeline']) retrieved from /opt/airflow/dags/my_first_dag.py
[2026-03-14T00:13:35.670+0000] {logging_mixin.py:154} INFO - [2026-03-14T00:13:35.669+0000] {dag.py:2941} INFO - Sync 1 DAGs
[2026-03-14T00:13:35.682+0000] {logging_mixin.py:154} INFO - [2026-03-14T00:13:35.681+0000] {dag.py:3722} INFO - Setting next_dagrun for my_first_pipeline to None, run_after=None
[2026-03-14T00:13:35.703+0000] {processor.py:179} INFO - Processing /opt/airflow/dags/my_first_dag.py took 0.078 seconds
[2026-03-14T00:14:05.838+0000] {processor.py:157} INFO - Started process (PID=516) to work on /opt/airflow/dags/my_first_dag.py
[2026-03-14T00:14:05.839+0000] {processor.py:829} INFO - Processing file /opt/airflow/dags/my_first_dag.py for tasks to queue
[2026-03-14T00:14:05.839+0000] {logging_mixin.py:154} INFO - [2026-03-14T00:14:05.839+0000] {dagbag.py:536} INFO - Filling up the DagBag from /opt/airflow/dags/my_first_dag.py
[2026-03-14T00:14:05.848+0000] {processor.py:839} INFO - DAG(s) dict_keys(['my_first_pipeline']) retrieved from /opt/airflow/dags/my_first_dag.py
[2026-03-14T00:14:05.872+0000] {logging_mixin.py:154} INFO - [2026-03-14T00:14:05.872+0000] {dag.py:2941} INFO - Sync 1 DAGs
[2026-03-14T00:14:05.884+0000] {logging_mixin.py:154} INFO - [2026-03-14T00:14:05.884+0000] {dag.py:3722} INFO - Setting next_dagrun for my_first_pipeline to None, run_after=None
[2026-03-14T00:14:05.901+0000] {processor.py:179} INFO - Processing /opt/airflow/dags/my_first_dag.py took 0.066 seconds
[2026-03-14T00:14:36.058+0000] {processor.py:157} INFO - Started process (PID=528) to work on /opt/airflow/dags/my_first_dag.py
[2026-03-14T00:14:36.059+0000] {processor.py:829} INFO - Processing file /opt/airflow/dags/my_first_dag.py for tasks to queue
[2026-03-14T00:14:36.060+0000] {logging_mixin.py:154} INFO - [2026-03-14T00:14:36.060+0000] {dagbag.py:536} INFO - Filling up the DagBag from /opt/airflow/dags/my_first_dag.py
[2026-03-14T00:14:36.069+0000] {processor.py:839} INFO - DAG(s) dict_keys(['my_first_pipeline']) retrieved from /opt/airflow/dags/my_first_dag.py
[2026-03-14T00:14:36.096+0000] {logging_mixin.py:154} INFO - [2026-03-14T00:14:36.095+0000] {dag.py:2941} INFO - Sync 1 DAGs
[2026-03-14T00:14:36.107+0000] {logging_mixin.py:154} INFO - [2026-03-14T00:14:36.107+0000] {dag.py:3722} INFO - Setting next_dagrun for my_first_pipeline to None, run_after=None
[2026-03-14T00:14:36.125+0000] {processor.py:179} INFO - Processing /opt/airflow/dags/my_first_dag.py took 0.069 seconds
[2026-03-14T00:15:06.235+0000] {processor.py:157} INFO - Started process (PID=540) to work on /opt/airflow/dags/my_first_dag.py
[2026-03-14T00:15:06.237+0000] {processor.py:829} INFO - Processing file /opt/airflow/dags/my_first_dag.py for tasks to queue
[2026-03-14T00:15:06.237+0000] {logging_mixin.py:154} INFO - [2026-03-14T00:15:06.237+0000] {dagbag.py:536} INFO - Filling up the DagBag from /opt/airflow/dags/my_first_dag.py
[2026-03-14T00:15:06.245+0000] {processor.py:839} INFO - DAG(s) dict_keys(['my_first_pipeline']) retrieved from /opt/airflow/dags/my_first_dag.py
[2026-03-14T00:15:06.272+0000] {logging_mixin.py:154} INFO - [2026-03-14T00:15:06.272+0000] {dag.py:2941} INFO - Sync 1 DAGs
[2026-03-14T00:15:06.284+0000] {logging_mixin.py:154} INFO - [2026-03-14T00:15:06.284+0000] {dag.py:3722} INFO - Setting next_dagrun for my_first_pipeline to None, run_after=None
[2026-03-14T00:15:06.303+0000] {processor.py:179} INFO - Processing /opt/airflow/dags/my_first_dag.py took 0.070 seconds
[2026-03-14T00:15:36.481+0000] {processor.py:157} INFO - Started process (PID=552) to work on /opt/airflow/dags/my_first_dag.py
[2026-03-14T00:15:36.483+0000] {processor.py:829} INFO - Processing file /opt/airflow/dags/my_first_dag.py for tasks to queue
[2026-03-14T00:15:36.484+0000] {logging_mixin.py:154} INFO - [2026-03-14T00:15:36.483+0000] {dagbag.py:536} INFO - Filling up the DagBag from /opt/airflow/dags/my_first_dag.py
[2026-03-14T00:15:36.495+0000] {processor.py:839} INFO - DAG(s) dict_keys(['my_first_pipeline']) retrieved from /opt/airflow/dags/my_first_dag.py
[2026-03-14T00:15:36.520+0000] {logging_mixin.py:154} INFO - [2026-03-14T00:15:36.520+0000] {dag.py:2941} INFO - Sync 1 DAGs
[2026-03-14T00:15:36.530+0000] {logging_mixin.py:154} INFO - [2026-03-14T00:15:36.530+0000] {dag.py:3722} INFO - Setting next_dagrun for my_first_pipeline to None, run_after=None
[2026-03-14T00:15:36.547+0000] {processor.py:179} INFO - Processing /opt/airflow/dags/my_first_dag.py took 0.071 seconds
[2026-03-14T00:16:06.673+0000] {processor.py:157} INFO - Started process (PID=564) to work on /opt/airflow/dags/my_first_dag.py
[2026-03-14T00:16:06.674+0000] {processor.py:829} INFO - Processing file /opt/airflow/dags/my_first_dag.py for tasks to queue
[2026-03-14T00:16:06.675+0000] {logging_mixin.py:154} INFO - [2026-03-14T00:16:06.675+0000] {dagbag.py:536} INFO - Filling up the DagBag from /opt/airflow/dags/my_first_dag.py
[2026-03-14T00:16:06.687+0000] {processor.py:839} INFO - DAG(s) dict_keys(['my_first_pipeline']) retrieved from /opt/airflow/dags/my_first_dag.py
[2026-03-14T00:16:06.713+0000] {logging_mixin.py:154} INFO - [2026-03-14T00:16:06.712+0000] {dag.py:2941} INFO - Sync 1 DAGs
[2026-03-14T00:16:06.723+0000] {logging_mixin.py:154} INFO - [2026-03-14T00:16:06.723+0000] {dag.py:3722} INFO - Setting next_dagrun for my_first_pipeline to None, run_after=None
[2026-03-14T00:16:06.738+0000] {processor.py:179} INFO - Processing /opt/airflow/dags/my_first_dag.py took 0.070 seconds
[2026-03-14T00:16:36.874+0000] {processor.py:157} INFO - Started process (PID=576) to work on /opt/airflow/dags/my_first_dag.py
[2026-03-14T00:16:36.875+0000] {processor.py:829} INFO - Processing file /opt/airflow/dags/my_first_dag.py for tasks to queue
[2026-03-14T00:16:36.876+0000] {logging_mixin.py:154} INFO - [2026-03-14T00:16:36.876+0000] {dagbag.py:536} INFO - Filling up the DagBag from /opt/airflow/dags/my_first_dag.py
[2026-03-14T00:16:36.884+0000] {processor.py:839} INFO - DAG(s) dict_keys(['my_first_pipeline']) retrieved from /opt/airflow/dags/my_first_dag.py
[2026-03-14T00:16:36.908+0000] {logging_mixin.py:154} INFO - [2026-03-14T00:16:36.908+0000] {dag.py:2941} INFO - Sync 1 DAGs
[2026-03-14T00:16:36.918+0000] {logging_mixin.py:154} INFO - [2026-03-14T00:16:36.918+0000] {dag.py:3722} INFO - Setting next_dagrun for my_first_pipeline to None, run_after=None
[2026-03-14T00:16:36.935+0000] {processor.py:179} INFO - Processing /opt/airflow/dags/my_first_dag.py took 0.064 seconds
[2026-03-14T00:17:07.117+0000] {processor.py:157} INFO - Started process (PID=588) to work on /opt/airflow/dags/my_first_dag.py
[2026-03-14T00:17:07.118+0000] {processor.py:829} INFO - Processing file /opt/airflow/dags/my_first_dag.py for tasks to queue
[2026-03-14T00:17:07.119+0000] {logging_mixin.py:154} INFO - [2026-03-14T00:17:07.119+0000] {dagbag.py:536} INFO - Filling up the DagBag from /opt/airflow/dags/my_first_dag.py
[2026-03-14T00:17:07.131+0000] {processor.py:839} INFO - DAG(s) dict_keys(['my_first_pipeline']) retrieved from /opt/airflow/dags/my_first_dag.py
[2026-03-14T00:17:07.157+0000] {logging_mixin.py:154} INFO - [2026-03-14T00:17:07.157+0000] {dag.py:2941} INFO - Sync 1 DAGs
[2026-03-14T00:17:07.169+0000] {logging_mixin.py:154} INFO - [2026-03-14T00:17:07.169+0000] {dag.py:3722} INFO - Setting next_dagrun for my_first_pipeline to None, run_after=None
[2026-03-14T00:17:07.187+0000] {processor.py:179} INFO - Processing /opt/airflow/dags/my_first_dag.py took 0.075 seconds
[2026-03-14T00:17:37.294+0000] {processor.py:157} INFO - Started process (PID=599) to work on /opt/airflow/dags/my_first_dag.py
[2026-03-14T00:17:37.295+0000] {processor.py:829} INFO - Processing file /opt/airflow/dags/my_first_dag.py for tasks to queue
[2026-03-14T00:17:37.296+0000] {logging_mixin.py:154} INFO - [2026-03-14T00:17:37.296+0000] {dagbag.py:536} INFO - Filling up the DagBag from /opt/airflow/dags/my_first_dag.py
[2026-03-14T00:17:37.306+0000] {processor.py:839} INFO - DAG(s) dict_keys(['my_first_pipeline']) retrieved from /opt/airflow/dags/my_first_dag.py
[2026-03-14T00:17:37.336+0000] {logging_mixin.py:154} INFO - [2026-03-14T00:17:37.336+0000] {dag.py:2941} INFO - Sync 1 DAGs
[2026-03-14T00:17:37.349+0000] {logging_mixin.py:154} INFO - [2026-03-14T00:17:37.349+0000] {dag.py:3722} INFO - Setting next_dagrun for my_first_pipeline to None, run_after=None
[2026-03-14T00:17:37.372+0000] {processor.py:179} INFO - Processing /opt/airflow/dags/my_first_dag.py took 0.082 seconds
[2026-03-14T00:18:07.452+0000] {processor.py:157} INFO - Started process (PID=611) to work on /opt/airflow/dags/my_first_dag.py
[2026-03-14T00:18:07.453+0000] {processor.py:829} INFO - Processing file /opt/airflow/dags/my_first_dag.py for tasks to queue
[2026-03-14T00:18:07.453+0000] {logging_mixin.py:154} INFO - [2026-03-14T00:18:07.453+0000] {dagbag.py:536} INFO - Filling up the DagBag from /opt/airflow/dags/my_first_dag.py
[2026-03-14T00:18:07.462+0000] {processor.py:839} INFO - DAG(s) dict_keys(['my_first_pipeline']) retrieved from /opt/airflow/dags/my_first_dag.py
[2026-03-14T00:18:07.488+0000] {logging_mixin.py:154} INFO - [2026-03-14T00:18:07.487+0000] {dag.py:2941} INFO - Sync 1 DAGs
[2026-03-14T00:18:07.500+0000] {logging_mixin.py:154} INFO - [2026-03-14T00:18:07.499+0000] {dag.py:3722} INFO - Setting next_dagrun for my_first_pipeline to None, run_after=None
[2026-03-14T00:18:07.524+0000] {processor.py:179} INFO - Processing /opt/airflow/dags/my_first_dag.py took 0.076 seconds
[2026-03-14T00:18:37.627+0000] {processor.py:157} INFO - Started process (PID=623) to work on /opt/airflow/dags/my_first_dag.py
[2026-03-14T00:18:37.628+0000] {processor.py:829} INFO - Processing file /opt/airflow/dags/my_first_dag.py for tasks to queue
[2026-03-14T00:18:37.629+0000] {logging_mixin.py:154} INFO - [2026-03-14T00:18:37.629+0000] {dagbag.py:536} INFO - Filling up the DagBag from /opt/airflow/dags/my_first_dag.py
[2026-03-14T00:18:37.638+0000] {processor.py:839} INFO - DAG(s) dict_keys(['my_first_pipeline']) retrieved from /opt/airflow/dags/my_first_dag.py
[2026-03-14T00:18:37.662+0000] {logging_mixin.py:154} INFO - [2026-03-14T00:18:37.662+0000] {dag.py:2941} INFO - Sync 1 DAGs
[2026-03-14T00:18:37.674+0000] {logging_mixin.py:154} INFO - [2026-03-14T00:18:37.674+0000] {dag.py:3722} INFO - Setting next_dagrun for my_first_pipeline to None, run_after=None
[2026-03-14T00:18:37.690+0000] {processor.py:179} INFO - Processing /opt/airflow/dags/my_first_dag.py took 0.065 seconds
[2026-03-14T00:19:07.817+0000] {processor.py:157} INFO - Started process (PID=635) to work on /opt/airflow/dags/my_first_dag.py
[2026-03-14T00:19:07.818+0000] {processor.py:829} INFO - Processing file /opt/airflow/dags/my_first_dag.py for tasks to queue
[2026-03-14T00:19:07.819+0000] {logging_mixin.py:154} INFO - [2026-03-14T00:19:07.819+0000] {dagbag.py:536} INFO - Filling up the DagBag from /opt/airflow/dags/my_first_dag.py
[2026-03-14T00:19:07.829+0000] {processor.py:839} INFO - DAG(s) dict_keys(['my_first_pipeline']) retrieved from /opt/airflow/dags/my_first_dag.py
[2026-03-14T00:19:07.852+0000] {logging_mixin.py:154} INFO - [2026-03-14T00:19:07.852+0000] {dag.py:2941} INFO - Sync 1 DAGs
[2026-03-14T00:19:07.863+0000] {logging_mixin.py:154} INFO - [2026-03-14T00:19:07.862+0000] {dag.py:3722} INFO - Setting next_dagrun for my_first_pipeline to None, run_after=None
[2026-03-14T00:19:07.879+0000] {processor.py:179} INFO - Processing /opt/airflow/dags/my_first_dag.py took 0.066 seconds
[2026-03-14T00:19:38.008+0000] {processor.py:157} INFO - Started process (PID=646) to work on /opt/airflow/dags/my_first_dag.py
[2026-03-14T00:19:38.009+0000] {processor.py:829} INFO - Processing file /opt/airflow/dags/my_first_dag.py for tasks to queue
[2026-03-14T00:19:38.010+0000] {logging_mixin.py:154} INFO - [2026-03-14T00:19:38.010+0000] {dagbag.py:536} INFO - Filling up the DagBag from /opt/airflow/dags/my_first_dag.py
[2026-03-14T00:19:38.018+0000] {processor.py:839} INFO - DAG(s) dict_keys(['my_first_pipeline']) retrieved from /opt/airflow/dags/my_first_dag.py
[2026-03-14T00:19:38.042+0000] {logging_mixin.py:154} INFO - [2026-03-14T00:19:38.042+0000] {dag.py:2941} INFO - Sync 1 DAGs
[2026-03-14T00:19:38.052+0000] {logging_mixin.py:154} INFO - [2026-03-14T00:19:38.052+0000] {dag.py:3722} INFO - Setting next_dagrun for my_first_pipeline to None, run_after=None
[2026-03-14T00:19:38.069+0000] {processor.py:179} INFO - Processing /opt/airflow/dags/my_first_dag.py took 0.064 seconds
[2026-03-14T00:20:08.181+0000] {processor.py:157} INFO - Started process (PID=658) to work on /opt/airflow/dags/my_first_dag.py
[2026-03-14T00:20:08.182+0000] {processor.py:829} INFO - Processing file /opt/airflow/dags/my_first_dag.py for tasks to queue
[2026-03-14T00:20:08.183+0000] {logging_mixin.py:154} INFO - [2026-03-14T00:20:08.183+0000] {dagbag.py:536} INFO - Filling up the DagBag from /opt/airflow/dags/my_first_dag.py
[2026-03-14T00:20:08.193+0000] {processor.py:839} INFO - DAG(s) dict_keys(['my_first_pipeline']) retrieved from /opt/airflow/dags/my_first_dag.py
[2026-03-14T00:20:08.216+0000] {logging_mixin.py:154} INFO - [2026-03-14T00:20:08.216+0000] {dag.py:2941} INFO - Sync 1 DAGs
[2026-03-14T00:20:08.226+0000] {logging_mixin.py:154} INFO - [2026-03-14T00:20:08.226+0000] {dag.py:3722} INFO - Setting next_dagrun for my_first_pipeline to None, run_after=None
[2026-03-14T00:20:08.242+0000] {processor.py:179} INFO - Processing /opt/airflow/dags/my_first_dag.py took 0.065 seconds
[2026-03-14T00:20:38.399+0000] {processor.py:157} INFO - Started process (PID=670) to work on /opt/airflow/dags/my_first_dag.py
[2026-03-14T00:20:38.400+0000] {processor.py:829} INFO - Processing file /opt/airflow/dags/my_first_dag.py for tasks to queue
[2026-03-14T00:20:38.401+0000] {logging_mixin.py:154} INFO - [2026-03-14T00:20:38.401+0000] {dagbag.py:536} INFO - Filling up the DagBag from /opt/airflow/dags/my_first_dag.py
[2026-03-14T00:20:38.413+0000] {processor.py:839} INFO - DAG(s) dict_keys(['my_first_pipeline']) retrieved from /opt/airflow/dags/my_first_dag.py
[2026-03-14T00:20:38.437+0000] {logging_mixin.py:154} INFO - [2026-03-14T00:20:38.437+0000] {dag.py:2941} INFO - Sync 1 DAGs
[2026-03-14T00:20:38.447+0000] {logging_mixin.py:154} INFO - [2026-03-14T00:20:38.447+0000] {dag.py:3722} INFO - Setting next_dagrun for my_first_pipeline to None, run_after=None
[2026-03-14T00:20:38.462+0000] {processor.py:179} INFO - Processing /opt/airflow/dags/my_first_dag.py took 0.068 seconds
[2026-03-14T00:21:08.593+0000] {processor.py:157} INFO - Started process (PID=682) to work on /opt/airflow/dags/my_first_dag.py
[2026-03-14T00:21:08.594+0000] {processor.py:829} INFO - Processing file /opt/airflow/dags/my_first_dag.py for tasks to queue
[2026-03-14T00:21:08.595+0000] {logging_mixin.py:154} INFO - [2026-03-14T00:21:08.595+0000] {dagbag.py:536} INFO - Filling up the DagBag from /opt/airflow/dags/my_first_dag.py
[2026-03-14T00:21:08.603+0000] {processor.py:839} INFO - DAG(s) dict_keys(['my_first_pipeline']) retrieved from /opt/airflow/dags/my_first_dag.py
[2026-03-14T00:21:08.627+0000] {logging_mixin.py:154} INFO - [2026-03-14T00:21:08.627+0000] {dag.py:2941} INFO - Sync 1 DAGs
[2026-03-14T00:21:08.637+0000] {logging_mixin.py:154} INFO - [2026-03-14T00:21:08.636+0000] {dag.py:3722} INFO - Setting next_dagrun for my_first_pipeline to None, run_after=None
[2026-03-14T00:21:08.653+0000] {processor.py:179} INFO - Processing /opt/airflow/dags/my_first_dag.py took 0.063 seconds
[2026-03-14T00:21:38.771+0000] {processor.py:157} INFO - Started process (PID=694) to work on /opt/airflow/dags/my_first_dag.py
[2026-03-14T00:21:38.772+0000] {processor.py:829} INFO - Processing file /opt/airflow/dags/my_first_dag.py for tasks to queue
[2026-03-14T00:21:38.773+0000] {logging_mixin.py:154} INFO - [2026-03-14T00:21:38.773+0000] {dagbag.py:536} INFO - Filling up the DagBag from /opt/airflow/dags/my_first_dag.py
[2026-03-14T00:21:38.782+0000] {processor.py:839} INFO - DAG(s) dict_keys(['my_first_pipeline']) retrieved from /opt/airflow/dags/my_first_dag.py
[2026-03-14T00:21:38.809+0000] {logging_mixin.py:154} INFO - [2026-03-14T00:21:38.809+0000] {dag.py:2941} INFO - Sync 1 DAGs
[2026-03-14T00:21:38.821+0000] {logging_mixin.py:154} INFO - [2026-03-14T00:21:38.821+0000] {dag.py:3722} INFO - Setting next_dagrun for my_first_pipeline to None, run_after=None
[2026-03-14T00:21:38.842+0000] {processor.py:179} INFO - Processing /opt/airflow/dags/my_first_dag.py took 0.074 seconds
[2026-03-14T00:22:08.961+0000] {processor.py:157} INFO - Started process (PID=706) to work on /opt/airflow/dags/my_first_dag.py
[2026-03-14T00:22:08.962+0000] {processor.py:829} INFO - Processing file /opt/airflow/dags/my_first_dag.py for tasks to queue
[2026-03-14T00:22:08.962+0000] {logging_mixin.py:154} INFO - [2026-03-14T00:22:08.962+0000] {dagbag.py:536} INFO - Filling up the DagBag from /opt/airflow/dags/my_first_dag.py
[2026-03-14T00:22:08.970+0000] {processor.py:839} INFO - DAG(s) dict_keys(['my_first_pipeline']) retrieved from /opt/airflow/dags/my_first_dag.py
[2026-03-14T00:22:08.994+0000] {logging_mixin.py:154} INFO - [2026-03-14T00:22:08.994+0000] {dag.py:2941} INFO - Sync 1 DAGs
[2026-03-14T00:22:09.004+0000] {logging_mixin.py:154} INFO - [2026-03-14T00:22:09.004+0000] {dag.py:3722} INFO - Setting next_dagrun for my_first_pipeline to None, run_after=None
[2026-03-14T00:22:09.020+0000] {processor.py:179} INFO - Processing /opt/airflow/dags/my_first_dag.py took 0.063 seconds
[2026-03-14T00:22:39.163+0000] {processor.py:157} INFO - Started process (PID=717) to work on /opt/airflow/dags/my_first_dag.py
[2026-03-14T00:22:39.163+0000] {processor.py:829} INFO - Processing file /opt/airflow/dags/my_first_dag.py for tasks to queue
[2026-03-14T00:22:39.164+0000] {logging_mixin.py:154} INFO - [2026-03-14T00:22:39.164+0000] {dagbag.py:536} INFO - Filling up the DagBag from /opt/airflow/dags/my_first_dag.py
[2026-03-14T00:22:39.172+0000] {processor.py:839} INFO - DAG(s) dict_keys(['my_first_pipeline']) retrieved from /opt/airflow/dags/my_first_dag.py
[2026-03-14T00:22:39.196+0000] {logging_mixin.py:154} INFO - [2026-03-14T00:22:39.195+0000] {dag.py:2941} INFO - Sync 1 DAGs
[2026-03-14T00:22:39.207+0000] {logging_mixin.py:154} INFO - [2026-03-14T00:22:39.207+0000] {dag.py:3722} INFO - Setting next_dagrun for my_first_pipeline to None, run_after=None
[2026-03-14T00:22:39.225+0000] {processor.py:179} INFO - Processing /opt/airflow/dags/my_first_dag.py took 0.065 seconds
[2026-03-14T00:23:09.326+0000] {processor.py:157} INFO - Started process (PID=729) to work on /opt/airflow/dags/my_first_dag.py
[2026-03-14T00:23:09.327+0000] {processor.py:829} INFO - Processing file /opt/airflow/dags/my_first_dag.py for tasks to queue
[2026-03-14T00:23:09.327+0000] {logging_mixin.py:154} INFO - [2026-03-14T00:23:09.327+0000] {dagbag.py:536} INFO - Filling up the DagBag from /opt/airflow/dags/my_first_dag.py
[2026-03-14T00:23:09.335+0000] {processor.py:839} INFO - DAG(s) dict_keys(['my_first_pipeline']) retrieved from /opt/airflow/dags/my_first_dag.py
[2026-03-14T00:23:09.359+0000] {logging_mixin.py:154} INFO - [2026-03-14T00:23:09.359+0000] {dag.py:2941} INFO - Sync 1 DAGs
[2026-03-14T00:23:09.370+0000] {logging_mixin.py:154} INFO - [2026-03-14T00:23:09.370+0000] {dag.py:3722} INFO - Setting next_dagrun for my_first_pipeline to None, run_after=None
[2026-03-14T00:23:09.394+0000] {processor.py:179} INFO - Processing /opt/airflow/dags/my_first_dag.py took 0.072 seconds
[2026-03-14T00:23:39.502+0000] {processor.py:157} INFO - Started process (PID=741) to work on /opt/airflow/dags/my_first_dag.py
[2026-03-14T00:23:39.503+0000] {processor.py:829} INFO - Processing file /opt/airflow/dags/my_first_dag.py for tasks to queue
[2026-03-14T00:23:39.504+0000] {logging_mixin.py:154} INFO - [2026-03-14T00:23:39.504+0000] {dagbag.py:536} INFO - Filling up the DagBag from /opt/airflow/dags/my_first_dag.py
[2026-03-14T00:23:39.513+0000] {processor.py:839} INFO - DAG(s) dict_keys(['my_first_pipeline']) retrieved from /opt/airflow/dags/my_first_dag.py
[2026-03-14T00:23:39.539+0000] {logging_mixin.py:154} INFO - [2026-03-14T00:23:39.539+0000] {dag.py:2941} INFO - Sync 1 DAGs
[2026-03-14T00:23:39.551+0000] {logging_mixin.py:154} INFO - [2026-03-14T00:23:39.551+0000] {dag.py:3722} INFO - Setting next_dagrun for my_first_pipeline to None, run_after=None
[2026-03-14T00:23:39.569+0000] {processor.py:179} INFO - Processing /opt/airflow/dags/my_first_dag.py took 0.070 seconds
[2026-03-14T00:24:09.684+0000] {processor.py:157} INFO - Started process (PID=753) to work on /opt/airflow/dags/my_first_dag.py
[2026-03-14T00:24:09.685+0000] {processor.py:829} INFO - Processing file /opt/airflow/dags/my_first_dag.py for tasks to queue
[2026-03-14T00:24:09.685+0000] {logging_mixin.py:154} INFO - [2026-03-14T00:24:09.685+0000] {dagbag.py:536} INFO - Filling up the DagBag from /opt/airflow/dags/my_first_dag.py
[2026-03-14T00:24:09.695+0000] {processor.py:839} INFO - DAG(s) dict_keys(['my_first_pipeline']) retrieved from /opt/airflow/dags/my_first_dag.py
[2026-03-14T00:24:09.718+0000] {logging_mixin.py:154} INFO - [2026-03-14T00:24:09.718+0000] {dag.py:2941} INFO - Sync 1 DAGs
[2026-03-14T00:24:09.729+0000] {logging_mixin.py:154} INFO - [2026-03-14T00:24:09.729+0000] {dag.py:3722} INFO - Setting next_dagrun for my_first_pipeline to None, run_after=None
[2026-03-14T00:24:09.744+0000] {processor.py:179} INFO - Processing /opt/airflow/dags/my_first_dag.py took 0.063 seconds
[2026-03-14T00:24:39.899+0000] {processor.py:157} INFO - Started process (PID=766) to work on /opt/airflow/dags/my_first_dag.py
[2026-03-14T00:24:39.900+0000] {processor.py:829} INFO - Processing file /opt/airflow/dags/my_first_dag.py for tasks to queue
[2026-03-14T00:24:39.900+0000] {logging_mixin.py:154} INFO - [2026-03-14T00:24:39.900+0000] {dagbag.py:536} INFO - Filling up the DagBag from /opt/airflow/dags/my_first_dag.py
[2026-03-14T00:24:39.911+0000] {processor.py:839} INFO - DAG(s) dict_keys(['my_first_pipeline']) retrieved from /opt/airflow/dags/my_first_dag.py
[2026-03-14T00:24:39.939+0000] {logging_mixin.py:154} INFO - [2026-03-14T00:24:39.938+0000] {dag.py:2941} INFO - Sync 1 DAGs
[2026-03-14T00:24:39.950+0000] {logging_mixin.py:154} INFO - [2026-03-14T00:24:39.950+0000] {dag.py:3722} INFO - Setting next_dagrun for my_first_pipeline to None, run_after=None
[2026-03-14T00:24:39.967+0000] {processor.py:179} INFO - Processing /opt/airflow/dags/my_first_dag.py took 0.072 seconds
[2026-03-14T00:25:10.093+0000] {processor.py:157} INFO - Started process (PID=777) to work on /opt/airflow/dags/my_first_dag.py
[2026-03-14T00:25:10.093+0000] {processor.py:829} INFO - Processing file /opt/airflow/dags/my_first_dag.py for tasks to queue
[2026-03-14T00:25:10.094+0000] {logging_mixin.py:154} INFO - [2026-03-14T00:25:10.094+0000] {dagbag.py:536} INFO - Filling up the DagBag from /opt/airflow/dags/my_first_dag.py
[2026-03-14T00:25:10.104+0000] {processor.py:839} INFO - DAG(s) dict_keys(['my_first_pipeline']) retrieved from /opt/airflow/dags/my_first_dag.py
[2026-03-14T00:25:10.132+0000] {logging_mixin.py:154} INFO - [2026-03-14T00:25:10.132+0000] {dag.py:2941} INFO - Sync 1 DAGs
[2026-03-14T00:25:10.143+0000] {logging_mixin.py:154} INFO - [2026-03-14T00:25:10.143+0000] {dag.py:3722} INFO - Setting next_dagrun for my_first_pipeline to None, run_after=None
[2026-03-14T00:25:10.159+0000] {processor.py:179} INFO - Processing /opt/airflow/dags/my_first_dag.py took 0.069 seconds
[2026-03-14T00:25:40.267+0000] {processor.py:157} INFO - Started process (PID=789) to work on /opt/airflow/dags/my_first_dag.py
[2026-03-14T00:25:40.268+0000] {processor.py:829} INFO - Processing file /opt/airflow/dags/my_first_dag.py for tasks to queue
[2026-03-14T00:25:40.269+0000] {logging_mixin.py:154} INFO - [2026-03-14T00:25:40.268+0000] {dagbag.py:536} INFO - Filling up the DagBag from /opt/airflow/dags/my_first_dag.py
[2026-03-14T00:25:40.281+0000] {processor.py:839} INFO - DAG(s) dict_keys(['my_first_pipeline']) retrieved from /opt/airflow/dags/my_first_dag.py
[2026-03-14T00:25:40.310+0000] {logging_mixin.py:154} INFO - [2026-03-14T00:25:40.310+0000] {dag.py:2941} INFO - Sync 1 DAGs
[2026-03-14T00:25:40.325+0000] {logging_mixin.py:154} INFO - [2026-03-14T00:25:40.324+0000] {dag.py:3722} INFO - Setting next_dagrun for my_first_pipeline to None, run_after=None
[2026-03-14T00:25:40.343+0000] {processor.py:179} INFO - Processing /opt/airflow/dags/my_first_dag.py took 0.080 seconds
[2026-03-14T00:26:10.429+0000] {processor.py:157} INFO - Started process (PID=800) to work on /opt/airflow/dags/my_first_dag.py
[2026-03-14T00:26:10.430+0000] {processor.py:829} INFO - Processing file /opt/airflow/dags/my_first_dag.py for tasks to queue
[2026-03-14T00:26:10.431+0000] {logging_mixin.py:154} INFO - [2026-03-14T00:26:10.431+0000] {dagbag.py:536} INFO - Filling up the DagBag from /opt/airflow/dags/my_first_dag.py
[2026-03-14T00:26:10.439+0000] {processor.py:839} INFO - DAG(s) dict_keys(['my_first_pipeline']) retrieved from /opt/airflow/dags/my_first_dag.py
[2026-03-14T00:26:10.467+0000] {logging_mixin.py:154} INFO - [2026-03-14T00:26:10.467+0000] {dag.py:2941} INFO - Sync 1 DAGs
[2026-03-14T00:26:10.480+0000] {logging_mixin.py:154} INFO - [2026-03-14T00:26:10.479+0000] {dag.py:3722} INFO - Setting next_dagrun for my_first_pipeline to None, run_after=None
[2026-03-14T00:26:10.496+0000] {processor.py:179} INFO - Processing /opt/airflow/dags/my_first_dag.py took 0.070 seconds
[2026-03-14T00:26:40.654+0000] {processor.py:157} INFO - Started process (PID=812) to work on /opt/airflow/dags/my_first_dag.py
[2026-03-14T00:26:40.656+0000] {processor.py:829} INFO - Processing file /opt/airflow/dags/my_first_dag.py for tasks to queue
[2026-03-14T00:26:40.657+0000] {logging_mixin.py:154} INFO - [2026-03-14T00:26:40.656+0000] {dagbag.py:536} INFO - Filling up the DagBag from /opt/airflow/dags/my_first_dag.py
[2026-03-14T00:26:40.667+0000] {processor.py:839} INFO - DAG(s) dict_keys(['my_first_pipeline']) retrieved from /opt/airflow/dags/my_first_dag.py
[2026-03-14T00:26:40.692+0000] {logging_mixin.py:154} INFO - [2026-03-14T00:26:40.692+0000] {dag.py:2941} INFO - Sync 1 DAGs
[2026-03-14T00:26:40.704+0000] {logging_mixin.py:154} INFO - [2026-03-14T00:26:40.703+0000] {dag.py:3722} INFO - Setting next_dagrun for my_first_pipeline to None, run_after=None
[2026-03-14T00:26:40.720+0000] {processor.py:179} INFO - Processing /opt/airflow/dags/my_first_dag.py took 0.070 seconds
[2026-03-14T00:27:10.844+0000] {processor.py:157} INFO - Started process (PID=824) to work on /opt/airflow/dags/my_first_dag.py
[2026-03-14T00:27:10.846+0000] {processor.py:829} INFO - Processing file /opt/airflow/dags/my_first_dag.py for tasks to queue
[2026-03-14T00:27:10.847+0000] {logging_mixin.py:154} INFO - [2026-03-14T00:27:10.847+0000] {dagbag.py:536} INFO - Filling up the DagBag from /opt/airflow/dags/my_first_dag.py
[2026-03-14T00:27:10.859+0000] {processor.py:839} INFO - DAG(s) dict_keys(['my_first_pipeline']) retrieved from /opt/airflow/dags/my_first_dag.py
[2026-03-14T00:27:10.887+0000] {logging_mixin.py:154} INFO - [2026-03-14T00:27:10.887+0000] {dag.py:2941} INFO - Sync 1 DAGs
[2026-03-14T00:27:10.898+0000] {logging_mixin.py:154} INFO - [2026-03-14T00:27:10.898+0000] {dag.py:3722} INFO - Setting next_dagrun for my_first_pipeline to None, run_after=None
[2026-03-14T00:27:10.914+0000] {processor.py:179} INFO - Processing /opt/airflow/dags/my_first_dag.py took 0.075 seconds
[2026-03-14T00:27:41.052+0000] {processor.py:157} INFO - Started process (PID=836) to work on /opt/airflow/dags/my_first_dag.py
[2026-03-14T00:27:41.053+0000] {processor.py:829} INFO - Processing file /opt/airflow/dags/my_first_dag.py for tasks to queue
[2026-03-14T00:27:41.053+0000] {logging_mixin.py:154} INFO - [2026-03-14T00:27:41.053+0000] {dagbag.py:536} INFO - Filling up the DagBag from /opt/airflow/dags/my_first_dag.py
[2026-03-14T00:27:41.061+0000] {processor.py:839} INFO - DAG(s) dict_keys(['my_first_pipeline']) retrieved from /opt/airflow/dags/my_first_dag.py
[2026-03-14T00:27:41.087+0000] {logging_mixin.py:154} INFO - [2026-03-14T00:27:41.086+0000] {dag.py:2941} INFO - Sync 1 DAGs
[2026-03-14T00:27:41.098+0000] {logging_mixin.py:154} INFO - [2026-03-14T00:27:41.098+0000] {dag.py:3722} INFO - Setting next_dagrun for my_first_pipeline to None, run_after=None
[2026-03-14T00:27:41.114+0000] {processor.py:179} INFO - Processing /opt/airflow/dags/my_first_dag.py took 0.065 seconds
[2026-03-14T00:28:11.239+0000] {processor.py:157} INFO - Started process (PID=848) to work on /opt/airflow/dags/my_first_dag.py
[2026-03-14T00:28:11.240+0000] {processor.py:829} INFO - Processing file /opt/airflow/dags/my_first_dag.py for tasks to queue
[2026-03-14T00:28:11.241+0000] {logging_mixin.py:154} INFO - [2026-03-14T00:28:11.241+0000] {dagbag.py:536} INFO - Filling up the DagBag from /opt/airflow/dags/my_first_dag.py
[2026-03-14T00:28:11.249+0000] {processor.py:839} INFO - DAG(s) dict_keys(['my_first_pipeline']) retrieved from /opt/airflow/dags/my_first_dag.py
[2026-03-14T00:28:11.274+0000] {logging_mixin.py:154} INFO - [2026-03-14T00:28:11.274+0000] {dag.py:2941} INFO - Sync 1 DAGs
[2026-03-14T00:28:11.286+0000] {logging_mixin.py:154} INFO - [2026-03-14T00:28:11.286+0000] {dag.py:3722} INFO - Setting next_dagrun for my_first_pipeline to None, run_after=None
[2026-03-14T00:28:11.303+0000] {processor.py:179} INFO - Processing /opt/airflow/dags/my_first_dag.py took 0.067 seconds
[2026-03-14T00:28:41.427+0000] {processor.py:157} INFO - Started process (PID=860) to work on /opt/airflow/dags/my_first_dag.py
[2026-03-14T00:28:41.428+0000] {processor.py:829} INFO - Processing file /opt/airflow/dags/my_first_dag.py for tasks to queue
[2026-03-14T00:28:41.429+0000] {logging_mixin.py:154} INFO - [2026-03-14T00:28:41.429+0000] {dagbag.py:536} INFO - Filling up the DagBag from /opt/airflow/dags/my_first_dag.py
[2026-03-14T00:28:41.437+0000] {processor.py:839} INFO - DAG(s) dict_keys(['my_first_pipeline']) retrieved from /opt/airflow/dags/my_first_dag.py
[2026-03-14T00:28:41.461+0000] {logging_mixin.py:154} INFO - [2026-03-14T00:28:41.461+0000] {dag.py:2941} INFO - Sync 1 DAGs
[2026-03-14T00:28:41.474+0000] {logging_mixin.py:154} INFO - [2026-03-14T00:28:41.473+0000] {dag.py:3722} INFO - Setting next_dagrun for my_first_pipeline to None, run_after=None
[2026-03-14T00:28:41.490+0000] {processor.py:179} INFO - Processing /opt/airflow/dags/my_first_dag.py took 0.066 seconds
[2026-03-14T00:29:11.608+0000] {processor.py:157} INFO - Started process (PID=872) to work on /opt/airflow/dags/my_first_dag.py
[2026-03-14T00:29:11.609+0000] {processor.py:829} INFO - Processing file /opt/airflow/dags/my_first_dag.py for tasks to queue
[2026-03-14T00:29:11.609+0000] {logging_mixin.py:154} INFO - [2026-03-14T00:29:11.609+0000] {dagbag.py:536} INFO - Filling up the DagBag from /opt/airflow/dags/my_first_dag.py
[2026-03-14T00:29:11.617+0000] {processor.py:839} INFO - DAG(s) dict_keys(['my_first_pipeline']) retrieved from /opt/airflow/dags/my_first_dag.py
[2026-03-14T00:29:11.642+0000] {logging_mixin.py:154} INFO - [2026-03-14T00:29:11.642+0000] {dag.py:2941} INFO - Sync 1 DAGs
[2026-03-14T00:29:11.654+0000] {logging_mixin.py:154} INFO - [2026-03-14T00:29:11.654+0000] {dag.py:3722} INFO - Setting next_dagrun for my_first_pipeline to None, run_after=None
[2026-03-14T00:29:11.672+0000] {processor.py:179} INFO - Processing /opt/airflow/dags/my_first_dag.py took 0.067 seconds
[2026-03-14T00:29:41.804+0000] {processor.py:157} INFO - Started process (PID=884) to work on /opt/airflow/dags/my_first_dag.py
[2026-03-14T00:29:41.805+0000] {processor.py:829} INFO - Processing file /opt/airflow/dags/my_first_dag.py for tasks to queue
[2026-03-14T00:29:41.806+0000] {logging_mixin.py:154} INFO - [2026-03-14T00:29:41.806+0000] {dagbag.py:536} INFO - Filling up the DagBag from /opt/airflow/dags/my_first_dag.py
[2026-03-14T00:29:41.815+0000] {processor.py:839} INFO - DAG(s) dict_keys(['my_first_pipeline']) retrieved from /opt/airflow/dags/my_first_dag.py
[2026-03-14T00:29:41.841+0000] {logging_mixin.py:154} INFO - [2026-03-14T00:29:41.841+0000] {dag.py:2941} INFO - Sync 1 DAGs
[2026-03-14T00:29:41.854+0000] {logging_mixin.py:154} INFO - [2026-03-14T00:29:41.854+0000] {dag.py:3722} INFO - Setting next_dagrun for my_first_pipeline to None, run_after=None
[2026-03-14T00:29:41.876+0000] {processor.py:179} INFO - Processing /opt/airflow/dags/my_first_dag.py took 0.075 seconds
[2026-03-14T00:30:11.970+0000] {processor.py:157} INFO - Started process (PID=896) to work on /opt/airflow/dags/my_first_dag.py
[2026-03-14T00:30:11.971+0000] {processor.py:829} INFO - Processing file /opt/airflow/dags/my_first_dag.py for tasks to queue
[2026-03-14T00:30:11.972+0000] {logging_mixin.py:154} INFO - [2026-03-14T00:30:11.972+0000] {dagbag.py:536} INFO - Filling up the DagBag from /opt/airflow/dags/my_first_dag.py
[2026-03-14T00:30:11.980+0000] {processor.py:839} INFO - DAG(s) dict_keys(['my_first_pipeline']) retrieved from /opt/airflow/dags/my_first_dag.py
[2026-03-14T00:30:12.005+0000] {logging_mixin.py:154} INFO - [2026-03-14T00:30:12.005+0000] {dag.py:2941} INFO - Sync 1 DAGs
[2026-03-14T00:30:12.016+0000] {logging_mixin.py:154} INFO - [2026-03-14T00:30:12.016+0000] {dag.py:3722} INFO - Setting next_dagrun for my_first_pipeline to None, run_after=None
[2026-03-14T00:30:12.034+0000] {processor.py:179} INFO - Processing /opt/airflow/dags/my_first_dag.py took 0.067 seconds
[2026-03-14T00:30:42.199+0000] {processor.py:157} INFO - Started process (PID=908) to work on /opt/airflow/dags/my_first_dag.py
[2026-03-14T00:30:42.200+0000] {processor.py:829} INFO - Processing file /opt/airflow/dags/my_first_dag.py for tasks to queue
[2026-03-14T00:30:42.201+0000] {logging_mixin.py:154} INFO - [2026-03-14T00:30:42.201+0000] {dagbag.py:536} INFO - Filling up the DagBag from /opt/airflow/dags/my_first_dag.py
[2026-03-14T00:30:42.211+0000] {processor.py:839} INFO - DAG(s) dict_keys(['my_first_pipeline']) retrieved from /opt/airflow/dags/my_first_dag.py
[2026-03-14T00:30:42.234+0000] {logging_mixin.py:154} INFO - [2026-03-14T00:30:42.233+0000] {dag.py:2941} INFO - Sync 1 DAGs
[2026-03-14T00:30:42.244+0000] {logging_mixin.py:154} INFO - [2026-03-14T00:30:42.244+0000] {dag.py:3722} INFO - Setting next_dagrun for my_first_pipeline to None, run_after=None
[2026-03-14T00:30:42.261+0000] {processor.py:179} INFO - Processing /opt/airflow/dags/my_first_dag.py took 0.066 seconds
[2026-03-14T00:31:12.358+0000] {processor.py:157} INFO - Started process (PID=920) to work on /opt/airflow/dags/my_first_dag.py
[2026-03-14T00:31:12.359+0000] {processor.py:829} INFO - Processing file /opt/airflow/dags/my_first_dag.py for tasks to queue
[2026-03-14T00:31:12.360+0000] {logging_mixin.py:154} INFO - [2026-03-14T00:31:12.360+0000] {dagbag.py:536} INFO - Filling up the DagBag from /opt/airflow/dags/my_first_dag.py
[2026-03-14T00:31:12.371+0000] {processor.py:839} INFO - DAG(s) dict_keys(['my_first_pipeline']) retrieved from /opt/airflow/dags/my_first_dag.py
[2026-03-14T00:31:12.396+0000] {logging_mixin.py:154} INFO - [2026-03-14T00:31:12.396+0000] {dag.py:2941} INFO - Sync 1 DAGs
[2026-03-14T00:31:12.407+0000] {logging_mixin.py:154} INFO - [2026-03-14T00:31:12.407+0000] {dag.py:3722} INFO - Setting next_dagrun for my_first_pipeline to None, run_after=None
[2026-03-14T00:31:12.424+0000] {processor.py:179} INFO - Processing /opt/airflow/dags/my_first_dag.py took 0.069 seconds
[2026-03-14T00:31:42.573+0000] {processor.py:157} INFO - Started process (PID=932) to work on /opt/airflow/dags/my_first_dag.py
[2026-03-14T00:31:42.574+0000] {processor.py:829} INFO - Processing file /opt/airflow/dags/my_first_dag.py for tasks to queue
[2026-03-14T00:31:42.575+0000] {logging_mixin.py:154} INFO - [2026-03-14T00:31:42.575+0000] {dagbag.py:536} INFO - Filling up the DagBag from /opt/airflow/dags/my_first_dag.py
[2026-03-14T00:31:42.584+0000] {processor.py:839} INFO - DAG(s) dict_keys(['my_first_pipeline']) retrieved from /opt/airflow/dags/my_first_dag.py
[2026-03-14T00:31:42.608+0000] {logging_mixin.py:154} INFO - [2026-03-14T00:31:42.607+0000] {dag.py:2941} INFO - Sync 1 DAGs
[2026-03-14T00:31:42.618+0000] {logging_mixin.py:154} INFO - [2026-03-14T00:31:42.618+0000] {dag.py:3722} INFO - Setting next_dagrun for my_first_pipeline to None, run_after=None
[2026-03-14T00:31:42.633+0000] {processor.py:179} INFO - Processing /opt/airflow/dags/my_first_dag.py took 0.062 seconds
[2026-03-14T00:32:12.765+0000] {processor.py:157} INFO - Started process (PID=944) to work on /opt/airflow/dags/my_first_dag.py
[2026-03-14T00:32:12.767+0000] {processor.py:829} INFO - Processing file /opt/airflow/dags/my_first_dag.py for tasks to queue
[2026-03-14T00:32:12.768+0000] {logging_mixin.py:154} INFO - [2026-03-14T00:32:12.768+0000] {dagbag.py:536} INFO - Filling up the DagBag from /opt/airflow/dags/my_first_dag.py
[2026-03-14T00:32:12.783+0000] {processor.py:839} INFO - DAG(s) dict_keys(['my_first_pipeline']) retrieved from /opt/airflow/dags/my_first_dag.py
[2026-03-14T00:32:12.810+0000] {logging_mixin.py:154} INFO - [2026-03-14T00:32:12.810+0000] {dag.py:2941} INFO - Sync 1 DAGs
[2026-03-14T00:32:12.821+0000] {logging_mixin.py:154} INFO - [2026-03-14T00:32:12.821+0000] {dag.py:3722} INFO - Setting next_dagrun for my_first_pipeline to None, run_after=None
[2026-03-14T00:32:12.836+0000] {processor.py:179} INFO - Processing /opt/airflow/dags/my_first_dag.py took 0.077 seconds
[2026-03-14T00:32:42.971+0000] {processor.py:157} INFO - Started process (PID=956) to work on /opt/airflow/dags/my_first_dag.py
[2026-03-14T00:32:42.972+0000] {processor.py:829} INFO - Processing file /opt/airflow/dags/my_first_dag.py for tasks to queue
[2026-03-14T00:32:42.972+0000] {logging_mixin.py:154} INFO - [2026-03-14T00:32:42.972+0000] {dagbag.py:536} INFO - Filling up the DagBag from /opt/airflow/dags/my_first_dag.py
[2026-03-14T00:32:42.981+0000] {processor.py:839} INFO - DAG(s) dict_keys(['my_first_pipeline']) retrieved from /opt/airflow/dags/my_first_dag.py
[2026-03-14T00:32:43.005+0000] {logging_mixin.py:154} INFO - [2026-03-14T00:32:43.005+0000] {dag.py:2941} INFO - Sync 1 DAGs
[2026-03-14T00:32:43.015+0000] {logging_mixin.py:154} INFO - [2026-03-14T00:32:43.015+0000] {dag.py:3722} INFO - Setting next_dagrun for my_first_pipeline to None, run_after=None
[2026-03-14T00:32:43.032+0000] {processor.py:179} INFO - Processing /opt/airflow/dags/my_first_dag.py took 0.064 seconds
[2026-03-14T00:33:13.178+0000] {processor.py:157} INFO - Started process (PID=968) to work on /opt/airflow/dags/my_first_dag.py
[2026-03-14T00:33:13.179+0000] {processor.py:829} INFO - Processing file /opt/airflow/dags/my_first_dag.py for tasks to queue
[2026-03-14T00:33:13.179+0000] {logging_mixin.py:154} INFO - [2026-03-14T00:33:13.179+0000] {dagbag.py:536} INFO - Filling up the DagBag from /opt/airflow/dags/my_first_dag.py
[2026-03-14T00:33:13.188+0000] {processor.py:839} INFO - DAG(s) dict_keys(['my_first_pipeline']) retrieved from /opt/airflow/dags/my_first_dag.py
[2026-03-14T00:33:13.212+0000] {logging_mixin.py:154} INFO - [2026-03-14T00:33:13.212+0000] {dag.py:2941} INFO - Sync 1 DAGs
[2026-03-14T00:33:13.223+0000] {logging_mixin.py:154} INFO - [2026-03-14T00:33:13.223+0000] {dag.py:3722} INFO - Setting next_dagrun for my_first_pipeline to None, run_after=None
[2026-03-14T00:33:13.238+0000] {processor.py:179} INFO - Processing /opt/airflow/dags/my_first_dag.py took 0.064 seconds
[2026-03-14T00:33:43.340+0000] {processor.py:157} INFO - Started process (PID=980) to work on /opt/airflow/dags/my_first_dag.py
[2026-03-14T00:33:43.341+0000] {processor.py:829} INFO - Processing file /opt/airflow/dags/my_first_dag.py for tasks to queue
[2026-03-14T00:33:43.342+0000] {logging_mixin.py:154} INFO - [2026-03-14T00:33:43.342+0000] {dagbag.py:536} INFO - Filling up the DagBag from /opt/airflow/dags/my_first_dag.py
[2026-03-14T00:33:43.352+0000] {processor.py:839} INFO - DAG(s) dict_keys(['my_first_pipeline']) retrieved from /opt/airflow/dags/my_first_dag.py
[2026-03-14T00:33:43.380+0000] {logging_mixin.py:154} INFO - [2026-03-14T00:33:43.380+0000] {dag.py:2941} INFO - Sync 1 DAGs
[2026-03-14T00:33:43.393+0000] {logging_mixin.py:154} INFO - [2026-03-14T00:33:43.392+0000] {dag.py:3722} INFO - Setting next_dagrun for my_first_pipeline to None, run_after=None
[2026-03-14T00:33:43.415+0000] {processor.py:179} INFO - Processing /opt/airflow/dags/my_first_dag.py took 0.078 seconds
[2026-03-14T00:34:13.545+0000] {processor.py:157} INFO - Started process (PID=992) to work on /opt/airflow/dags/my_first_dag.py
[2026-03-14T00:34:13.547+0000] {processor.py:829} INFO - Processing file /opt/airflow/dags/my_first_dag.py for tasks to queue
[2026-03-14T00:34:13.548+0000] {logging_mixin.py:154} INFO - [2026-03-14T00:34:13.547+0000] {dagbag.py:536} INFO - Filling up the DagBag from /opt/airflow/dags/my_first_dag.py
[2026-03-14T00:34:13.559+0000] {processor.py:839} INFO - DAG(s) dict_keys(['my_first_pipeline']) retrieved from /opt/airflow/dags/my_first_dag.py
[2026-03-14T00:34:13.583+0000] {logging_mixin.py:154} INFO - [2026-03-14T00:34:13.583+0000] {dag.py:2941} INFO - Sync 1 DAGs
[2026-03-14T00:34:13.595+0000] {logging_mixin.py:154} INFO - [2026-03-14T00:34:13.595+0000] {dag.py:3722} INFO - Setting next_dagrun for my_first_pipeline to None, run_after=None
[2026-03-14T00:34:13.613+0000] {processor.py:179} INFO - Processing /opt/airflow/dags/my_first_dag.py took 0.072 seconds
[2026-03-14T00:34:43.703+0000] {processor.py:157} INFO - Started process (PID=1004) to work on /opt/airflow/dags/my_first_dag.py
[2026-03-14T00:34:43.704+0000] {processor.py:829} INFO - Processing file /opt/airflow/dags/my_first_dag.py for tasks to queue
[2026-03-14T00:34:43.705+0000] {logging_mixin.py:154} INFO - [2026-03-14T00:34:43.704+0000] {dagbag.py:536} INFO - Filling up the DagBag from /opt/airflow/dags/my_first_dag.py
[2026-03-14T00:34:43.713+0000] {processor.py:839} INFO - DAG(s) dict_keys(['my_first_pipeline']) retrieved from /opt/airflow/dags/my_first_dag.py
[2026-03-14T00:34:43.736+0000] {logging_mixin.py:154} INFO - [2026-03-14T00:34:43.736+0000] {dag.py:2941} INFO - Sync 1 DAGs
[2026-03-14T00:34:43.746+0000] {logging_mixin.py:154} INFO - [2026-03-14T00:34:43.746+0000] {dag.py:3722} INFO - Setting next_dagrun for my_first_pipeline to None, run_after=None
[2026-03-14T00:34:43.763+0000] {processor.py:179} INFO - Processing /opt/airflow/dags/my_first_dag.py took 0.063 seconds
[2026-03-14T00:35:13.946+0000] {processor.py:157} INFO - Started process (PID=1016) to work on /opt/airflow/dags/my_first_dag.py
[2026-03-14T00:35:13.947+0000] {processor.py:829} INFO - Processing file /opt/airflow/dags/my_first_dag.py for tasks to queue
[2026-03-14T00:35:13.948+0000] {logging_mixin.py:154} INFO - [2026-03-14T00:35:13.947+0000] {dagbag.py:536} INFO - Filling up the DagBag from /opt/airflow/dags/my_first_dag.py
[2026-03-14T00:35:13.956+0000] {processor.py:839} INFO - DAG(s) dict_keys(['my_first_pipeline']) retrieved from /opt/airflow/dags/my_first_dag.py
[2026-03-14T00:35:13.979+0000] {logging_mixin.py:154} INFO - [2026-03-14T00:35:13.979+0000] {dag.py:2941} INFO - Sync 1 DAGs
[2026-03-14T00:35:13.990+0000] {logging_mixin.py:154} INFO - [2026-03-14T00:35:13.990+0000] {dag.py:3722} INFO - Setting next_dagrun for my_first_pipeline to None, run_after=None
[2026-03-14T00:35:14.007+0000] {processor.py:179} INFO - Processing /opt/airflow/dags/my_first_dag.py took 0.064 seconds
[2026-03-14T00:35:44.129+0000] {processor.py:157} INFO - Started process (PID=1028) to work on /opt/airflow/dags/my_first_dag.py
[2026-03-14T00:35:44.130+0000] {processor.py:829} INFO - Processing file /opt/airflow/dags/my_first_dag.py for tasks to queue
[2026-03-14T00:35:44.131+0000] {logging_mixin.py:154} INFO - [2026-03-14T00:35:44.130+0000] {dagbag.py:536} INFO - Filling up the DagBag from /opt/airflow/dags/my_first_dag.py
[2026-03-14T00:35:44.139+0000] {processor.py:839} INFO - DAG(s) dict_keys(['my_first_pipeline']) retrieved from /opt/airflow/dags/my_first_dag.py
[2026-03-14T00:35:44.163+0000] {logging_mixin.py:154} INFO - [2026-03-14T00:35:44.163+0000] {dag.py:2941} INFO - Sync 1 DAGs
[2026-03-14T00:35:44.174+0000] {logging_mixin.py:154} INFO - [2026-03-14T00:35:44.174+0000] {dag.py:3722} INFO - Setting next_dagrun for my_first_pipeline to None, run_after=None
[2026-03-14T00:35:44.189+0000] {processor.py:179} INFO - Processing /opt/airflow/dags/my_first_dag.py took 0.064 seconds
[2026-03-14T00:36:14.318+0000] {processor.py:157} INFO - Started process (PID=1040) to work on /opt/airflow/dags/my_first_dag.py
[2026-03-14T00:36:14.319+0000] {processor.py:829} INFO - Processing file /opt/airflow/dags/my_first_dag.py for tasks to queue
[2026-03-14T00:36:14.320+0000] {logging_mixin.py:154} INFO - [2026-03-14T00:36:14.319+0000] {dagbag.py:536} INFO - Filling up the DagBag from /opt/airflow/dags/my_first_dag.py
[2026-03-14T00:36:14.328+0000] {processor.py:839} INFO - DAG(s) dict_keys(['my_first_pipeline']) retrieved from /opt/airflow/dags/my_first_dag.py
[2026-03-14T00:36:14.352+0000] {logging_mixin.py:154} INFO - [2026-03-14T00:36:14.352+0000] {dag.py:2941} INFO - Sync 1 DAGs
[2026-03-14T00:36:14.362+0000] {logging_mixin.py:154} INFO - [2026-03-14T00:36:14.361+0000] {dag.py:3722} INFO - Setting next_dagrun for my_first_pipeline to None, run_after=None
[2026-03-14T00:36:14.377+0000] {processor.py:179} INFO - Processing /opt/airflow/dags/my_first_dag.py took 0.062 seconds
[2026-03-14T00:36:44.500+0000] {processor.py:157} INFO - Started process (PID=1052) to work on /opt/airflow/dags/my_first_dag.py
[2026-03-14T00:36:44.501+0000] {processor.py:829} INFO - Processing file /opt/airflow/dags/my_first_dag.py for tasks to queue
[2026-03-14T00:36:44.501+0000] {logging_mixin.py:154} INFO - [2026-03-14T00:36:44.501+0000] {dagbag.py:536} INFO - Filling up the DagBag from /opt/airflow/dags/my_first_dag.py
[2026-03-14T00:36:44.509+0000] {processor.py:839} INFO - DAG(s) dict_keys(['my_first_pipeline']) retrieved from /opt/airflow/dags/my_first_dag.py
[2026-03-14T00:36:44.534+0000] {logging_mixin.py:154} INFO - [2026-03-14T00:36:44.534+0000] {dag.py:2941} INFO - Sync 1 DAGs
[2026-03-14T00:36:44.544+0000] {logging_mixin.py:154} INFO - [2026-03-14T00:36:44.544+0000] {dag.py:3722} INFO - Setting next_dagrun for my_first_pipeline to None, run_after=None
[2026-03-14T00:36:44.561+0000] {processor.py:179} INFO - Processing /opt/airflow/dags/my_first_dag.py took 0.064 seconds
[2026-03-14T00:37:14.679+0000] {processor.py:157} INFO - Started process (PID=1064) to work on /opt/airflow/dags/my_first_dag.py
[2026-03-14T00:37:14.681+0000] {processor.py:829} INFO - Processing file /opt/airflow/dags/my_first_dag.py for tasks to queue
[2026-03-14T00:37:14.682+0000] {logging_mixin.py:154} INFO - [2026-03-14T00:37:14.681+0000] {dagbag.py:536} INFO - Filling up the DagBag from /opt/airflow/dags/my_first_dag.py
[2026-03-14T00:37:14.692+0000] {processor.py:839} INFO - DAG(s) dict_keys(['my_first_pipeline']) retrieved from /opt/airflow/dags/my_first_dag.py
[2026-03-14T00:37:14.720+0000] {logging_mixin.py:154} INFO - [2026-03-14T00:37:14.719+0000] {dag.py:2941} INFO - Sync 1 DAGs
[2026-03-14T00:37:14.733+0000] {logging_mixin.py:154} INFO - [2026-03-14T00:37:14.732+0000] {dag.py:3722} INFO - Setting next_dagrun for my_first_pipeline to None, run_after=None
[2026-03-14T00:37:14.754+0000] {processor.py:179} INFO - Processing /opt/airflow/dags/my_first_dag.py took 0.079 seconds
[2026-03-14T00:37:44.864+0000] {processor.py:157} INFO - Started process (PID=1077) to work on /opt/airflow/dags/my_first_dag.py
[2026-03-14T00:37:44.865+0000] {processor.py:829} INFO - Processing file /opt/airflow/dags/my_first_dag.py for tasks to queue
[2026-03-14T00:37:44.866+0000] {logging_mixin.py:154} INFO - [2026-03-14T00:37:44.866+0000] {dagbag.py:536} INFO - Filling up the DagBag from /opt/airflow/dags/my_first_dag.py
[2026-03-14T00:37:44.876+0000] {processor.py:839} INFO - DAG(s) dict_keys(['my_first_pipeline']) retrieved from /opt/airflow/dags/my_first_dag.py
[2026-03-14T00:37:44.904+0000] {logging_mixin.py:154} INFO - [2026-03-14T00:37:44.903+0000] {dag.py:2941} INFO - Sync 1 DAGs
[2026-03-14T00:37:44.916+0000] {logging_mixin.py:154} INFO - [2026-03-14T00:37:44.916+0000] {dag.py:3722} INFO - Setting next_dagrun for my_first_pipeline to None, run_after=None
[2026-03-14T00:37:44.936+0000] {processor.py:179} INFO - Processing /opt/airflow/dags/my_first_dag.py took 0.076 seconds
[2026-03-14T00:38:15.071+0000] {processor.py:157} INFO - Started process (PID=1089) to work on /opt/airflow/dags/my_first_dag.py
[2026-03-14T00:38:15.072+0000] {processor.py:829} INFO - Processing file /opt/airflow/dags/my_first_dag.py for tasks to queue
[2026-03-14T00:38:15.072+0000] {logging_mixin.py:154} INFO - [2026-03-14T00:38:15.072+0000] {dagbag.py:536} INFO - Filling up the DagBag from /opt/airflow/dags/my_first_dag.py
[2026-03-14T00:38:15.081+0000] {processor.py:839} INFO - DAG(s) dict_keys(['my_first_pipeline']) retrieved from /opt/airflow/dags/my_first_dag.py
[2026-03-14T00:38:15.104+0000] {logging_mixin.py:154} INFO - [2026-03-14T00:38:15.104+0000] {dag.py:2941} INFO - Sync 1 DAGs
[2026-03-14T00:38:15.114+0000] {logging_mixin.py:154} INFO - [2026-03-14T00:38:15.113+0000] {dag.py:3722} INFO - Setting next_dagrun for my_first_pipeline to None, run_after=None
[2026-03-14T00:38:15.131+0000] {processor.py:179} INFO - Processing /opt/airflow/dags/my_first_dag.py took 0.063 seconds
[2026-03-14T00:38:45.275+0000] {processor.py:157} INFO - Started process (PID=1100) to work on /opt/airflow/dags/my_first_dag.py
[2026-03-14T00:38:45.276+0000] {processor.py:829} INFO - Processing file /opt/airflow/dags/my_first_dag.py for tasks to queue
[2026-03-14T00:38:45.277+0000] {logging_mixin.py:154} INFO - [2026-03-14T00:38:45.277+0000] {dagbag.py:536} INFO - Filling up the DagBag from /opt/airflow/dags/my_first_dag.py
[2026-03-14T00:38:45.285+0000] {processor.py:839} INFO - DAG(s) dict_keys(['my_first_pipeline']) retrieved from /opt/airflow/dags/my_first_dag.py
[2026-03-14T00:38:45.308+0000] {logging_mixin.py:154} INFO - [2026-03-14T00:38:45.308+0000] {dag.py:2941} INFO - Sync 1 DAGs
[2026-03-14T00:38:45.318+0000] {logging_mixin.py:154} INFO - [2026-03-14T00:38:45.318+0000] {dag.py:3722} INFO - Setting next_dagrun for my_first_pipeline to None, run_after=None
[2026-03-14T00:38:45.335+0000] {processor.py:179} INFO - Processing /opt/airflow/dags/my_first_dag.py took 0.063 seconds
[2026-03-14T00:39:15.461+0000] {processor.py:157} INFO - Started process (PID=1112) to work on /opt/airflow/dags/my_first_dag.py
[2026-03-14T00:39:15.462+0000] {processor.py:829} INFO - Processing file /opt/airflow/dags/my_first_dag.py for tasks to queue
[2026-03-14T00:39:15.463+0000] {logging_mixin.py:154} INFO - [2026-03-14T00:39:15.462+0000] {dagbag.py:536} INFO - Filling up the DagBag from /opt/airflow/dags/my_first_dag.py
[2026-03-14T00:39:15.471+0000] {processor.py:839} INFO - DAG(s) dict_keys(['my_first_pipeline']) retrieved from /opt/airflow/dags/my_first_dag.py
[2026-03-14T00:39:15.495+0000] {logging_mixin.py:154} INFO - [2026-03-14T00:39:15.495+0000] {dag.py:2941} INFO - Sync 1 DAGs
[2026-03-14T00:39:15.505+0000] {logging_mixin.py:154} INFO - [2026-03-14T00:39:15.505+0000] {dag.py:3722} INFO - Setting next_dagrun for my_first_pipeline to None, run_after=None
[2026-03-14T00:39:15.520+0000] {processor.py:179} INFO - Processing /opt/airflow/dags/my_first_dag.py took 0.062 seconds
[2026-03-14T00:39:45.657+0000] {processor.py:157} INFO - Started process (PID=1124) to work on /opt/airflow/dags/my_first_dag.py
[2026-03-14T00:39:45.658+0000] {processor.py:829} INFO - Processing file /opt/airflow/dags/my_first_dag.py for tasks to queue
[2026-03-14T00:39:45.658+0000] {logging_mixin.py:154} INFO - [2026-03-14T00:39:45.658+0000] {dagbag.py:536} INFO - Filling up the DagBag from /opt/airflow/dags/my_first_dag.py
[2026-03-14T00:39:45.667+0000] {processor.py:839} INFO - DAG(s) dict_keys(['my_first_pipeline']) retrieved from /opt/airflow/dags/my_first_dag.py
[2026-03-14T00:39:45.689+0000] {logging_mixin.py:154} INFO - [2026-03-14T00:39:45.689+0000] {dag.py:2941} INFO - Sync 1 DAGs
[2026-03-14T00:39:45.700+0000] {logging_mixin.py:154} INFO - [2026-03-14T00:39:45.700+0000] {dag.py:3722} INFO - Setting next_dagrun for my_first_pipeline to None, run_after=None
[2026-03-14T00:39:45.716+0000] {processor.py:179} INFO - Processing /opt/airflow/dags/my_first_dag.py took 0.062 seconds
[2026-03-14T00:40:15.855+0000] {processor.py:157} INFO - Started process (PID=1136) to work on /opt/airflow/dags/my_first_dag.py
[2026-03-14T00:40:15.856+0000] {processor.py:829} INFO - Processing file /opt/airflow/dags/my_first_dag.py for tasks to queue
[2026-03-14T00:40:15.857+0000] {logging_mixin.py:154} INFO - [2026-03-14T00:40:15.857+0000] {dagbag.py:536} INFO - Filling up the DagBag from /opt/airflow/dags/my_first_dag.py
[2026-03-14T00:40:15.868+0000] {processor.py:839} INFO - DAG(s) dict_keys(['my_first_pipeline']) retrieved from /opt/airflow/dags/my_first_dag.py
[2026-03-14T00:40:15.891+0000] {logging_mixin.py:154} INFO - [2026-03-14T00:40:15.891+0000] {dag.py:2941} INFO - Sync 1 DAGs
[2026-03-14T00:40:15.904+0000] {logging_mixin.py:154} INFO - [2026-03-14T00:40:15.904+0000] {dag.py:3722} INFO - Setting next_dagrun for my_first_pipeline to None, run_after=None
[2026-03-14T00:40:15.920+0000] {processor.py:179} INFO - Processing /opt/airflow/dags/my_first_dag.py took 0.070 seconds
[2026-03-14T00:40:46.053+0000] {processor.py:157} INFO - Started process (PID=1148) to work on /opt/airflow/dags/my_first_dag.py
[2026-03-14T00:40:46.055+0000] {processor.py:829} INFO - Processing file /opt/airflow/dags/my_first_dag.py for tasks to queue
[2026-03-14T00:40:46.055+0000] {logging_mixin.py:154} INFO - [2026-03-14T00:40:46.055+0000] {dagbag.py:536} INFO - Filling up the DagBag from /opt/airflow/dags/my_first_dag.py
[2026-03-14T00:40:46.064+0000] {processor.py:839} INFO - DAG(s) dict_keys(['my_first_pipeline']) retrieved from /opt/airflow/dags/my_first_dag.py
[2026-03-14T00:40:46.088+0000] {logging_mixin.py:154} INFO - [2026-03-14T00:40:46.088+0000] {dag.py:2941} INFO - Sync 1 DAGs
[2026-03-14T00:40:46.098+0000] {logging_mixin.py:154} INFO - [2026-03-14T00:40:46.098+0000] {dag.py:3722} INFO - Setting next_dagrun for my_first_pipeline to None, run_after=None
[2026-03-14T00:40:46.114+0000] {processor.py:179} INFO - Processing /opt/airflow/dags/my_first_dag.py took 0.064 seconds
[2026-03-14T00:41:16.213+0000] {processor.py:157} INFO - Started process (PID=1160) to work on /opt/airflow/dags/my_first_dag.py
[2026-03-14T00:41:16.214+0000] {processor.py:829} INFO - Processing file /opt/airflow/dags/my_first_dag.py for tasks to queue
[2026-03-14T00:41:16.215+0000] {logging_mixin.py:154} INFO - [2026-03-14T00:41:16.215+0000] {dagbag.py:536} INFO - Filling up the DagBag from /opt/airflow/dags/my_first_dag.py
[2026-03-14T00:41:16.225+0000] {processor.py:839} INFO - DAG(s) dict_keys(['my_first_pipeline']) retrieved from /opt/airflow/dags/my_first_dag.py
[2026-03-14T00:41:16.252+0000] {logging_mixin.py:154} INFO - [2026-03-14T00:41:16.252+0000] {dag.py:2941} INFO - Sync 1 DAGs
[2026-03-14T00:41:16.264+0000] {logging_mixin.py:154} INFO - [2026-03-14T00:41:16.264+0000] {dag.py:3722} INFO - Setting next_dagrun for my_first_pipeline to None, run_after=None
[2026-03-14T00:41:16.286+0000] {processor.py:179} INFO - Processing /opt/airflow/dags/my_first_dag.py took 0.077 seconds
[2026-03-14T00:41:46.390+0000] {processor.py:157} INFO - Started process (PID=1172) to work on /opt/airflow/dags/my_first_dag.py
[2026-03-14T00:41:46.391+0000] {processor.py:829} INFO - Processing file /opt/airflow/dags/my_first_dag.py for tasks to queue
[2026-03-14T00:41:46.392+0000] {logging_mixin.py:154} INFO - [2026-03-14T00:41:46.391+0000] {dagbag.py:536} INFO - Filling up the DagBag from /opt/airflow/dags/my_first_dag.py
[2026-03-14T00:41:46.401+0000] {processor.py:839} INFO - DAG(s) dict_keys(['my_first_pipeline']) retrieved from /opt/airflow/dags/my_first_dag.py
[2026-03-14T00:41:46.428+0000] {logging_mixin.py:154} INFO - [2026-03-14T00:41:46.428+0000] {dag.py:2941} INFO - Sync 1 DAGs
[2026-03-14T00:41:46.441+0000] {logging_mixin.py:154} INFO - [2026-03-14T00:41:46.441+0000] {dag.py:3722} INFO - Setting next_dagrun for my_first_pipeline to None, run_after=None
[2026-03-14T00:41:46.461+0000] {processor.py:179} INFO - Processing /opt/airflow/dags/my_first_dag.py took 0.075 seconds
[2026-03-14T00:42:16.599+0000] {processor.py:157} INFO - Started process (PID=1184) to work on /opt/airflow/dags/my_first_dag.py
[2026-03-14T00:42:16.601+0000] {processor.py:829} INFO - Processing file /opt/airflow/dags/my_first_dag.py for tasks to queue
[2026-03-14T00:42:16.602+0000] {logging_mixin.py:154} INFO - [2026-03-14T00:42:16.601+0000] {dagbag.py:536} INFO - Filling up the DagBag from /opt/airflow/dags/my_first_dag.py
[2026-03-14T00:42:16.613+0000] {processor.py:839} INFO - DAG(s) dict_keys(['my_first_pipeline']) retrieved from /opt/airflow/dags/my_first_dag.py
[2026-03-14T00:42:16.638+0000] {logging_mixin.py:154} INFO - [2026-03-14T00:42:16.637+0000] {dag.py:2941} INFO - Sync 1 DAGs
[2026-03-14T00:42:16.648+0000] {logging_mixin.py:154} INFO - [2026-03-14T00:42:16.648+0000] {dag.py:3722} INFO - Setting next_dagrun for my_first_pipeline to None, run_after=None
[2026-03-14T00:42:16.665+0000] {processor.py:179} INFO - Processing /opt/airflow/dags/my_first_dag.py took 0.071 seconds
[2026-03-14T00:42:46.784+0000] {processor.py:157} INFO - Started process (PID=1196) to work on /opt/airflow/dags/my_first_dag.py
[2026-03-14T00:42:46.785+0000] {processor.py:829} INFO - Processing file /opt/airflow/dags/my_first_dag.py for tasks to queue
[2026-03-14T00:42:46.786+0000] {logging_mixin.py:154} INFO - [2026-03-14T00:42:46.786+0000] {dagbag.py:536} INFO - Filling up the DagBag from /opt/airflow/dags/my_first_dag.py
[2026-03-14T00:42:46.795+0000] {processor.py:839} INFO - DAG(s) dict_keys(['my_first_pipeline']) retrieved from /opt/airflow/dags/my_first_dag.py
[2026-03-14T00:42:46.819+0000] {logging_mixin.py:154} INFO - [2026-03-14T00:42:46.818+0000] {dag.py:2941} INFO - Sync 1 DAGs
[2026-03-14T00:42:46.829+0000] {logging_mixin.py:154} INFO - [2026-03-14T00:42:46.829+0000] {dag.py:3722} INFO - Setting next_dagrun for my_first_pipeline to None, run_after=None
[2026-03-14T00:42:46.846+0000] {processor.py:179} INFO - Processing /opt/airflow/dags/my_first_dag.py took 0.064 seconds
[2026-03-14T00:43:16.990+0000] {processor.py:157} INFO - Started process (PID=1207) to work on /opt/airflow/dags/my_first_dag.py
[2026-03-14T00:43:16.990+0000] {processor.py:829} INFO - Processing file /opt/airflow/dags/my_first_dag.py for tasks to queue
[2026-03-14T00:43:16.991+0000] {logging_mixin.py:154} INFO - [2026-03-14T00:43:16.991+0000] {dagbag.py:536} INFO - Filling up the DagBag from /opt/airflow/dags/my_first_dag.py
[2026-03-14T00:43:16.999+0000] {processor.py:839} INFO - DAG(s) dict_keys(['my_first_pipeline']) retrieved from /opt/airflow/dags/my_first_dag.py
[2026-03-14T00:43:17.023+0000] {logging_mixin.py:154} INFO - [2026-03-14T00:43:17.023+0000] {dag.py:2941} INFO - Sync 1 DAGs
[2026-03-14T00:43:17.034+0000] {logging_mixin.py:154} INFO - [2026-03-14T00:43:17.033+0000] {dag.py:3722} INFO - Setting next_dagrun for my_first_pipeline to None, run_after=None
[2026-03-14T00:43:17.050+0000] {processor.py:179} INFO - Processing /opt/airflow/dags/my_first_dag.py took 0.063 seconds
[2026-03-14T00:43:47.157+0000] {processor.py:157} INFO - Started process (PID=1219) to work on /opt/airflow/dags/my_first_dag.py
[2026-03-14T00:43:47.158+0000] {processor.py:829} INFO - Processing file /opt/airflow/dags/my_first_dag.py for tasks to queue
[2026-03-14T00:43:47.158+0000] {logging_mixin.py:154} INFO - [2026-03-14T00:43:47.158+0000] {dagbag.py:536} INFO - Filling up the DagBag from /opt/airflow/dags/my_first_dag.py
[2026-03-14T00:43:47.167+0000] {processor.py:839} INFO - DAG(s) dict_keys(['my_first_pipeline']) retrieved from /opt/airflow/dags/my_first_dag.py
[2026-03-14T00:43:47.191+0000] {logging_mixin.py:154} INFO - [2026-03-14T00:43:47.190+0000] {dag.py:2941} INFO - Sync 1 DAGs
[2026-03-14T00:43:47.201+0000] {logging_mixin.py:154} INFO - [2026-03-14T00:43:47.201+0000] {dag.py:3722} INFO - Setting next_dagrun for my_first_pipeline to None, run_after=None
[2026-03-14T00:43:47.218+0000] {processor.py:179} INFO - Processing /opt/airflow/dags/my_first_dag.py took 0.064 seconds
[2026-03-14T00:44:17.365+0000] {processor.py:157} INFO - Started process (PID=1231) to work on /opt/airflow/dags/my_first_dag.py
[2026-03-14T00:44:17.366+0000] {processor.py:829} INFO - Processing file /opt/airflow/dags/my_first_dag.py for tasks to queue
[2026-03-14T00:44:17.367+0000] {logging_mixin.py:154} INFO - [2026-03-14T00:44:17.367+0000] {dagbag.py:536} INFO - Filling up the DagBag from /opt/airflow/dags/my_first_dag.py
[2026-03-14T00:44:17.375+0000] {processor.py:839} INFO - DAG(s) dict_keys(['my_first_pipeline']) retrieved from /opt/airflow/dags/my_first_dag.py
[2026-03-14T00:44:17.399+0000] {logging_mixin.py:154} INFO - [2026-03-14T00:44:17.399+0000] {dag.py:2941} INFO - Sync 1 DAGs
[2026-03-14T00:44:17.410+0000] {logging_mixin.py:154} INFO - [2026-03-14T00:44:17.410+0000] {dag.py:3722} INFO - Setting next_dagrun for my_first_pipeline to None, run_after=None
[2026-03-14T00:44:17.427+0000] {processor.py:179} INFO - Processing /opt/airflow/dags/my_first_dag.py took 0.065 seconds
[2026-03-14T00:44:47.536+0000] {processor.py:157} INFO - Started process (PID=1243) to work on /opt/airflow/dags/my_first_dag.py
[2026-03-14T00:44:47.537+0000] {processor.py:829} INFO - Processing file /opt/airflow/dags/my_first_dag.py for tasks to queue
[2026-03-14T00:44:47.538+0000] {logging_mixin.py:154} INFO - [2026-03-14T00:44:47.538+0000] {dagbag.py:536} INFO - Filling up the DagBag from /opt/airflow/dags/my_first_dag.py
[2026-03-14T00:44:47.546+0000] {processor.py:839} INFO - DAG(s) dict_keys(['my_first_pipeline']) retrieved from /opt/airflow/dags/my_first_dag.py
[2026-03-14T00:44:47.569+0000] {logging_mixin.py:154} INFO - [2026-03-14T00:44:47.569+0000] {dag.py:2941} INFO - Sync 1 DAGs
[2026-03-14T00:44:47.579+0000] {logging_mixin.py:154} INFO - [2026-03-14T00:44:47.579+0000] {dag.py:3722} INFO - Setting next_dagrun for my_first_pipeline to None, run_after=None
[2026-03-14T00:44:47.615+0000] {processor.py:179} INFO - Processing /opt/airflow/dags/my_first_dag.py took 0.081 seconds
[2026-03-14T00:45:17.743+0000] {processor.py:157} INFO - Started process (PID=1255) to work on /opt/airflow/dags/my_first_dag.py
[2026-03-14T00:45:17.744+0000] {processor.py:829} INFO - Processing file /opt/airflow/dags/my_first_dag.py for tasks to queue
[2026-03-14T00:45:17.745+0000] {logging_mixin.py:154} INFO - [2026-03-14T00:45:17.745+0000] {dagbag.py:536} INFO - Filling up the DagBag from /opt/airflow/dags/my_first_dag.py
[2026-03-14T00:45:17.755+0000] {processor.py:839} INFO - DAG(s) dict_keys(['my_first_pipeline']) retrieved from /opt/airflow/dags/my_first_dag.py
[2026-03-14T00:45:17.783+0000] {logging_mixin.py:154} INFO - [2026-03-14T00:45:17.783+0000] {dag.py:2941} INFO - Sync 1 DAGs
[2026-03-14T00:45:17.795+0000] {logging_mixin.py:154} INFO - [2026-03-14T00:45:17.794+0000] {dag.py:3722} INFO - Setting next_dagrun for my_first_pipeline to None, run_after=None
[2026-03-14T00:45:17.814+0000] {processor.py:179} INFO - Processing /opt/airflow/dags/my_first_dag.py took 0.075 seconds
[2026-03-14T00:45:47.925+0000] {processor.py:157} INFO - Started process (PID=1267) to work on /opt/airflow/dags/my_first_dag.py
[2026-03-14T00:45:47.926+0000] {processor.py:829} INFO - Processing file /opt/airflow/dags/my_first_dag.py for tasks to queue
[2026-03-14T00:45:47.927+0000] {logging_mixin.py:154} INFO - [2026-03-14T00:45:47.926+0000] {dagbag.py:536} INFO - Filling up the DagBag from /opt/airflow/dags/my_first_dag.py
[2026-03-14T00:45:47.936+0000] {processor.py:839} INFO - DAG(s) dict_keys(['my_first_pipeline']) retrieved from /opt/airflow/dags/my_first_dag.py
[2026-03-14T00:45:47.961+0000] {logging_mixin.py:154} INFO - [2026-03-14T00:45:47.961+0000] {dag.py:2941} INFO - Sync 1 DAGs
[2026-03-14T00:45:47.973+0000] {logging_mixin.py:154} INFO - [2026-03-14T00:45:47.973+0000] {dag.py:3722} INFO - Setting next_dagrun for my_first_pipeline to None, run_after=None
[2026-03-14T00:45:47.990+0000] {processor.py:179} INFO - Processing /opt/airflow/dags/my_first_dag.py took 0.069 seconds
[2026-03-14T00:46:18.112+0000] {processor.py:157} INFO - Started process (PID=1279) to work on /opt/airflow/dags/my_first_dag.py
[2026-03-14T00:46:18.113+0000] {processor.py:829} INFO - Processing file /opt/airflow/dags/my_first_dag.py for tasks to queue
[2026-03-14T00:46:18.114+0000] {logging_mixin.py:154} INFO - [2026-03-14T00:46:18.113+0000] {dagbag.py:536} INFO - Filling up the DagBag from /opt/airflow/dags/my_first_dag.py
[2026-03-14T00:46:18.122+0000] {processor.py:839} INFO - DAG(s) dict_keys(['my_first_pipeline']) retrieved from /opt/airflow/dags/my_first_dag.py
[2026-03-14T00:46:18.150+0000] {logging_mixin.py:154} INFO - [2026-03-14T00:46:18.150+0000] {dag.py:2941} INFO - Sync 1 DAGs
[2026-03-14T00:46:18.161+0000] {logging_mixin.py:154} INFO - [2026-03-14T00:46:18.161+0000] {dag.py:3722} INFO - Setting next_dagrun for my_first_pipeline to None, run_after=None
[2026-03-14T00:46:18.177+0000] {processor.py:179} INFO - Processing /opt/airflow/dags/my_first_dag.py took 0.068 seconds
[2026-03-14T00:46:48.338+0000] {processor.py:157} INFO - Started process (PID=1291) to work on /opt/airflow/dags/my_first_dag.py
[2026-03-14T00:46:48.339+0000] {processor.py:829} INFO - Processing file /opt/airflow/dags/my_first_dag.py for tasks to queue
[2026-03-14T00:46:48.340+0000] {logging_mixin.py:154} INFO - [2026-03-14T00:46:48.340+0000] {dagbag.py:536} INFO - Filling up the DagBag from /opt/airflow/dags/my_first_dag.py
[2026-03-14T00:46:48.350+0000] {processor.py:839} INFO - DAG(s) dict_keys(['my_first_pipeline']) retrieved from /opt/airflow/dags/my_first_dag.py
[2026-03-14T00:46:48.375+0000] {logging_mixin.py:154} INFO - [2026-03-14T00:46:48.374+0000] {dag.py:2941} INFO - Sync 1 DAGs
[2026-03-14T00:46:48.385+0000] {logging_mixin.py:154} INFO - [2026-03-14T00:46:48.385+0000] {dag.py:3722} INFO - Setting next_dagrun for my_first_pipeline to None, run_after=None
[2026-03-14T00:46:48.400+0000] {processor.py:179} INFO - Processing /opt/airflow/dags/my_first_dag.py took 0.066 seconds
[2026-03-14T00:47:18.530+0000] {processor.py:157} INFO - Started process (PID=1303) to work on /opt/airflow/dags/my_first_dag.py
[2026-03-14T00:47:18.532+0000] {processor.py:829} INFO - Processing file /opt/airflow/dags/my_first_dag.py for tasks to queue
[2026-03-14T00:47:18.532+0000] {logging_mixin.py:154} INFO - [2026-03-14T00:47:18.532+0000] {dagbag.py:536} INFO - Filling up the DagBag from /opt/airflow/dags/my_first_dag.py
[2026-03-14T00:47:18.541+0000] {processor.py:839} INFO - DAG(s) dict_keys(['my_first_pipeline']) retrieved from /opt/airflow/dags/my_first_dag.py
[2026-03-14T00:47:18.564+0000] {logging_mixin.py:154} INFO - [2026-03-14T00:47:18.564+0000] {dag.py:2941} INFO - Sync 1 DAGs
[2026-03-14T00:47:18.575+0000] {logging_mixin.py:154} INFO - [2026-03-14T00:47:18.575+0000] {dag.py:3722} INFO - Setting next_dagrun for my_first_pipeline to None, run_after=None
[2026-03-14T00:47:18.593+0000] {processor.py:179} INFO - Processing /opt/airflow/dags/my_first_dag.py took 0.066 seconds
[2026-03-14T00:47:48.768+0000] {processor.py:157} INFO - Started process (PID=1315) to work on /opt/airflow/dags/my_first_dag.py
[2026-03-14T00:47:48.770+0000] {processor.py:829} INFO - Processing file /opt/airflow/dags/my_first_dag.py for tasks to queue
[2026-03-14T00:47:48.771+0000] {logging_mixin.py:154} INFO - [2026-03-14T00:47:48.770+0000] {dagbag.py:536} INFO - Filling up the DagBag from /opt/airflow/dags/my_first_dag.py
[2026-03-14T00:47:48.780+0000] {processor.py:839} INFO - DAG(s) dict_keys(['my_first_pipeline']) retrieved from /opt/airflow/dags/my_first_dag.py
[2026-03-14T00:47:48.802+0000] {logging_mixin.py:154} INFO - [2026-03-14T00:47:48.802+0000] {dag.py:2941} INFO - Sync 1 DAGs
[2026-03-14T00:47:48.812+0000] {logging_mixin.py:154} INFO - [2026-03-14T00:47:48.812+0000] {dag.py:3722} INFO - Setting next_dagrun for my_first_pipeline to None, run_after=None
[2026-03-14T00:47:48.830+0000] {processor.py:179} INFO - Processing /opt/airflow/dags/my_first_dag.py took 0.068 seconds
[2026-03-14T00:48:18.963+0000] {processor.py:157} INFO - Started process (PID=1327) to work on /opt/airflow/dags/my_first_dag.py
[2026-03-14T00:48:18.964+0000] {processor.py:829} INFO - Processing file /opt/airflow/dags/my_first_dag.py for tasks to queue
[2026-03-14T00:48:18.965+0000] {logging_mixin.py:154} INFO - [2026-03-14T00:48:18.964+0000] {dagbag.py:536} INFO - Filling up the DagBag from /opt/airflow/dags/my_first_dag.py
[2026-03-14T00:48:18.973+0000] {processor.py:839} INFO - DAG(s) dict_keys(['my_first_pipeline']) retrieved from /opt/airflow/dags/my_first_dag.py
[2026-03-14T00:48:18.998+0000] {logging_mixin.py:154} INFO - [2026-03-14T00:48:18.997+0000] {dag.py:2941} INFO - Sync 1 DAGs
[2026-03-14T00:48:19.008+0000] {logging_mixin.py:154} INFO - [2026-03-14T00:48:19.008+0000] {dag.py:3722} INFO - Setting next_dagrun for my_first_pipeline to None, run_after=None
[2026-03-14T00:48:19.025+0000] {processor.py:179} INFO - Processing /opt/airflow/dags/my_first_dag.py took 0.065 seconds
[2026-03-14T00:48:49.171+0000] {processor.py:157} INFO - Started process (PID=1339) to work on /opt/airflow/dags/my_first_dag.py
[2026-03-14T00:48:49.172+0000] {processor.py:829} INFO - Processing file /opt/airflow/dags/my_first_dag.py for tasks to queue
[2026-03-14T00:48:49.173+0000] {logging_mixin.py:154} INFO - [2026-03-14T00:48:49.172+0000] {dagbag.py:536} INFO - Filling up the DagBag from /opt/airflow/dags/my_first_dag.py
[2026-03-14T00:48:49.182+0000] {processor.py:839} INFO - DAG(s) dict_keys(['my_first_pipeline']) retrieved from /opt/airflow/dags/my_first_dag.py
[2026-03-14T00:48:49.205+0000] {logging_mixin.py:154} INFO - [2026-03-14T00:48:49.205+0000] {dag.py:2941} INFO - Sync 1 DAGs
[2026-03-14T00:48:49.216+0000] {logging_mixin.py:154} INFO - [2026-03-14T00:48:49.215+0000] {dag.py:3722} INFO - Setting next_dagrun for my_first_pipeline to None, run_after=None
[2026-03-14T00:48:49.232+0000] {processor.py:179} INFO - Processing /opt/airflow/dags/my_first_dag.py took 0.065 seconds
[2026-03-14T00:49:19.342+0000] {processor.py:157} INFO - Started process (PID=1351) to work on /opt/airflow/dags/my_first_dag.py
[2026-03-14T00:49:19.343+0000] {processor.py:829} INFO - Processing file /opt/airflow/dags/my_first_dag.py for tasks to queue
[2026-03-14T00:49:19.344+0000] {logging_mixin.py:154} INFO - [2026-03-14T00:49:19.344+0000] {dagbag.py:536} INFO - Filling up the DagBag from /opt/airflow/dags/my_first_dag.py
[2026-03-14T00:49:19.353+0000] {processor.py:839} INFO - DAG(s) dict_keys(['my_first_pipeline']) retrieved from /opt/airflow/dags/my_first_dag.py
[2026-03-14T00:49:19.383+0000] {logging_mixin.py:154} INFO - [2026-03-14T00:49:19.383+0000] {dag.py:2941} INFO - Sync 1 DAGs
[2026-03-14T00:49:19.397+0000] {logging_mixin.py:154} INFO - [2026-03-14T00:49:19.397+0000] {dag.py:3722} INFO - Setting next_dagrun for my_first_pipeline to None, run_after=None
[2026-03-14T00:49:19.421+0000] {processor.py:179} INFO - Processing /opt/airflow/dags/my_first_dag.py took 0.082 seconds
[2026-03-14T00:49:49.524+0000] {processor.py:157} INFO - Started process (PID=1362) to work on /opt/airflow/dags/my_first_dag.py
[2026-03-14T00:49:49.525+0000] {processor.py:829} INFO - Processing file /opt/airflow/dags/my_first_dag.py for tasks to queue
[2026-03-14T00:49:49.526+0000] {logging_mixin.py:154} INFO - [2026-03-14T00:49:49.526+0000] {dagbag.py:536} INFO - Filling up the DagBag from /opt/airflow/dags/my_first_dag.py
[2026-03-14T00:49:49.534+0000] {processor.py:839} INFO - DAG(s) dict_keys(['my_first_pipeline']) retrieved from /opt/airflow/dags/my_first_dag.py
[2026-03-14T00:49:49.559+0000] {logging_mixin.py:154} INFO - [2026-03-14T00:49:49.558+0000] {dag.py:2941} INFO - Sync 1 DAGs
[2026-03-14T00:49:49.569+0000] {logging_mixin.py:154} INFO - [2026-03-14T00:49:49.568+0000] {dag.py:3722} INFO - Setting next_dagrun for my_first_pipeline to None, run_after=None
[2026-03-14T00:49:49.585+0000] {processor.py:179} INFO - Processing /opt/airflow/dags/my_first_dag.py took 0.064 seconds
[2026-03-14T00:50:19.738+0000] {processor.py:157} INFO - Started process (PID=1374) to work on /opt/airflow/dags/my_first_dag.py
[2026-03-14T00:50:19.739+0000] {processor.py:829} INFO - Processing file /opt/airflow/dags/my_first_dag.py for tasks to queue
[2026-03-14T00:50:19.739+0000] {logging_mixin.py:154} INFO - [2026-03-14T00:50:19.739+0000] {dagbag.py:536} INFO - Filling up the DagBag from /opt/airflow/dags/my_first_dag.py
[2026-03-14T00:50:19.748+0000] {processor.py:839} INFO - DAG(s) dict_keys(['my_first_pipeline']) retrieved from /opt/airflow/dags/my_first_dag.py
[2026-03-14T00:50:19.771+0000] {logging_mixin.py:154} INFO - [2026-03-14T00:50:19.771+0000] {dag.py:2941} INFO - Sync 1 DAGs
[2026-03-14T00:50:19.782+0000] {logging_mixin.py:154} INFO - [2026-03-14T00:50:19.782+0000] {dag.py:3722} INFO - Setting next_dagrun for my_first_pipeline to None, run_after=None
[2026-03-14T00:50:19.799+0000] {processor.py:179} INFO - Processing /opt/airflow/dags/my_first_dag.py took 0.064 seconds
[2026-03-14T00:50:49.916+0000] {processor.py:157} INFO - Started process (PID=1387) to work on /opt/airflow/dags/my_first_dag.py
[2026-03-14T00:50:49.917+0000] {processor.py:829} INFO - Processing file /opt/airflow/dags/my_first_dag.py for tasks to queue
[2026-03-14T00:50:49.918+0000] {logging_mixin.py:154} INFO - [2026-03-14T00:50:49.917+0000] {dagbag.py:536} INFO - Filling up the DagBag from /opt/airflow/dags/my_first_dag.py
[2026-03-14T00:50:49.930+0000] {processor.py:839} INFO - DAG(s) dict_keys(['my_first_pipeline']) retrieved from /opt/airflow/dags/my_first_dag.py
[2026-03-14T00:50:49.955+0000] {logging_mixin.py:154} INFO - [2026-03-14T00:50:49.955+0000] {dag.py:2941} INFO - Sync 1 DAGs
[2026-03-14T00:50:49.966+0000] {logging_mixin.py:154} INFO - [2026-03-14T00:50:49.965+0000] {dag.py:3722} INFO - Setting next_dagrun for my_first_pipeline to None, run_after=None
[2026-03-14T00:50:49.980+0000] {processor.py:179} INFO - Processing /opt/airflow/dags/my_first_dag.py took 0.070 seconds
[2026-03-14T00:51:20.118+0000] {processor.py:157} INFO - Started process (PID=1399) to work on /opt/airflow/dags/my_first_dag.py
[2026-03-14T00:51:20.119+0000] {processor.py:829} INFO - Processing file /opt/airflow/dags/my_first_dag.py for tasks to queue
[2026-03-14T00:51:20.120+0000] {logging_mixin.py:154} INFO - [2026-03-14T00:51:20.120+0000] {dagbag.py:536} INFO - Filling up the DagBag from /opt/airflow/dags/my_first_dag.py
[2026-03-14T00:51:20.131+0000] {processor.py:839} INFO - DAG(s) dict_keys(['my_first_pipeline']) retrieved from /opt/airflow/dags/my_first_dag.py
[2026-03-14T00:51:20.154+0000] {logging_mixin.py:154} INFO - [2026-03-14T00:51:20.154+0000] {dag.py:2941} INFO - Sync 1 DAGs
[2026-03-14T00:51:20.165+0000] {logging_mixin.py:154} INFO - [2026-03-14T00:51:20.165+0000] {dag.py:3722} INFO - Setting next_dagrun for my_first_pipeline to None, run_after=None
[2026-03-14T00:51:20.181+0000] {processor.py:179} INFO - Processing /opt/airflow/dags/my_first_dag.py took 0.068 seconds
[2026-03-14T00:51:50.318+0000] {processor.py:157} INFO - Started process (PID=1410) to work on /opt/airflow/dags/my_first_dag.py
[2026-03-14T00:51:50.319+0000] {processor.py:829} INFO - Processing file /opt/airflow/dags/my_first_dag.py for tasks to queue
[2026-03-14T00:51:50.320+0000] {logging_mixin.py:154} INFO - [2026-03-14T00:51:50.320+0000] {dagbag.py:536} INFO - Filling up the DagBag from /opt/airflow/dags/my_first_dag.py
[2026-03-14T00:51:50.328+0000] {processor.py:839} INFO - DAG(s) dict_keys(['my_first_pipeline']) retrieved from /opt/airflow/dags/my_first_dag.py
[2026-03-14T00:51:50.352+0000] {logging_mixin.py:154} INFO - [2026-03-14T00:51:50.351+0000] {dag.py:2941} INFO - Sync 1 DAGs
[2026-03-14T00:51:50.363+0000] {logging_mixin.py:154} INFO - [2026-03-14T00:51:50.362+0000] {dag.py:3722} INFO - Setting next_dagrun for my_first_pipeline to None, run_after=None
[2026-03-14T00:51:50.379+0000] {processor.py:179} INFO - Processing /opt/airflow/dags/my_first_dag.py took 0.063 seconds
[2026-03-14T00:52:20.497+0000] {processor.py:157} INFO - Started process (PID=1422) to work on /opt/airflow/dags/my_first_dag.py
[2026-03-14T00:52:20.497+0000] {processor.py:829} INFO - Processing file /opt/airflow/dags/my_first_dag.py for tasks to queue
[2026-03-14T00:52:20.498+0000] {logging_mixin.py:154} INFO - [2026-03-14T00:52:20.498+0000] {dagbag.py:536} INFO - Filling up the DagBag from /opt/airflow/dags/my_first_dag.py
[2026-03-14T00:52:20.507+0000] {processor.py:839} INFO - DAG(s) dict_keys(['my_first_pipeline']) retrieved from /opt/airflow/dags/my_first_dag.py
[2026-03-14T00:52:20.534+0000] {logging_mixin.py:154} INFO - [2026-03-14T00:52:20.534+0000] {dag.py:2941} INFO - Sync 1 DAGs
[2026-03-14T00:52:20.546+0000] {logging_mixin.py:154} INFO - [2026-03-14T00:52:20.545+0000] {dag.py:3722} INFO - Setting next_dagrun for my_first_pipeline to None, run_after=None
[2026-03-14T00:52:20.562+0000] {processor.py:179} INFO - Processing /opt/airflow/dags/my_first_dag.py took 0.069 seconds
[2026-03-14T00:52:50.676+0000] {processor.py:157} INFO - Started process (PID=1434) to work on /opt/airflow/dags/my_first_dag.py
[2026-03-14T00:52:50.677+0000] {processor.py:829} INFO - Processing file /opt/airflow/dags/my_first_dag.py for tasks to queue
[2026-03-14T00:52:50.678+0000] {logging_mixin.py:154} INFO - [2026-03-14T00:52:50.678+0000] {dagbag.py:536} INFO - Filling up the DagBag from /opt/airflow/dags/my_first_dag.py
[2026-03-14T00:52:50.687+0000] {processor.py:839} INFO - DAG(s) dict_keys(['my_first_pipeline']) retrieved from /opt/airflow/dags/my_first_dag.py
[2026-03-14T00:52:50.711+0000] {logging_mixin.py:154} INFO - [2026-03-14T00:52:50.710+0000] {dag.py:2941} INFO - Sync 1 DAGs
[2026-03-14T00:52:50.722+0000] {logging_mixin.py:154} INFO - [2026-03-14T00:52:50.721+0000] {dag.py:3722} INFO - Setting next_dagrun for my_first_pipeline to None, run_after=None
[2026-03-14T00:52:50.736+0000] {processor.py:179} INFO - Processing /opt/airflow/dags/my_first_dag.py took 0.063 seconds
[2026-03-14T00:53:20.877+0000] {processor.py:157} INFO - Started process (PID=1446) to work on /opt/airflow/dags/my_first_dag.py
[2026-03-14T00:53:20.877+0000] {processor.py:829} INFO - Processing file /opt/airflow/dags/my_first_dag.py for tasks to queue
[2026-03-14T00:53:20.878+0000] {logging_mixin.py:154} INFO - [2026-03-14T00:53:20.878+0000] {dagbag.py:536} INFO - Filling up the DagBag from /opt/airflow/dags/my_first_dag.py
[2026-03-14T00:53:20.888+0000] {processor.py:839} INFO - DAG(s) dict_keys(['my_first_pipeline']) retrieved from /opt/airflow/dags/my_first_dag.py
[2026-03-14T00:53:20.915+0000] {logging_mixin.py:154} INFO - [2026-03-14T00:53:20.915+0000] {dag.py:2941} INFO - Sync 1 DAGs
[2026-03-14T00:53:20.927+0000] {logging_mixin.py:154} INFO - [2026-03-14T00:53:20.927+0000] {dag.py:3722} INFO - Setting next_dagrun for my_first_pipeline to None, run_after=None
[2026-03-14T00:53:20.947+0000] {processor.py:179} INFO - Processing /opt/airflow/dags/my_first_dag.py took 0.074 seconds
[2026-03-14T00:53:51.064+0000] {processor.py:157} INFO - Started process (PID=1458) to work on /opt/airflow/dags/my_first_dag.py
[2026-03-14T00:53:51.065+0000] {processor.py:829} INFO - Processing file /opt/airflow/dags/my_first_dag.py for tasks to queue
[2026-03-14T00:53:51.066+0000] {logging_mixin.py:154} INFO - [2026-03-14T00:53:51.066+0000] {dagbag.py:536} INFO - Filling up the DagBag from /opt/airflow/dags/my_first_dag.py
[2026-03-14T00:53:51.077+0000] {processor.py:839} INFO - DAG(s) dict_keys(['my_first_pipeline']) retrieved from /opt/airflow/dags/my_first_dag.py
[2026-03-14T00:53:51.102+0000] {logging_mixin.py:154} INFO - [2026-03-14T00:53:51.102+0000] {dag.py:2941} INFO - Sync 1 DAGs
[2026-03-14T00:53:51.112+0000] {logging_mixin.py:154} INFO - [2026-03-14T00:53:51.112+0000] {dag.py:3722} INFO - Setting next_dagrun for my_first_pipeline to None, run_after=None
[2026-03-14T00:53:51.129+0000] {processor.py:179} INFO - Processing /opt/airflow/dags/my_first_dag.py took 0.070 seconds
[2026-03-14T00:54:21.267+0000] {processor.py:157} INFO - Started process (PID=1470) to work on /opt/airflow/dags/my_first_dag.py
[2026-03-14T00:54:21.269+0000] {processor.py:829} INFO - Processing file /opt/airflow/dags/my_first_dag.py for tasks to queue
[2026-03-14T00:54:21.269+0000] {logging_mixin.py:154} INFO - [2026-03-14T00:54:21.269+0000] {dagbag.py:536} INFO - Filling up the DagBag from /opt/airflow/dags/my_first_dag.py
[2026-03-14T00:54:21.277+0000] {processor.py:839} INFO - DAG(s) dict_keys(['my_first_pipeline']) retrieved from /opt/airflow/dags/my_first_dag.py
[2026-03-14T00:54:21.301+0000] {logging_mixin.py:154} INFO - [2026-03-14T00:54:21.301+0000] {dag.py:2941} INFO - Sync 1 DAGs
[2026-03-14T00:54:21.312+0000] {logging_mixin.py:154} INFO - [2026-03-14T00:54:21.312+0000] {dag.py:3722} INFO - Setting next_dagrun for my_first_pipeline to None, run_after=None
[2026-03-14T00:54:21.328+0000] {processor.py:179} INFO - Processing /opt/airflow/dags/my_first_dag.py took 0.064 seconds
[2026-03-14T00:54:51.451+0000] {processor.py:157} INFO - Started process (PID=1481) to work on /opt/airflow/dags/my_first_dag.py
[2026-03-14T00:54:51.452+0000] {processor.py:829} INFO - Processing file /opt/airflow/dags/my_first_dag.py for tasks to queue
[2026-03-14T00:54:51.453+0000] {logging_mixin.py:154} INFO - [2026-03-14T00:54:51.453+0000] {dagbag.py:536} INFO - Filling up the DagBag from /opt/airflow/dags/my_first_dag.py
[2026-03-14T00:54:51.461+0000] {processor.py:839} INFO - DAG(s) dict_keys(['my_first_pipeline']) retrieved from /opt/airflow/dags/my_first_dag.py
[2026-03-14T00:54:51.485+0000] {logging_mixin.py:154} INFO - [2026-03-14T00:54:51.485+0000] {dag.py:2941} INFO - Sync 1 DAGs
[2026-03-14T00:54:51.497+0000] {logging_mixin.py:154} INFO - [2026-03-14T00:54:51.496+0000] {dag.py:3722} INFO - Setting next_dagrun for my_first_pipeline to None, run_after=None
[2026-03-14T00:54:51.515+0000] {processor.py:179} INFO - Processing /opt/airflow/dags/my_first_dag.py took 0.067 seconds
[2026-03-14T00:55:21.701+0000] {processor.py:157} INFO - Started process (PID=1493) to work on /opt/airflow/dags/my_first_dag.py
[2026-03-14T00:55:21.702+0000] {processor.py:829} INFO - Processing file /opt/airflow/dags/my_first_dag.py for tasks to queue
[2026-03-14T00:55:21.703+0000] {logging_mixin.py:154} INFO - [2026-03-14T00:55:21.703+0000] {dagbag.py:536} INFO - Filling up the DagBag from /opt/airflow/dags/my_first_dag.py
[2026-03-14T00:55:21.714+0000] {processor.py:839} INFO - DAG(s) dict_keys(['my_first_pipeline']) retrieved from /opt/airflow/dags/my_first_dag.py
[2026-03-14T00:55:21.738+0000] {logging_mixin.py:154} INFO - [2026-03-14T00:55:21.738+0000] {dag.py:2941} INFO - Sync 1 DAGs
[2026-03-14T00:55:21.749+0000] {logging_mixin.py:154} INFO - [2026-03-14T00:55:21.749+0000] {dag.py:3722} INFO - Setting next_dagrun for my_first_pipeline to None, run_after=None
[2026-03-14T00:55:21.765+0000] {processor.py:179} INFO - Processing /opt/airflow/dags/my_first_dag.py took 0.069 seconds
[2026-03-14T00:55:51.882+0000] {processor.py:157} INFO - Started process (PID=1505) to work on /opt/airflow/dags/my_first_dag.py
[2026-03-14T00:55:51.883+0000] {processor.py:829} INFO - Processing file /opt/airflow/dags/my_first_dag.py for tasks to queue
[2026-03-14T00:55:51.883+0000] {logging_mixin.py:154} INFO - [2026-03-14T00:55:51.883+0000] {dagbag.py:536} INFO - Filling up the DagBag from /opt/airflow/dags/my_first_dag.py
[2026-03-14T00:55:51.892+0000] {processor.py:839} INFO - DAG(s) dict_keys(['my_first_pipeline']) retrieved from /opt/airflow/dags/my_first_dag.py
[2026-03-14T00:55:51.916+0000] {logging_mixin.py:154} INFO - [2026-03-14T00:55:51.916+0000] {dag.py:2941} INFO - Sync 1 DAGs
[2026-03-14T00:55:51.927+0000] {logging_mixin.py:154} INFO - [2026-03-14T00:55:51.926+0000] {dag.py:3722} INFO - Setting next_dagrun for my_first_pipeline to None, run_after=None
[2026-03-14T00:55:51.944+0000] {processor.py:179} INFO - Processing /opt/airflow/dags/my_first_dag.py took 0.066 seconds
[2026-03-14T00:56:22.092+0000] {processor.py:157} INFO - Started process (PID=1516) to work on /opt/airflow/dags/my_first_dag.py
[2026-03-14T00:56:22.094+0000] {processor.py:829} INFO - Processing file /opt/airflow/dags/my_first_dag.py for tasks to queue
[2026-03-14T00:56:22.095+0000] {logging_mixin.py:154} INFO - [2026-03-14T00:56:22.094+0000] {dagbag.py:536} INFO - Filling up the DagBag from /opt/airflow/dags/my_first_dag.py
[2026-03-14T00:56:22.104+0000] {processor.py:839} INFO - DAG(s) dict_keys(['my_first_pipeline']) retrieved from /opt/airflow/dags/my_first_dag.py
[2026-03-14T00:56:22.129+0000] {logging_mixin.py:154} INFO - [2026-03-14T00:56:22.129+0000] {dag.py:2941} INFO - Sync 1 DAGs
[2026-03-14T00:56:22.139+0000] {logging_mixin.py:154} INFO - [2026-03-14T00:56:22.139+0000] {dag.py:3722} INFO - Setting next_dagrun for my_first_pipeline to None, run_after=None
[2026-03-14T00:56:22.155+0000] {processor.py:179} INFO - Processing /opt/airflow/dags/my_first_dag.py took 0.067 seconds
[2026-03-14T00:56:52.318+0000] {processor.py:157} INFO - Started process (PID=1527) to work on /opt/airflow/dags/my_first_dag.py
[2026-03-14T00:56:52.319+0000] {processor.py:829} INFO - Processing file /opt/airflow/dags/my_first_dag.py for tasks to queue
[2026-03-14T00:56:52.319+0000] {logging_mixin.py:154} INFO - [2026-03-14T00:56:52.319+0000] {dagbag.py:536} INFO - Filling up the DagBag from /opt/airflow/dags/my_first_dag.py
[2026-03-14T00:56:52.328+0000] {processor.py:839} INFO - DAG(s) dict_keys(['my_first_pipeline']) retrieved from /opt/airflow/dags/my_first_dag.py
[2026-03-14T00:56:52.351+0000] {logging_mixin.py:154} INFO - [2026-03-14T00:56:52.351+0000] {dag.py:2941} INFO - Sync 1 DAGs
[2026-03-14T00:56:52.362+0000] {logging_mixin.py:154} INFO - [2026-03-14T00:56:52.361+0000] {dag.py:3722} INFO - Setting next_dagrun for my_first_pipeline to None, run_after=None
[2026-03-14T00:56:52.378+0000] {processor.py:179} INFO - Processing /opt/airflow/dags/my_first_dag.py took 0.063 seconds
[2026-03-14T00:57:22.502+0000] {processor.py:157} INFO - Started process (PID=1539) to work on /opt/airflow/dags/my_first_dag.py
[2026-03-14T00:57:22.503+0000] {processor.py:829} INFO - Processing file /opt/airflow/dags/my_first_dag.py for tasks to queue
[2026-03-14T00:57:22.504+0000] {logging_mixin.py:154} INFO - [2026-03-14T00:57:22.504+0000] {dagbag.py:536} INFO - Filling up the DagBag from /opt/airflow/dags/my_first_dag.py
[2026-03-14T00:57:22.513+0000] {processor.py:839} INFO - DAG(s) dict_keys(['my_first_pipeline']) retrieved from /opt/airflow/dags/my_first_dag.py
[2026-03-14T00:57:22.542+0000] {logging_mixin.py:154} INFO - [2026-03-14T00:57:22.542+0000] {dag.py:2941} INFO - Sync 1 DAGs
[2026-03-14T00:57:22.556+0000] {logging_mixin.py:154} INFO - [2026-03-14T00:57:22.556+0000] {dag.py:3722} INFO - Setting next_dagrun for my_first_pipeline to None, run_after=None
[2026-03-14T00:57:22.577+0000] {processor.py:179} INFO - Processing /opt/airflow/dags/my_first_dag.py took 0.079 seconds
[2026-03-14T00:57:52.712+0000] {processor.py:157} INFO - Started process (PID=1551) to work on /opt/airflow/dags/my_first_dag.py
[2026-03-14T00:57:52.713+0000] {processor.py:829} INFO - Processing file /opt/airflow/dags/my_first_dag.py for tasks to queue
[2026-03-14T00:57:52.713+0000] {logging_mixin.py:154} INFO - [2026-03-14T00:57:52.713+0000] {dagbag.py:536} INFO - Filling up the DagBag from /opt/airflow/dags/my_first_dag.py
[2026-03-14T00:57:52.722+0000] {processor.py:839} INFO - DAG(s) dict_keys(['my_first_pipeline']) retrieved from /opt/airflow/dags/my_first_dag.py
[2026-03-14T00:57:52.744+0000] {logging_mixin.py:154} INFO - [2026-03-14T00:57:52.743+0000] {dag.py:2941} INFO - Sync 1 DAGs
[2026-03-14T00:57:52.754+0000] {logging_mixin.py:154} INFO - [2026-03-14T00:57:52.754+0000] {dag.py:3722} INFO - Setting next_dagrun for my_first_pipeline to None, run_after=None
[2026-03-14T00:57:52.771+0000] {processor.py:179} INFO - Processing /opt/airflow/dags/my_first_dag.py took 0.062 seconds
[2026-03-14T00:58:22.943+0000] {processor.py:157} INFO - Started process (PID=1563) to work on /opt/airflow/dags/my_first_dag.py
[2026-03-14T00:58:22.944+0000] {processor.py:829} INFO - Processing file /opt/airflow/dags/my_first_dag.py for tasks to queue
[2026-03-14T00:58:22.944+0000] {logging_mixin.py:154} INFO - [2026-03-14T00:58:22.944+0000] {dagbag.py:536} INFO - Filling up the DagBag from /opt/airflow/dags/my_first_dag.py
[2026-03-14T00:58:22.953+0000] {processor.py:839} INFO - DAG(s) dict_keys(['my_first_pipeline']) retrieved from /opt/airflow/dags/my_first_dag.py
[2026-03-14T00:58:22.980+0000] {logging_mixin.py:154} INFO - [2026-03-14T00:58:22.980+0000] {dag.py:2941} INFO - Sync 1 DAGs
[2026-03-14T00:58:22.991+0000] {logging_mixin.py:154} INFO - [2026-03-14T00:58:22.991+0000] {dag.py:3722} INFO - Setting next_dagrun for my_first_pipeline to None, run_after=None
[2026-03-14T00:58:23.008+0000] {processor.py:179} INFO - Processing /opt/airflow/dags/my_first_dag.py took 0.068 seconds
[2026-03-14T00:58:53.112+0000] {processor.py:157} INFO - Started process (PID=1575) to work on /opt/airflow/dags/my_first_dag.py
[2026-03-14T00:58:53.113+0000] {processor.py:829} INFO - Processing file /opt/airflow/dags/my_first_dag.py for tasks to queue
[2026-03-14T00:58:53.114+0000] {logging_mixin.py:154} INFO - [2026-03-14T00:58:53.114+0000] {dagbag.py:536} INFO - Filling up the DagBag from /opt/airflow/dags/my_first_dag.py
[2026-03-14T00:58:53.124+0000] {processor.py:839} INFO - DAG(s) dict_keys(['my_first_pipeline']) retrieved from /opt/airflow/dags/my_first_dag.py
[2026-03-14T00:58:53.149+0000] {logging_mixin.py:154} INFO - [2026-03-14T00:58:53.149+0000] {dag.py:2941} INFO - Sync 1 DAGs
[2026-03-14T00:58:53.160+0000] {logging_mixin.py:154} INFO - [2026-03-14T00:58:53.160+0000] {dag.py:3722} INFO - Setting next_dagrun for my_first_pipeline to None, run_after=None
[2026-03-14T00:58:53.176+0000] {processor.py:179} INFO - Processing /opt/airflow/dags/my_first_dag.py took 0.068 seconds
[2026-03-14T00:59:23.313+0000] {processor.py:157} INFO - Started process (PID=1587) to work on /opt/airflow/dags/my_first_dag.py
[2026-03-14T00:59:23.314+0000] {processor.py:829} INFO - Processing file /opt/airflow/dags/my_first_dag.py for tasks to queue
[2026-03-14T00:59:23.315+0000] {logging_mixin.py:154} INFO - [2026-03-14T00:59:23.315+0000] {dagbag.py:536} INFO - Filling up the DagBag from /opt/airflow/dags/my_first_dag.py
[2026-03-14T00:59:23.323+0000] {processor.py:839} INFO - DAG(s) dict_keys(['my_first_pipeline']) retrieved from /opt/airflow/dags/my_first_dag.py
[2026-03-14T00:59:23.346+0000] {logging_mixin.py:154} INFO - [2026-03-14T00:59:23.346+0000] {dag.py:2941} INFO - Sync 1 DAGs
[2026-03-14T00:59:23.357+0000] {logging_mixin.py:154} INFO - [2026-03-14T00:59:23.356+0000] {dag.py:3722} INFO - Setting next_dagrun for my_first_pipeline to None, run_after=None
[2026-03-14T00:59:23.373+0000] {processor.py:179} INFO - Processing /opt/airflow/dags/my_first_dag.py took 0.062 seconds
[2026-03-14T00:59:53.512+0000] {processor.py:157} INFO - Started process (PID=1599) to work on /opt/airflow/dags/my_first_dag.py
[2026-03-14T00:59:53.513+0000] {processor.py:829} INFO - Processing file /opt/airflow/dags/my_first_dag.py for tasks to queue
[2026-03-14T00:59:53.514+0000] {logging_mixin.py:154} INFO - [2026-03-14T00:59:53.513+0000] {dagbag.py:536} INFO - Filling up the DagBag from /opt/airflow/dags/my_first_dag.py
[2026-03-14T00:59:53.523+0000] {processor.py:839} INFO - DAG(s) dict_keys(['my_first_pipeline']) retrieved from /opt/airflow/dags/my_first_dag.py
[2026-03-14T00:59:53.547+0000] {logging_mixin.py:154} INFO - [2026-03-14T00:59:53.547+0000] {dag.py:2941} INFO - Sync 1 DAGs
[2026-03-14T00:59:53.557+0000] {logging_mixin.py:154} INFO - [2026-03-14T00:59:53.557+0000] {dag.py:3722} INFO - Setting next_dagrun for my_first_pipeline to None, run_after=None
[2026-03-14T00:59:53.575+0000] {processor.py:179} INFO - Processing /opt/airflow/dags/my_first_dag.py took 0.066 seconds
[2026-03-14T01:00:23.708+0000] {processor.py:157} INFO - Started process (PID=1611) to work on /opt/airflow/dags/my_first_dag.py
[2026-03-14T01:00:23.709+0000] {processor.py:829} INFO - Processing file /opt/airflow/dags/my_first_dag.py for tasks to queue
[2026-03-14T01:00:23.709+0000] {logging_mixin.py:154} INFO - [2026-03-14T01:00:23.709+0000] {dagbag.py:536} INFO - Filling up the DagBag from /opt/airflow/dags/my_first_dag.py
[2026-03-14T01:00:23.717+0000] {processor.py:839} INFO - DAG(s) dict_keys(['my_first_pipeline']) retrieved from /opt/airflow/dags/my_first_dag.py
[2026-03-14T01:00:23.741+0000] {logging_mixin.py:154} INFO - [2026-03-14T01:00:23.741+0000] {dag.py:2941} INFO - Sync 1 DAGs
[2026-03-14T01:00:23.752+0000] {logging_mixin.py:154} INFO - [2026-03-14T01:00:23.751+0000] {dag.py:3722} INFO - Setting next_dagrun for my_first_pipeline to None, run_after=None
[2026-03-14T01:00:23.768+0000] {processor.py:179} INFO - Processing /opt/airflow/dags/my_first_dag.py took 0.064 seconds
[2026-03-14T01:00:53.909+0000] {processor.py:157} INFO - Started process (PID=1623) to work on /opt/airflow/dags/my_first_dag.py
[2026-03-14T01:00:53.910+0000] {processor.py:829} INFO - Processing file /opt/airflow/dags/my_first_dag.py for tasks to queue
[2026-03-14T01:00:53.911+0000] {logging_mixin.py:154} INFO - [2026-03-14T01:00:53.910+0000] {dagbag.py:536} INFO - Filling up the DagBag from /opt/airflow/dags/my_first_dag.py
[2026-03-14T01:00:53.920+0000] {processor.py:839} INFO - DAG(s) dict_keys(['my_first_pipeline']) retrieved from /opt/airflow/dags/my_first_dag.py
[2026-03-14T01:00:53.945+0000] {logging_mixin.py:154} INFO - [2026-03-14T01:00:53.944+0000] {dag.py:2941} INFO - Sync 1 DAGs
[2026-03-14T01:00:53.955+0000] {logging_mixin.py:154} INFO - [2026-03-14T01:00:53.955+0000] {dag.py:3722} INFO - Setting next_dagrun for my_first_pipeline to None, run_after=None
[2026-03-14T01:00:53.972+0000] {processor.py:179} INFO - Processing /opt/airflow/dags/my_first_dag.py took 0.066 seconds
[2026-03-14T01:01:24.101+0000] {processor.py:157} INFO - Started process (PID=1636) to work on /opt/airflow/dags/my_first_dag.py
[2026-03-14T01:01:24.102+0000] {processor.py:829} INFO - Processing file /opt/airflow/dags/my_first_dag.py for tasks to queue
[2026-03-14T01:01:24.102+0000] {logging_mixin.py:154} INFO - [2026-03-14T01:01:24.102+0000] {dagbag.py:536} INFO - Filling up the DagBag from /opt/airflow/dags/my_first_dag.py
[2026-03-14T01:01:24.112+0000] {processor.py:839} INFO - DAG(s) dict_keys(['my_first_pipeline']) retrieved from /opt/airflow/dags/my_first_dag.py
[2026-03-14T01:01:24.141+0000] {logging_mixin.py:154} INFO - [2026-03-14T01:01:24.141+0000] {dag.py:2941} INFO - Sync 1 DAGs
[2026-03-14T01:01:24.153+0000] {logging_mixin.py:154} INFO - [2026-03-14T01:01:24.153+0000] {dag.py:3722} INFO - Setting next_dagrun for my_first_pipeline to None, run_after=None
[2026-03-14T01:01:24.177+0000] {processor.py:179} INFO - Processing /opt/airflow/dags/my_first_dag.py took 0.079 seconds
[2026-03-14T01:01:54.291+0000] {processor.py:157} INFO - Started process (PID=1647) to work on /opt/airflow/dags/my_first_dag.py
[2026-03-14T01:01:54.291+0000] {processor.py:829} INFO - Processing file /opt/airflow/dags/my_first_dag.py for tasks to queue
[2026-03-14T01:01:54.292+0000] {logging_mixin.py:154} INFO - [2026-03-14T01:01:54.292+0000] {dagbag.py:536} INFO - Filling up the DagBag from /opt/airflow/dags/my_first_dag.py
[2026-03-14T01:01:54.300+0000] {processor.py:839} INFO - DAG(s) dict_keys(['my_first_pipeline']) retrieved from /opt/airflow/dags/my_first_dag.py
[2026-03-14T01:01:54.323+0000] {logging_mixin.py:154} INFO - [2026-03-14T01:01:54.323+0000] {dag.py:2941} INFO - Sync 1 DAGs
[2026-03-14T01:01:54.334+0000] {logging_mixin.py:154} INFO - [2026-03-14T01:01:54.333+0000] {dag.py:3722} INFO - Setting next_dagrun for my_first_pipeline to None, run_after=None
[2026-03-14T01:01:54.351+0000] {processor.py:179} INFO - Processing /opt/airflow/dags/my_first_dag.py took 0.063 seconds
[2026-03-14T01:02:24.483+0000] {processor.py:157} INFO - Started process (PID=1658) to work on /opt/airflow/dags/my_first_dag.py
[2026-03-14T01:02:24.484+0000] {processor.py:829} INFO - Processing file /opt/airflow/dags/my_first_dag.py for tasks to queue
[2026-03-14T01:02:24.485+0000] {logging_mixin.py:154} INFO - [2026-03-14T01:02:24.485+0000] {dagbag.py:536} INFO - Filling up the DagBag from /opt/airflow/dags/my_first_dag.py
[2026-03-14T01:02:24.494+0000] {processor.py:839} INFO - DAG(s) dict_keys(['my_first_pipeline']) retrieved from /opt/airflow/dags/my_first_dag.py
[2026-03-14T01:02:24.518+0000] {logging_mixin.py:154} INFO - [2026-03-14T01:02:24.518+0000] {dag.py:2941} INFO - Sync 1 DAGs
[2026-03-14T01:02:24.528+0000] {logging_mixin.py:154} INFO - [2026-03-14T01:02:24.528+0000] {dag.py:3722} INFO - Setting next_dagrun for my_first_pipeline to None, run_after=None
[2026-03-14T01:02:24.545+0000] {processor.py:179} INFO - Processing /opt/airflow/dags/my_first_dag.py took 0.064 seconds
[2026-03-14T01:02:54.697+0000] {processor.py:157} INFO - Started process (PID=1670) to work on /opt/airflow/dags/my_first_dag.py
[2026-03-14T01:02:54.698+0000] {processor.py:829} INFO - Processing file /opt/airflow/dags/my_first_dag.py for tasks to queue
[2026-03-14T01:02:54.698+0000] {logging_mixin.py:154} INFO - [2026-03-14T01:02:54.698+0000] {dagbag.py:536} INFO - Filling up the DagBag from /opt/airflow/dags/my_first_dag.py
[2026-03-14T01:02:54.706+0000] {processor.py:839} INFO - DAG(s) dict_keys(['my_first_pipeline']) retrieved from /opt/airflow/dags/my_first_dag.py
[2026-03-14T01:02:54.729+0000] {logging_mixin.py:154} INFO - [2026-03-14T01:02:54.729+0000] {dag.py:2941} INFO - Sync 1 DAGs
[2026-03-14T01:02:54.739+0000] {logging_mixin.py:154} INFO - [2026-03-14T01:02:54.739+0000] {dag.py:3722} INFO - Setting next_dagrun for my_first_pipeline to None, run_after=None
[2026-03-14T01:02:54.757+0000] {processor.py:179} INFO - Processing /opt/airflow/dags/my_first_dag.py took 0.062 seconds
[2026-03-14T01:03:24.869+0000] {processor.py:157} INFO - Started process (PID=1682) to work on /opt/airflow/dags/my_first_dag.py
[2026-03-14T01:03:24.870+0000] {processor.py:829} INFO - Processing file /opt/airflow/dags/my_first_dag.py for tasks to queue
[2026-03-14T01:03:24.870+0000] {logging_mixin.py:154} INFO - [2026-03-14T01:03:24.870+0000] {dagbag.py:536} INFO - Filling up the DagBag from /opt/airflow/dags/my_first_dag.py
[2026-03-14T01:03:24.879+0000] {processor.py:839} INFO - DAG(s) dict_keys(['my_first_pipeline']) retrieved from /opt/airflow/dags/my_first_dag.py
[2026-03-14T01:03:24.903+0000] {logging_mixin.py:154} INFO - [2026-03-14T01:03:24.903+0000] {dag.py:2941} INFO - Sync 1 DAGs
[2026-03-14T01:03:24.914+0000] {logging_mixin.py:154} INFO - [2026-03-14T01:03:24.914+0000] {dag.py:3722} INFO - Setting next_dagrun for my_first_pipeline to None, run_after=None
[2026-03-14T01:03:24.931+0000] {processor.py:179} INFO - Processing /opt/airflow/dags/my_first_dag.py took 0.065 seconds
[2026-03-14T01:03:55.147+0000] {processor.py:157} INFO - Started process (PID=1694) to work on /opt/airflow/dags/my_first_dag.py
[2026-03-14T01:03:55.147+0000] {processor.py:829} INFO - Processing file /opt/airflow/dags/my_first_dag.py for tasks to queue
[2026-03-14T01:03:55.148+0000] {logging_mixin.py:154} INFO - [2026-03-14T01:03:55.148+0000] {dagbag.py:536} INFO - Filling up the DagBag from /opt/airflow/dags/my_first_dag.py
[2026-03-14T01:03:55.157+0000] {processor.py:839} INFO - DAG(s) dict_keys(['my_first_pipeline']) retrieved from /opt/airflow/dags/my_first_dag.py
[2026-03-14T01:03:55.182+0000] {logging_mixin.py:154} INFO - [2026-03-14T01:03:55.181+0000] {dag.py:2941} INFO - Sync 1 DAGs
[2026-03-14T01:03:55.193+0000] {logging_mixin.py:154} INFO - [2026-03-14T01:03:55.193+0000] {dag.py:3722} INFO - Setting next_dagrun for my_first_pipeline to None, run_after=None
[2026-03-14T01:03:55.211+0000] {processor.py:179} INFO - Processing /opt/airflow/dags/my_first_dag.py took 0.068 seconds
[2026-03-14T01:04:25.349+0000] {processor.py:157} INFO - Started process (PID=1706) to work on /opt/airflow/dags/my_first_dag.py
[2026-03-14T01:04:25.350+0000] {processor.py:829} INFO - Processing file /opt/airflow/dags/my_first_dag.py for tasks to queue
[2026-03-14T01:04:25.351+0000] {logging_mixin.py:154} INFO - [2026-03-14T01:04:25.351+0000] {dagbag.py:536} INFO - Filling up the DagBag from /opt/airflow/dags/my_first_dag.py
[2026-03-14T01:04:25.361+0000] {processor.py:839} INFO - DAG(s) dict_keys(['my_first_pipeline']) retrieved from /opt/airflow/dags/my_first_dag.py
[2026-03-14T01:04:25.386+0000] {logging_mixin.py:154} INFO - [2026-03-14T01:04:25.386+0000] {dag.py:2941} INFO - Sync 1 DAGs
[2026-03-14T01:04:25.398+0000] {logging_mixin.py:154} INFO - [2026-03-14T01:04:25.398+0000] {dag.py:3722} INFO - Setting next_dagrun for my_first_pipeline to None, run_after=None
[2026-03-14T01:04:25.417+0000] {processor.py:179} INFO - Processing /opt/airflow/dags/my_first_dag.py took 0.073 seconds
[2026-03-14T01:04:55.527+0000] {processor.py:157} INFO - Started process (PID=1717) to work on /opt/airflow/dags/my_first_dag.py
[2026-03-14T01:04:55.528+0000] {processor.py:829} INFO - Processing file /opt/airflow/dags/my_first_dag.py for tasks to queue
[2026-03-14T01:04:55.529+0000] {logging_mixin.py:154} INFO - [2026-03-14T01:04:55.528+0000] {dagbag.py:536} INFO - Filling up the DagBag from /opt/airflow/dags/my_first_dag.py
[2026-03-14T01:04:55.537+0000] {processor.py:839} INFO - DAG(s) dict_keys(['my_first_pipeline']) retrieved from /opt/airflow/dags/my_first_dag.py
[2026-03-14T01:04:55.560+0000] {logging_mixin.py:154} INFO - [2026-03-14T01:04:55.560+0000] {dag.py:2941} INFO - Sync 1 DAGs
[2026-03-14T01:04:55.572+0000] {logging_mixin.py:154} INFO - [2026-03-14T01:04:55.572+0000] {dag.py:3722} INFO - Setting next_dagrun for my_first_pipeline to None, run_after=None
[2026-03-14T01:04:55.588+0000] {processor.py:179} INFO - Processing /opt/airflow/dags/my_first_dag.py took 0.064 seconds
[2026-03-14T01:05:25.758+0000] {processor.py:157} INFO - Started process (PID=1729) to work on /opt/airflow/dags/my_first_dag.py
[2026-03-14T01:05:25.760+0000] {processor.py:829} INFO - Processing file /opt/airflow/dags/my_first_dag.py for tasks to queue
[2026-03-14T01:05:25.760+0000] {logging_mixin.py:154} INFO - [2026-03-14T01:05:25.760+0000] {dagbag.py:536} INFO - Filling up the DagBag from /opt/airflow/dags/my_first_dag.py
[2026-03-14T01:05:25.770+0000] {processor.py:839} INFO - DAG(s) dict_keys(['my_first_pipeline']) retrieved from /opt/airflow/dags/my_first_dag.py
[2026-03-14T01:05:25.797+0000] {logging_mixin.py:154} INFO - [2026-03-14T01:05:25.796+0000] {dag.py:2941} INFO - Sync 1 DAGs
[2026-03-14T01:05:25.809+0000] {logging_mixin.py:154} INFO - [2026-03-14T01:05:25.809+0000] {dag.py:3722} INFO - Setting next_dagrun for my_first_pipeline to None, run_after=None
[2026-03-14T01:05:25.832+0000] {processor.py:179} INFO - Processing /opt/airflow/dags/my_first_dag.py took 0.077 seconds
[2026-03-14T01:05:55.929+0000] {processor.py:157} INFO - Started process (PID=1741) to work on /opt/airflow/dags/my_first_dag.py
[2026-03-14T01:05:55.930+0000] {processor.py:829} INFO - Processing file /opt/airflow/dags/my_first_dag.py for tasks to queue
[2026-03-14T01:05:55.931+0000] {logging_mixin.py:154} INFO - [2026-03-14T01:05:55.930+0000] {dagbag.py:536} INFO - Filling up the DagBag from /opt/airflow/dags/my_first_dag.py
[2026-03-14T01:05:55.939+0000] {processor.py:839} INFO - DAG(s) dict_keys(['my_first_pipeline']) retrieved from /opt/airflow/dags/my_first_dag.py
[2026-03-14T01:05:55.963+0000] {logging_mixin.py:154} INFO - [2026-03-14T01:05:55.963+0000] {dag.py:2941} INFO - Sync 1 DAGs
[2026-03-14T01:05:55.974+0000] {logging_mixin.py:154} INFO - [2026-03-14T01:05:55.974+0000] {dag.py:3722} INFO - Setting next_dagrun for my_first_pipeline to None, run_after=None
[2026-03-14T01:05:55.989+0000] {processor.py:179} INFO - Processing /opt/airflow/dags/my_first_dag.py took 0.063 seconds
[2026-03-14T01:06:26.197+0000] {processor.py:157} INFO - Started process (PID=1753) to work on /opt/airflow/dags/my_first_dag.py
[2026-03-14T01:06:26.198+0000] {processor.py:829} INFO - Processing file /opt/airflow/dags/my_first_dag.py for tasks to queue
[2026-03-14T01:06:26.199+0000] {logging_mixin.py:154} INFO - [2026-03-14T01:06:26.198+0000] {dagbag.py:536} INFO - Filling up the DagBag from /opt/airflow/dags/my_first_dag.py
[2026-03-14T01:06:26.207+0000] {processor.py:839} INFO - DAG(s) dict_keys(['my_first_pipeline']) retrieved from /opt/airflow/dags/my_first_dag.py
[2026-03-14T01:06:26.230+0000] {logging_mixin.py:154} INFO - [2026-03-14T01:06:26.230+0000] {dag.py:2941} INFO - Sync 1 DAGs
[2026-03-14T01:06:26.241+0000] {logging_mixin.py:154} INFO - [2026-03-14T01:06:26.241+0000] {dag.py:3722} INFO - Setting next_dagrun for my_first_pipeline to None, run_after=None
[2026-03-14T01:06:26.257+0000] {processor.py:179} INFO - Processing /opt/airflow/dags/my_first_dag.py took 0.064 seconds
[2026-03-14T01:06:56.405+0000] {processor.py:157} INFO - Started process (PID=1765) to work on /opt/airflow/dags/my_first_dag.py
[2026-03-14T01:06:56.406+0000] {processor.py:829} INFO - Processing file /opt/airflow/dags/my_first_dag.py for tasks to queue
[2026-03-14T01:06:56.407+0000] {logging_mixin.py:154} INFO - [2026-03-14T01:06:56.407+0000] {dagbag.py:536} INFO - Filling up the DagBag from /opt/airflow/dags/my_first_dag.py
[2026-03-14T01:06:56.416+0000] {processor.py:839} INFO - DAG(s) dict_keys(['my_first_pipeline']) retrieved from /opt/airflow/dags/my_first_dag.py
[2026-03-14T01:06:56.440+0000] {logging_mixin.py:154} INFO - [2026-03-14T01:06:56.440+0000] {dag.py:2941} INFO - Sync 1 DAGs
[2026-03-14T01:06:56.450+0000] {logging_mixin.py:154} INFO - [2026-03-14T01:06:56.450+0000] {dag.py:3722} INFO - Setting next_dagrun for my_first_pipeline to None, run_after=None
[2026-03-14T01:06:56.467+0000] {processor.py:179} INFO - Processing /opt/airflow/dags/my_first_dag.py took 0.067 seconds
[2026-03-14T01:07:26.581+0000] {processor.py:157} INFO - Started process (PID=1777) to work on /opt/airflow/dags/my_first_dag.py
[2026-03-14T01:07:26.582+0000] {processor.py:829} INFO - Processing file /opt/airflow/dags/my_first_dag.py for tasks to queue
[2026-03-14T01:07:26.583+0000] {logging_mixin.py:154} INFO - [2026-03-14T01:07:26.582+0000] {dagbag.py:536} INFO - Filling up the DagBag from /opt/airflow/dags/my_first_dag.py
[2026-03-14T01:07:26.591+0000] {processor.py:839} INFO - DAG(s) dict_keys(['my_first_pipeline']) retrieved from /opt/airflow/dags/my_first_dag.py
[2026-03-14T01:07:26.616+0000] {logging_mixin.py:154} INFO - [2026-03-14T01:07:26.616+0000] {dag.py:2941} INFO - Sync 1 DAGs
[2026-03-14T01:07:26.626+0000] {logging_mixin.py:154} INFO - [2026-03-14T01:07:26.626+0000] {dag.py:3722} INFO - Setting next_dagrun for my_first_pipeline to None, run_after=None
[2026-03-14T01:07:26.641+0000] {processor.py:179} INFO - Processing /opt/airflow/dags/my_first_dag.py took 0.063 seconds
[2026-03-14T01:07:56.825+0000] {processor.py:157} INFO - Started process (PID=1789) to work on /opt/airflow/dags/my_first_dag.py
[2026-03-14T01:07:56.826+0000] {processor.py:829} INFO - Processing file /opt/airflow/dags/my_first_dag.py for tasks to queue
[2026-03-14T01:07:56.827+0000] {logging_mixin.py:154} INFO - [2026-03-14T01:07:56.827+0000] {dagbag.py:536} INFO - Filling up the DagBag from /opt/airflow/dags/my_first_dag.py
[2026-03-14T01:07:56.838+0000] {processor.py:839} INFO - DAG(s) dict_keys(['my_first_pipeline']) retrieved from /opt/airflow/dags/my_first_dag.py
[2026-03-14T01:07:56.862+0000] {logging_mixin.py:154} INFO - [2026-03-14T01:07:56.861+0000] {dag.py:2941} INFO - Sync 1 DAGs
[2026-03-14T01:07:56.872+0000] {logging_mixin.py:154} INFO - [2026-03-14T01:07:56.872+0000] {dag.py:3722} INFO - Setting next_dagrun for my_first_pipeline to None, run_after=None
[2026-03-14T01:07:56.889+0000] {processor.py:179} INFO - Processing /opt/airflow/dags/my_first_dag.py took 0.068 seconds
[2026-03-14T01:08:26.976+0000] {processor.py:157} INFO - Started process (PID=1801) to work on /opt/airflow/dags/my_first_dag.py
[2026-03-14T01:08:26.977+0000] {processor.py:829} INFO - Processing file /opt/airflow/dags/my_first_dag.py for tasks to queue
[2026-03-14T01:08:26.978+0000] {logging_mixin.py:154} INFO - [2026-03-14T01:08:26.977+0000] {dagbag.py:536} INFO - Filling up the DagBag from /opt/airflow/dags/my_first_dag.py
[2026-03-14T01:08:26.986+0000] {processor.py:839} INFO - DAG(s) dict_keys(['my_first_pipeline']) retrieved from /opt/airflow/dags/my_first_dag.py
[2026-03-14T01:08:27.011+0000] {logging_mixin.py:154} INFO - [2026-03-14T01:08:27.011+0000] {dag.py:2941} INFO - Sync 1 DAGs
[2026-03-14T01:08:27.022+0000] {logging_mixin.py:154} INFO - [2026-03-14T01:08:27.022+0000] {dag.py:3722} INFO - Setting next_dagrun for my_first_pipeline to None, run_after=None
[2026-03-14T01:08:27.038+0000] {processor.py:179} INFO - Processing /opt/airflow/dags/my_first_dag.py took 0.065 seconds
[2026-03-14T01:08:57.248+0000] {processor.py:157} INFO - Started process (PID=1813) to work on /opt/airflow/dags/my_first_dag.py
[2026-03-14T01:08:57.249+0000] {processor.py:829} INFO - Processing file /opt/airflow/dags/my_first_dag.py for tasks to queue
[2026-03-14T01:08:57.250+0000] {logging_mixin.py:154} INFO - [2026-03-14T01:08:57.250+0000] {dagbag.py:536} INFO - Filling up the DagBag from /opt/airflow/dags/my_first_dag.py
[2026-03-14T01:08:57.261+0000] {processor.py:839} INFO - DAG(s) dict_keys(['my_first_pipeline']) retrieved from /opt/airflow/dags/my_first_dag.py
[2026-03-14T01:08:57.286+0000] {logging_mixin.py:154} INFO - [2026-03-14T01:08:57.286+0000] {dag.py:2941} INFO - Sync 1 DAGs
[2026-03-14T01:08:57.296+0000] {logging_mixin.py:154} INFO - [2026-03-14T01:08:57.296+0000] {dag.py:3722} INFO - Setting next_dagrun for my_first_pipeline to None, run_after=None
[2026-03-14T01:08:57.313+0000] {processor.py:179} INFO - Processing /opt/airflow/dags/my_first_dag.py took 0.070 seconds
[2026-03-14T01:09:27.427+0000] {processor.py:157} INFO - Started process (PID=1825) to work on /opt/airflow/dags/my_first_dag.py
[2026-03-14T01:09:27.428+0000] {processor.py:829} INFO - Processing file /opt/airflow/dags/my_first_dag.py for tasks to queue
[2026-03-14T01:09:27.429+0000] {logging_mixin.py:154} INFO - [2026-03-14T01:09:27.428+0000] {dagbag.py:536} INFO - Filling up the DagBag from /opt/airflow/dags/my_first_dag.py
[2026-03-14T01:09:27.438+0000] {processor.py:839} INFO - DAG(s) dict_keys(['my_first_pipeline']) retrieved from /opt/airflow/dags/my_first_dag.py
[2026-03-14T01:09:27.467+0000] {logging_mixin.py:154} INFO - [2026-03-14T01:09:27.467+0000] {dag.py:2941} INFO - Sync 1 DAGs
[2026-03-14T01:09:27.480+0000] {logging_mixin.py:154} INFO - [2026-03-14T01:09:27.480+0000] {dag.py:3722} INFO - Setting next_dagrun for my_first_pipeline to None, run_after=None
[2026-03-14T01:09:27.501+0000] {processor.py:179} INFO - Processing /opt/airflow/dags/my_first_dag.py took 0.078 seconds
[2026-03-14T01:09:57.613+0000] {processor.py:157} INFO - Started process (PID=1837) to work on /opt/airflow/dags/my_first_dag.py
[2026-03-14T01:09:57.615+0000] {processor.py:829} INFO - Processing file /opt/airflow/dags/my_first_dag.py for tasks to queue
[2026-03-14T01:09:57.616+0000] {logging_mixin.py:154} INFO - [2026-03-14T01:09:57.615+0000] {dagbag.py:536} INFO - Filling up the DagBag from /opt/airflow/dags/my_first_dag.py
[2026-03-14T01:09:57.626+0000] {processor.py:839} INFO - DAG(s) dict_keys(['my_first_pipeline']) retrieved from /opt/airflow/dags/my_first_dag.py
[2026-03-14T01:09:57.650+0000] {logging_mixin.py:154} INFO - [2026-03-14T01:09:57.650+0000] {dag.py:2941} INFO - Sync 1 DAGs
[2026-03-14T01:09:57.661+0000] {logging_mixin.py:154} INFO - [2026-03-14T01:09:57.660+0000] {dag.py:3722} INFO - Setting next_dagrun for my_first_pipeline to None, run_after=None
[2026-03-14T01:09:57.677+0000] {processor.py:179} INFO - Processing /opt/airflow/dags/my_first_dag.py took 0.067 seconds
[2026-03-14T01:10:27.827+0000] {processor.py:157} INFO - Started process (PID=1848) to work on /opt/airflow/dags/my_first_dag.py
[2026-03-14T01:10:27.828+0000] {processor.py:829} INFO - Processing file /opt/airflow/dags/my_first_dag.py for tasks to queue
[2026-03-14T01:10:27.829+0000] {logging_mixin.py:154} INFO - [2026-03-14T01:10:27.828+0000] {dagbag.py:536} INFO - Filling up the DagBag from /opt/airflow/dags/my_first_dag.py
[2026-03-14T01:10:27.837+0000] {processor.py:839} INFO - DAG(s) dict_keys(['my_first_pipeline']) retrieved from /opt/airflow/dags/my_first_dag.py
[2026-03-14T01:10:27.860+0000] {logging_mixin.py:154} INFO - [2026-03-14T01:10:27.859+0000] {dag.py:2941} INFO - Sync 1 DAGs
[2026-03-14T01:10:27.870+0000] {logging_mixin.py:154} INFO - [2026-03-14T01:10:27.870+0000] {dag.py:3722} INFO - Setting next_dagrun for my_first_pipeline to None, run_after=None
[2026-03-14T01:10:27.886+0000] {processor.py:179} INFO - Processing /opt/airflow/dags/my_first_dag.py took 0.063 seconds
[2026-03-14T01:10:58.033+0000] {processor.py:157} INFO - Started process (PID=1860) to work on /opt/airflow/dags/my_first_dag.py
[2026-03-14T01:10:58.035+0000] {processor.py:829} INFO - Processing file /opt/airflow/dags/my_first_dag.py for tasks to queue
[2026-03-14T01:10:58.036+0000] {logging_mixin.py:154} INFO - [2026-03-14T01:10:58.036+0000] {dagbag.py:536} INFO - Filling up the DagBag from /opt/airflow/dags/my_first_dag.py
[2026-03-14T01:10:58.046+0000] {processor.py:839} INFO - DAG(s) dict_keys(['my_first_pipeline']) retrieved from /opt/airflow/dags/my_first_dag.py
[2026-03-14T01:10:58.070+0000] {logging_mixin.py:154} INFO - [2026-03-14T01:10:58.069+0000] {dag.py:2941} INFO - Sync 1 DAGs
[2026-03-14T01:10:58.080+0000] {logging_mixin.py:154} INFO - [2026-03-14T01:10:58.080+0000] {dag.py:3722} INFO - Setting next_dagrun for my_first_pipeline to None, run_after=None
[2026-03-14T01:10:58.096+0000] {processor.py:179} INFO - Processing /opt/airflow/dags/my_first_dag.py took 0.068 seconds
[2026-03-14T01:11:28.236+0000] {processor.py:157} INFO - Started process (PID=1872) to work on /opt/airflow/dags/my_first_dag.py
[2026-03-14T01:11:28.237+0000] {processor.py:829} INFO - Processing file /opt/airflow/dags/my_first_dag.py for tasks to queue
[2026-03-14T01:11:28.238+0000] {logging_mixin.py:154} INFO - [2026-03-14T01:11:28.238+0000] {dagbag.py:536} INFO - Filling up the DagBag from /opt/airflow/dags/my_first_dag.py
[2026-03-14T01:11:28.246+0000] {processor.py:839} INFO - DAG(s) dict_keys(['my_first_pipeline']) retrieved from /opt/airflow/dags/my_first_dag.py
[2026-03-14T01:11:28.270+0000] {logging_mixin.py:154} INFO - [2026-03-14T01:11:28.270+0000] {dag.py:2941} INFO - Sync 1 DAGs
[2026-03-14T01:11:28.280+0000] {logging_mixin.py:154} INFO - [2026-03-14T01:11:28.280+0000] {dag.py:3722} INFO - Setting next_dagrun for my_first_pipeline to None, run_after=None
[2026-03-14T01:11:28.297+0000] {processor.py:179} INFO - Processing /opt/airflow/dags/my_first_dag.py took 0.064 seconds
[2026-03-14T01:11:58.454+0000] {processor.py:157} INFO - Started process (PID=1884) to work on /opt/airflow/dags/my_first_dag.py
[2026-03-14T01:11:58.455+0000] {processor.py:829} INFO - Processing file /opt/airflow/dags/my_first_dag.py for tasks to queue
[2026-03-14T01:11:58.456+0000] {logging_mixin.py:154} INFO - [2026-03-14T01:11:58.456+0000] {dagbag.py:536} INFO - Filling up the DagBag from /opt/airflow/dags/my_first_dag.py
[2026-03-14T01:11:58.466+0000] {processor.py:839} INFO - DAG(s) dict_keys(['my_first_pipeline']) retrieved from /opt/airflow/dags/my_first_dag.py
[2026-03-14T01:11:58.491+0000] {logging_mixin.py:154} INFO - [2026-03-14T01:11:58.491+0000] {dag.py:2941} INFO - Sync 1 DAGs
[2026-03-14T01:11:58.501+0000] {logging_mixin.py:154} INFO - [2026-03-14T01:11:58.501+0000] {dag.py:3722} INFO - Setting next_dagrun for my_first_pipeline to None, run_after=None
[2026-03-14T01:11:58.519+0000] {processor.py:179} INFO - Processing /opt/airflow/dags/my_first_dag.py took 0.070 seconds
[2026-03-14T01:12:28.697+0000] {processor.py:157} INFO - Started process (PID=1897) to work on /opt/airflow/dags/my_first_dag.py
[2026-03-14T01:12:28.698+0000] {processor.py:829} INFO - Processing file /opt/airflow/dags/my_first_dag.py for tasks to queue
[2026-03-14T01:12:28.700+0000] {logging_mixin.py:154} INFO - [2026-03-14T01:12:28.699+0000] {dagbag.py:536} INFO - Filling up the DagBag from /opt/airflow/dags/my_first_dag.py
[2026-03-14T01:12:28.709+0000] {processor.py:839} INFO - DAG(s) dict_keys(['my_first_pipeline']) retrieved from /opt/airflow/dags/my_first_dag.py
[2026-03-14T01:12:28.733+0000] {logging_mixin.py:154} INFO - [2026-03-14T01:12:28.732+0000] {dag.py:2941} INFO - Sync 1 DAGs
[2026-03-14T01:12:28.744+0000] {logging_mixin.py:154} INFO - [2026-03-14T01:12:28.743+0000] {dag.py:3722} INFO - Setting next_dagrun for my_first_pipeline to None, run_after=None
[2026-03-14T01:12:28.761+0000] {processor.py:179} INFO - Processing /opt/airflow/dags/my_first_dag.py took 0.070 seconds
[2026-03-14T01:12:58.897+0000] {processor.py:157} INFO - Started process (PID=1910) to work on /opt/airflow/dags/my_first_dag.py
[2026-03-14T01:12:58.898+0000] {processor.py:829} INFO - Processing file /opt/airflow/dags/my_first_dag.py for tasks to queue
[2026-03-14T01:12:58.898+0000] {logging_mixin.py:154} INFO - [2026-03-14T01:12:58.898+0000] {dagbag.py:536} INFO - Filling up the DagBag from /opt/airflow/dags/my_first_dag.py
[2026-03-14T01:12:58.907+0000] {processor.py:839} INFO - DAG(s) dict_keys(['my_first_pipeline']) retrieved from /opt/airflow/dags/my_first_dag.py
[2026-03-14T01:12:58.931+0000] {logging_mixin.py:154} INFO - [2026-03-14T01:12:58.931+0000] {dag.py:2941} INFO - Sync 1 DAGs
[2026-03-14T01:12:58.941+0000] {logging_mixin.py:154} INFO - [2026-03-14T01:12:58.941+0000] {dag.py:3722} INFO - Setting next_dagrun for my_first_pipeline to None, run_after=None
[2026-03-14T01:12:58.959+0000] {processor.py:179} INFO - Processing /opt/airflow/dags/my_first_dag.py took 0.065 seconds
[2026-03-14T01:13:29.115+0000] {processor.py:157} INFO - Started process (PID=1922) to work on /opt/airflow/dags/my_first_dag.py
[2026-03-14T01:13:29.117+0000] {processor.py:829} INFO - Processing file /opt/airflow/dags/my_first_dag.py for tasks to queue
[2026-03-14T01:13:29.117+0000] {logging_mixin.py:154} INFO - [2026-03-14T01:13:29.117+0000] {dagbag.py:536} INFO - Filling up the DagBag from /opt/airflow/dags/my_first_dag.py
[2026-03-14T01:13:29.127+0000] {processor.py:839} INFO - DAG(s) dict_keys(['my_first_pipeline']) retrieved from /opt/airflow/dags/my_first_dag.py
[2026-03-14T01:13:29.154+0000] {logging_mixin.py:154} INFO - [2026-03-14T01:13:29.154+0000] {dag.py:2941} INFO - Sync 1 DAGs
[2026-03-14T01:13:29.166+0000] {logging_mixin.py:154} INFO - [2026-03-14T01:13:29.166+0000] {dag.py:3722} INFO - Setting next_dagrun for my_first_pipeline to None, run_after=None
[2026-03-14T01:13:29.188+0000] {processor.py:179} INFO - Processing /opt/airflow/dags/my_first_dag.py took 0.077 seconds
[2026-03-14T01:13:59.316+0000] {processor.py:157} INFO - Started process (PID=1934) to work on /opt/airflow/dags/my_first_dag.py
[2026-03-14T01:13:59.317+0000] {processor.py:829} INFO - Processing file /opt/airflow/dags/my_first_dag.py for tasks to queue
[2026-03-14T01:13:59.318+0000] {logging_mixin.py:154} INFO - [2026-03-14T01:13:59.318+0000] {dagbag.py:536} INFO - Filling up the DagBag from /opt/airflow/dags/my_first_dag.py
[2026-03-14T01:13:59.329+0000] {processor.py:839} INFO - DAG(s) dict_keys(['my_first_pipeline']) retrieved from /opt/airflow/dags/my_first_dag.py
[2026-03-14T01:13:59.353+0000] {logging_mixin.py:154} INFO - [2026-03-14T01:13:59.353+0000] {dag.py:2941} INFO - Sync 1 DAGs
[2026-03-14T01:13:59.364+0000] {logging_mixin.py:154} INFO - [2026-03-14T01:13:59.364+0000] {dag.py:3722} INFO - Setting next_dagrun for my_first_pipeline to None, run_after=None
[2026-03-14T01:13:59.379+0000] {processor.py:179} INFO - Processing /opt/airflow/dags/my_first_dag.py took 0.069 seconds
[2026-03-14T01:14:29.519+0000] {processor.py:157} INFO - Started process (PID=1946) to work on /opt/airflow/dags/my_first_dag.py
[2026-03-14T01:14:29.520+0000] {processor.py:829} INFO - Processing file /opt/airflow/dags/my_first_dag.py for tasks to queue
[2026-03-14T01:14:29.521+0000] {logging_mixin.py:154} INFO - [2026-03-14T01:14:29.520+0000] {dagbag.py:536} INFO - Filling up the DagBag from /opt/airflow/dags/my_first_dag.py
[2026-03-14T01:14:29.529+0000] {processor.py:839} INFO - DAG(s) dict_keys(['my_first_pipeline']) retrieved from /opt/airflow/dags/my_first_dag.py
[2026-03-14T01:14:29.552+0000] {logging_mixin.py:154} INFO - [2026-03-14T01:14:29.552+0000] {dag.py:2941} INFO - Sync 1 DAGs
[2026-03-14T01:14:29.562+0000] {logging_mixin.py:154} INFO - [2026-03-14T01:14:29.562+0000] {dag.py:3722} INFO - Setting next_dagrun for my_first_pipeline to None, run_after=None
[2026-03-14T01:14:29.579+0000] {processor.py:179} INFO - Processing /opt/airflow/dags/my_first_dag.py took 0.063 seconds
[2026-03-14T01:14:59.744+0000] {processor.py:157} INFO - Started process (PID=1958) to work on /opt/airflow/dags/my_first_dag.py
[2026-03-14T01:14:59.745+0000] {processor.py:829} INFO - Processing file /opt/airflow/dags/my_first_dag.py for tasks to queue
[2026-03-14T01:14:59.746+0000] {logging_mixin.py:154} INFO - [2026-03-14T01:14:59.746+0000] {dagbag.py:536} INFO - Filling up the DagBag from /opt/airflow/dags/my_first_dag.py
[2026-03-14T01:14:59.756+0000] {processor.py:839} INFO - DAG(s) dict_keys(['my_first_pipeline']) retrieved from /opt/airflow/dags/my_first_dag.py
[2026-03-14T01:14:59.780+0000] {logging_mixin.py:154} INFO - [2026-03-14T01:14:59.780+0000] {dag.py:2941} INFO - Sync 1 DAGs
[2026-03-14T01:14:59.790+0000] {logging_mixin.py:154} INFO - [2026-03-14T01:14:59.790+0000] {dag.py:3722} INFO - Setting next_dagrun for my_first_pipeline to None, run_after=None
[2026-03-14T01:14:59.806+0000] {processor.py:179} INFO - Processing /opt/airflow/dags/my_first_dag.py took 0.065 seconds
[2026-03-14T01:15:30.019+0000] {processor.py:157} INFO - Started process (PID=1970) to work on /opt/airflow/dags/my_first_dag.py
[2026-03-14T01:15:30.020+0000] {processor.py:829} INFO - Processing file /opt/airflow/dags/my_first_dag.py for tasks to queue
[2026-03-14T01:15:30.021+0000] {logging_mixin.py:154} INFO - [2026-03-14T01:15:30.021+0000] {dagbag.py:536} INFO - Filling up the DagBag from /opt/airflow/dags/my_first_dag.py
[2026-03-14T01:15:30.032+0000] {processor.py:839} INFO - DAG(s) dict_keys(['my_first_pipeline']) retrieved from /opt/airflow/dags/my_first_dag.py
[2026-03-14T01:15:30.056+0000] {logging_mixin.py:154} INFO - [2026-03-14T01:15:30.056+0000] {dag.py:2941} INFO - Sync 1 DAGs
[2026-03-14T01:15:30.067+0000] {logging_mixin.py:154} INFO - [2026-03-14T01:15:30.066+0000] {dag.py:3722} INFO - Setting next_dagrun for my_first_pipeline to None, run_after=None
[2026-03-14T01:15:30.082+0000] {processor.py:179} INFO - Processing /opt/airflow/dags/my_first_dag.py took 0.068 seconds
[2026-03-14T01:16:00.211+0000] {processor.py:157} INFO - Started process (PID=1982) to work on /opt/airflow/dags/my_first_dag.py
[2026-03-14T01:16:00.211+0000] {processor.py:829} INFO - Processing file /opt/airflow/dags/my_first_dag.py for tasks to queue
[2026-03-14T01:16:00.212+0000] {logging_mixin.py:154} INFO - [2026-03-14T01:16:00.212+0000] {dagbag.py:536} INFO - Filling up the DagBag from /opt/airflow/dags/my_first_dag.py
[2026-03-14T01:16:00.221+0000] {processor.py:839} INFO - DAG(s) dict_keys(['my_first_pipeline']) retrieved from /opt/airflow/dags/my_first_dag.py
[2026-03-14T01:16:00.246+0000] {logging_mixin.py:154} INFO - [2026-03-14T01:16:00.246+0000] {dag.py:2941} INFO - Sync 1 DAGs
[2026-03-14T01:16:00.256+0000] {logging_mixin.py:154} INFO - [2026-03-14T01:16:00.256+0000] {dag.py:3722} INFO - Setting next_dagrun for my_first_pipeline to None, run_after=None
[2026-03-14T01:16:00.273+0000] {processor.py:179} INFO - Processing /opt/airflow/dags/my_first_dag.py took 0.065 seconds
[2026-03-14T01:16:30.419+0000] {processor.py:157} INFO - Started process (PID=1994) to work on /opt/airflow/dags/my_first_dag.py
[2026-03-14T01:16:30.420+0000] {processor.py:829} INFO - Processing file /opt/airflow/dags/my_first_dag.py for tasks to queue
[2026-03-14T01:16:30.421+0000] {logging_mixin.py:154} INFO - [2026-03-14T01:16:30.421+0000] {dagbag.py:536} INFO - Filling up the DagBag from /opt/airflow/dags/my_first_dag.py
[2026-03-14T01:16:30.429+0000] {processor.py:839} INFO - DAG(s) dict_keys(['my_first_pipeline']) retrieved from /opt/airflow/dags/my_first_dag.py
[2026-03-14T01:16:30.453+0000] {logging_mixin.py:154} INFO - [2026-03-14T01:16:30.453+0000] {dag.py:2941} INFO - Sync 1 DAGs
[2026-03-14T01:16:30.463+0000] {logging_mixin.py:154} INFO - [2026-03-14T01:16:30.463+0000] {dag.py:3722} INFO - Setting next_dagrun for my_first_pipeline to None, run_after=None
[2026-03-14T01:16:30.480+0000] {processor.py:179} INFO - Processing /opt/airflow/dags/my_first_dag.py took 0.064 seconds
[2026-03-14T01:17:00.635+0000] {processor.py:157} INFO - Started process (PID=2006) to work on /opt/airflow/dags/my_first_dag.py
[2026-03-14T01:17:00.636+0000] {processor.py:829} INFO - Processing file /opt/airflow/dags/my_first_dag.py for tasks to queue
[2026-03-14T01:17:00.637+0000] {logging_mixin.py:154} INFO - [2026-03-14T01:17:00.636+0000] {dagbag.py:536} INFO - Filling up the DagBag from /opt/airflow/dags/my_first_dag.py
[2026-03-14T01:17:00.645+0000] {processor.py:839} INFO - DAG(s) dict_keys(['my_first_pipeline']) retrieved from /opt/airflow/dags/my_first_dag.py
[2026-03-14T01:17:00.670+0000] {logging_mixin.py:154} INFO - [2026-03-14T01:17:00.669+0000] {dag.py:2941} INFO - Sync 1 DAGs
[2026-03-14T01:17:00.681+0000] {logging_mixin.py:154} INFO - [2026-03-14T01:17:00.680+0000] {dag.py:3722} INFO - Setting next_dagrun for my_first_pipeline to None, run_after=None
[2026-03-14T01:17:00.698+0000] {processor.py:179} INFO - Processing /opt/airflow/dags/my_first_dag.py took 0.066 seconds
[2026-03-14T01:17:30.812+0000] {processor.py:157} INFO - Started process (PID=2018) to work on /opt/airflow/dags/my_first_dag.py
[2026-03-14T01:17:30.813+0000] {processor.py:829} INFO - Processing file /opt/airflow/dags/my_first_dag.py for tasks to queue
[2026-03-14T01:17:30.814+0000] {logging_mixin.py:154} INFO - [2026-03-14T01:17:30.814+0000] {dagbag.py:536} INFO - Filling up the DagBag from /opt/airflow/dags/my_first_dag.py
[2026-03-14T01:17:30.824+0000] {processor.py:839} INFO - DAG(s) dict_keys(['my_first_pipeline']) retrieved from /opt/airflow/dags/my_first_dag.py
[2026-03-14T01:17:30.852+0000] {logging_mixin.py:154} INFO - [2026-03-14T01:17:30.852+0000] {dag.py:2941} INFO - Sync 1 DAGs
[2026-03-14T01:17:30.866+0000] {logging_mixin.py:154} INFO - [2026-03-14T01:17:30.866+0000] {dag.py:3722} INFO - Setting next_dagrun for my_first_pipeline to None, run_after=None
[2026-03-14T01:17:30.889+0000] {processor.py:179} INFO - Processing /opt/airflow/dags/my_first_dag.py took 0.081 seconds
[2026-03-14T01:18:01.024+0000] {processor.py:157} INFO - Started process (PID=2030) to work on /opt/airflow/dags/my_first_dag.py
[2026-03-14T01:18:01.025+0000] {processor.py:829} INFO - Processing file /opt/airflow/dags/my_first_dag.py for tasks to queue
[2026-03-14T01:18:01.025+0000] {logging_mixin.py:154} INFO - [2026-03-14T01:18:01.025+0000] {dagbag.py:536} INFO - Filling up the DagBag from /opt/airflow/dags/my_first_dag.py
[2026-03-14T01:18:01.034+0000] {processor.py:839} INFO - DAG(s) dict_keys(['my_first_pipeline']) retrieved from /opt/airflow/dags/my_first_dag.py
[2026-03-14T01:18:01.057+0000] {logging_mixin.py:154} INFO - [2026-03-14T01:18:01.057+0000] {dag.py:2941} INFO - Sync 1 DAGs
[2026-03-14T01:18:01.067+0000] {logging_mixin.py:154} INFO - [2026-03-14T01:18:01.067+0000] {dag.py:3722} INFO - Setting next_dagrun for my_first_pipeline to None, run_after=None
[2026-03-14T01:18:01.084+0000] {processor.py:179} INFO - Processing /opt/airflow/dags/my_first_dag.py took 0.063 seconds
[2026-03-14T01:18:31.235+0000] {processor.py:157} INFO - Started process (PID=2042) to work on /opt/airflow/dags/my_first_dag.py
[2026-03-14T01:18:31.236+0000] {processor.py:829} INFO - Processing file /opt/airflow/dags/my_first_dag.py for tasks to queue
[2026-03-14T01:18:31.237+0000] {logging_mixin.py:154} INFO - [2026-03-14T01:18:31.237+0000] {dagbag.py:536} INFO - Filling up the DagBag from /opt/airflow/dags/my_first_dag.py
[2026-03-14T01:18:31.248+0000] {processor.py:839} INFO - DAG(s) dict_keys(['my_first_pipeline']) retrieved from /opt/airflow/dags/my_first_dag.py
[2026-03-14T01:18:31.271+0000] {logging_mixin.py:154} INFO - [2026-03-14T01:18:31.271+0000] {dag.py:2941} INFO - Sync 1 DAGs
[2026-03-14T01:18:31.282+0000] {logging_mixin.py:154} INFO - [2026-03-14T01:18:31.282+0000] {dag.py:3722} INFO - Setting next_dagrun for my_first_pipeline to None, run_after=None
[2026-03-14T01:18:31.296+0000] {processor.py:179} INFO - Processing /opt/airflow/dags/my_first_dag.py took 0.066 seconds
[2026-03-14T01:19:01.446+0000] {processor.py:157} INFO - Started process (PID=2054) to work on /opt/airflow/dags/my_first_dag.py
[2026-03-14T01:19:01.447+0000] {processor.py:829} INFO - Processing file /opt/airflow/dags/my_first_dag.py for tasks to queue
[2026-03-14T01:19:01.448+0000] {logging_mixin.py:154} INFO - [2026-03-14T01:19:01.448+0000] {dagbag.py:536} INFO - Filling up the DagBag from /opt/airflow/dags/my_first_dag.py
[2026-03-14T01:19:01.456+0000] {processor.py:839} INFO - DAG(s) dict_keys(['my_first_pipeline']) retrieved from /opt/airflow/dags/my_first_dag.py
[2026-03-14T01:19:01.480+0000] {logging_mixin.py:154} INFO - [2026-03-14T01:19:01.480+0000] {dag.py:2941} INFO - Sync 1 DAGs
[2026-03-14T01:19:01.491+0000] {logging_mixin.py:154} INFO - [2026-03-14T01:19:01.491+0000] {dag.py:3722} INFO - Setting next_dagrun for my_first_pipeline to None, run_after=None
[2026-03-14T01:19:01.508+0000] {processor.py:179} INFO - Processing /opt/airflow/dags/my_first_dag.py took 0.065 seconds
[2026-03-14T01:19:31.649+0000] {processor.py:157} INFO - Started process (PID=2066) to work on /opt/airflow/dags/my_first_dag.py
[2026-03-14T01:19:31.650+0000] {processor.py:829} INFO - Processing file /opt/airflow/dags/my_first_dag.py for tasks to queue
[2026-03-14T01:19:31.651+0000] {logging_mixin.py:154} INFO - [2026-03-14T01:19:31.651+0000] {dagbag.py:536} INFO - Filling up the DagBag from /opt/airflow/dags/my_first_dag.py
[2026-03-14T01:19:31.661+0000] {processor.py:839} INFO - DAG(s) dict_keys(['my_first_pipeline']) retrieved from /opt/airflow/dags/my_first_dag.py
[2026-03-14T01:19:31.685+0000] {logging_mixin.py:154} INFO - [2026-03-14T01:19:31.685+0000] {dag.py:2941} INFO - Sync 1 DAGs
[2026-03-14T01:19:31.695+0000] {logging_mixin.py:154} INFO - [2026-03-14T01:19:31.695+0000] {dag.py:3722} INFO - Setting next_dagrun for my_first_pipeline to None, run_after=None
[2026-03-14T01:19:31.711+0000] {processor.py:179} INFO - Processing /opt/airflow/dags/my_first_dag.py took 0.067 seconds
[2026-03-14T01:20:01.861+0000] {processor.py:157} INFO - Started process (PID=2078) to work on /opt/airflow/dags/my_first_dag.py
[2026-03-14T01:20:01.862+0000] {processor.py:829} INFO - Processing file /opt/airflow/dags/my_first_dag.py for tasks to queue
[2026-03-14T01:20:01.863+0000] {logging_mixin.py:154} INFO - [2026-03-14T01:20:01.863+0000] {dagbag.py:536} INFO - Filling up the DagBag from /opt/airflow/dags/my_first_dag.py
[2026-03-14T01:20:01.871+0000] {processor.py:839} INFO - DAG(s) dict_keys(['my_first_pipeline']) retrieved from /opt/airflow/dags/my_first_dag.py
[2026-03-14T01:20:01.895+0000] {logging_mixin.py:154} INFO - [2026-03-14T01:20:01.895+0000] {dag.py:2941} INFO - Sync 1 DAGs
[2026-03-14T01:20:01.905+0000] {logging_mixin.py:154} INFO - [2026-03-14T01:20:01.905+0000] {dag.py:3722} INFO - Setting next_dagrun for my_first_pipeline to None, run_after=None
[2026-03-14T01:20:01.923+0000] {processor.py:179} INFO - Processing /opt/airflow/dags/my_first_dag.py took 0.064 seconds
[2026-03-14T01:20:32.115+0000] {processor.py:157} INFO - Started process (PID=2090) to work on /opt/airflow/dags/my_first_dag.py
[2026-03-14T01:20:32.116+0000] {processor.py:829} INFO - Processing file /opt/airflow/dags/my_first_dag.py for tasks to queue
[2026-03-14T01:20:32.117+0000] {logging_mixin.py:154} INFO - [2026-03-14T01:20:32.117+0000] {dagbag.py:536} INFO - Filling up the DagBag from /opt/airflow/dags/my_first_dag.py
[2026-03-14T01:20:32.125+0000] {processor.py:839} INFO - DAG(s) dict_keys(['my_first_pipeline']) retrieved from /opt/airflow/dags/my_first_dag.py
[2026-03-14T01:20:32.148+0000] {logging_mixin.py:154} INFO - [2026-03-14T01:20:32.148+0000] {dag.py:2941} INFO - Sync 1 DAGs
[2026-03-14T01:20:32.159+0000] {logging_mixin.py:154} INFO - [2026-03-14T01:20:32.159+0000] {dag.py:3722} INFO - Setting next_dagrun for my_first_pipeline to None, run_after=None
[2026-03-14T01:20:32.178+0000] {processor.py:179} INFO - Processing /opt/airflow/dags/my_first_dag.py took 0.065 seconds
[2026-03-14T01:21:02.336+0000] {processor.py:157} INFO - Started process (PID=2102) to work on /opt/airflow/dags/my_first_dag.py
[2026-03-14T01:21:02.337+0000] {processor.py:829} INFO - Processing file /opt/airflow/dags/my_first_dag.py for tasks to queue
[2026-03-14T01:21:02.338+0000] {logging_mixin.py:154} INFO - [2026-03-14T01:21:02.338+0000] {dagbag.py:536} INFO - Filling up the DagBag from /opt/airflow/dags/my_first_dag.py
[2026-03-14T01:21:02.347+0000] {processor.py:839} INFO - DAG(s) dict_keys(['my_first_pipeline']) retrieved from /opt/airflow/dags/my_first_dag.py
[2026-03-14T01:21:02.370+0000] {logging_mixin.py:154} INFO - [2026-03-14T01:21:02.369+0000] {dag.py:2941} INFO - Sync 1 DAGs
[2026-03-14T01:21:02.381+0000] {logging_mixin.py:154} INFO - [2026-03-14T01:21:02.381+0000] {dag.py:3722} INFO - Setting next_dagrun for my_first_pipeline to None, run_after=None
[2026-03-14T01:21:02.398+0000] {processor.py:179} INFO - Processing /opt/airflow/dags/my_first_dag.py took 0.065 seconds
[2026-03-14T01:21:32.536+0000] {processor.py:157} INFO - Started process (PID=2114) to work on /opt/airflow/dags/my_first_dag.py
[2026-03-14T01:21:32.538+0000] {processor.py:829} INFO - Processing file /opt/airflow/dags/my_first_dag.py for tasks to queue
[2026-03-14T01:21:32.539+0000] {logging_mixin.py:154} INFO - [2026-03-14T01:21:32.538+0000] {dagbag.py:536} INFO - Filling up the DagBag from /opt/airflow/dags/my_first_dag.py
[2026-03-14T01:21:32.548+0000] {processor.py:839} INFO - DAG(s) dict_keys(['my_first_pipeline']) retrieved from /opt/airflow/dags/my_first_dag.py
[2026-03-14T01:21:32.575+0000] {logging_mixin.py:154} INFO - [2026-03-14T01:21:32.575+0000] {dag.py:2941} INFO - Sync 1 DAGs
[2026-03-14T01:21:32.587+0000] {logging_mixin.py:154} INFO - [2026-03-14T01:21:32.587+0000] {dag.py:3722} INFO - Setting next_dagrun for my_first_pipeline to None, run_after=None
[2026-03-14T01:21:32.609+0000] {processor.py:179} INFO - Processing /opt/airflow/dags/my_first_dag.py took 0.076 seconds
[2026-03-14T01:22:02.742+0000] {processor.py:157} INFO - Started process (PID=2126) to work on /opt/airflow/dags/my_first_dag.py
[2026-03-14T01:22:02.743+0000] {processor.py:829} INFO - Processing file /opt/airflow/dags/my_first_dag.py for tasks to queue
[2026-03-14T01:22:02.744+0000] {logging_mixin.py:154} INFO - [2026-03-14T01:22:02.743+0000] {dagbag.py:536} INFO - Filling up the DagBag from /opt/airflow/dags/my_first_dag.py
[2026-03-14T01:22:02.755+0000] {processor.py:839} INFO - DAG(s) dict_keys(['my_first_pipeline']) retrieved from /opt/airflow/dags/my_first_dag.py
[2026-03-14T01:22:02.781+0000] {logging_mixin.py:154} INFO - [2026-03-14T01:22:02.781+0000] {dag.py:2941} INFO - Sync 1 DAGs
[2026-03-14T01:22:02.792+0000] {logging_mixin.py:154} INFO - [2026-03-14T01:22:02.792+0000] {dag.py:3722} INFO - Setting next_dagrun for my_first_pipeline to None, run_after=None
[2026-03-14T01:22:02.809+0000] {processor.py:179} INFO - Processing /opt/airflow/dags/my_first_dag.py took 0.072 seconds
[2026-03-14T01:22:32.977+0000] {processor.py:157} INFO - Started process (PID=2138) to work on /opt/airflow/dags/my_first_dag.py
[2026-03-14T01:22:32.978+0000] {processor.py:829} INFO - Processing file /opt/airflow/dags/my_first_dag.py for tasks to queue
[2026-03-14T01:22:32.979+0000] {logging_mixin.py:154} INFO - [2026-03-14T01:22:32.979+0000] {dagbag.py:536} INFO - Filling up the DagBag from /opt/airflow/dags/my_first_dag.py
[2026-03-14T01:22:32.990+0000] {processor.py:839} INFO - DAG(s) dict_keys(['my_first_pipeline']) retrieved from /opt/airflow/dags/my_first_dag.py
[2026-03-14T01:22:33.016+0000] {logging_mixin.py:154} INFO - [2026-03-14T01:22:33.016+0000] {dag.py:2941} INFO - Sync 1 DAGs
[2026-03-14T01:22:33.027+0000] {logging_mixin.py:154} INFO - [2026-03-14T01:22:33.027+0000] {dag.py:3722} INFO - Setting next_dagrun for my_first_pipeline to None, run_after=None
[2026-03-14T01:22:33.044+0000] {processor.py:179} INFO - Processing /opt/airflow/dags/my_first_dag.py took 0.070 seconds
[2026-03-14T01:23:03.206+0000] {processor.py:157} INFO - Started process (PID=2149) to work on /opt/airflow/dags/my_first_dag.py
[2026-03-14T01:23:03.207+0000] {processor.py:829} INFO - Processing file /opt/airflow/dags/my_first_dag.py for tasks to queue
[2026-03-14T01:23:03.207+0000] {logging_mixin.py:154} INFO - [2026-03-14T01:23:03.207+0000] {dagbag.py:536} INFO - Filling up the DagBag from /opt/airflow/dags/my_first_dag.py
[2026-03-14T01:23:03.217+0000] {processor.py:839} INFO - DAG(s) dict_keys(['my_first_pipeline']) retrieved from /opt/airflow/dags/my_first_dag.py
[2026-03-14T01:23:03.241+0000] {logging_mixin.py:154} INFO - [2026-03-14T01:23:03.241+0000] {dag.py:2941} INFO - Sync 1 DAGs
[2026-03-14T01:23:03.252+0000] {logging_mixin.py:154} INFO - [2026-03-14T01:23:03.252+0000] {dag.py:3722} INFO - Setting next_dagrun for my_first_pipeline to None, run_after=None
[2026-03-14T01:23:03.269+0000] {processor.py:179} INFO - Processing /opt/airflow/dags/my_first_dag.py took 0.067 seconds
[2026-03-14T01:23:33.407+0000] {processor.py:157} INFO - Started process (PID=2160) to work on /opt/airflow/dags/my_first_dag.py
[2026-03-14T01:23:33.408+0000] {processor.py:829} INFO - Processing file /opt/airflow/dags/my_first_dag.py for tasks to queue
[2026-03-14T01:23:33.409+0000] {logging_mixin.py:154} INFO - [2026-03-14T01:23:33.409+0000] {dagbag.py:536} INFO - Filling up the DagBag from /opt/airflow/dags/my_first_dag.py
[2026-03-14T01:23:33.417+0000] {processor.py:839} INFO - DAG(s) dict_keys(['my_first_pipeline']) retrieved from /opt/airflow/dags/my_first_dag.py
[2026-03-14T01:23:33.442+0000] {logging_mixin.py:154} INFO - [2026-03-14T01:23:33.441+0000] {dag.py:2941} INFO - Sync 1 DAGs
[2026-03-14T01:23:33.452+0000] {logging_mixin.py:154} INFO - [2026-03-14T01:23:33.452+0000] {dag.py:3722} INFO - Setting next_dagrun for my_first_pipeline to None, run_after=None
[2026-03-14T01:23:33.468+0000] {processor.py:179} INFO - Processing /opt/airflow/dags/my_first_dag.py took 0.064 seconds
[2026-03-14T01:24:03.668+0000] {processor.py:157} INFO - Started process (PID=2172) to work on /opt/airflow/dags/my_first_dag.py
[2026-03-14T01:24:03.670+0000] {processor.py:829} INFO - Processing file /opt/airflow/dags/my_first_dag.py for tasks to queue
[2026-03-14T01:24:03.670+0000] {logging_mixin.py:154} INFO - [2026-03-14T01:24:03.670+0000] {dagbag.py:536} INFO - Filling up the DagBag from /opt/airflow/dags/my_first_dag.py
[2026-03-14T01:24:03.680+0000] {processor.py:839} INFO - DAG(s) dict_keys(['my_first_pipeline']) retrieved from /opt/airflow/dags/my_first_dag.py
[2026-03-14T01:24:03.702+0000] {logging_mixin.py:154} INFO - [2026-03-14T01:24:03.702+0000] {dag.py:2941} INFO - Sync 1 DAGs
[2026-03-14T01:24:03.712+0000] {logging_mixin.py:154} INFO - [2026-03-14T01:24:03.712+0000] {dag.py:3722} INFO - Setting next_dagrun for my_first_pipeline to None, run_after=None
[2026-03-14T01:24:03.729+0000] {processor.py:179} INFO - Processing /opt/airflow/dags/my_first_dag.py took 0.064 seconds
[2026-03-14T01:24:33.868+0000] {processor.py:157} INFO - Started process (PID=2184) to work on /opt/airflow/dags/my_first_dag.py
[2026-03-14T01:24:33.869+0000] {processor.py:829} INFO - Processing file /opt/airflow/dags/my_first_dag.py for tasks to queue
[2026-03-14T01:24:33.871+0000] {logging_mixin.py:154} INFO - [2026-03-14T01:24:33.870+0000] {dagbag.py:536} INFO - Filling up the DagBag from /opt/airflow/dags/my_first_dag.py
[2026-03-14T01:24:33.883+0000] {processor.py:839} INFO - DAG(s) dict_keys(['my_first_pipeline']) retrieved from /opt/airflow/dags/my_first_dag.py
[2026-03-14T01:24:33.909+0000] {logging_mixin.py:154} INFO - [2026-03-14T01:24:33.909+0000] {dag.py:2941} INFO - Sync 1 DAGs
[2026-03-14T01:24:33.919+0000] {logging_mixin.py:154} INFO - [2026-03-14T01:24:33.919+0000] {dag.py:3722} INFO - Setting next_dagrun for my_first_pipeline to None, run_after=None
[2026-03-14T01:24:33.936+0000] {processor.py:179} INFO - Processing /opt/airflow/dags/my_first_dag.py took 0.074 seconds
[2026-03-14T01:25:04.107+0000] {processor.py:157} INFO - Started process (PID=2196) to work on /opt/airflow/dags/my_first_dag.py
[2026-03-14T01:25:04.108+0000] {processor.py:829} INFO - Processing file /opt/airflow/dags/my_first_dag.py for tasks to queue
[2026-03-14T01:25:04.108+0000] {logging_mixin.py:154} INFO - [2026-03-14T01:25:04.108+0000] {dagbag.py:536} INFO - Filling up the DagBag from /opt/airflow/dags/my_first_dag.py
[2026-03-14T01:25:04.116+0000] {processor.py:839} INFO - DAG(s) dict_keys(['my_first_pipeline']) retrieved from /opt/airflow/dags/my_first_dag.py
[2026-03-14T01:25:04.140+0000] {logging_mixin.py:154} INFO - [2026-03-14T01:25:04.139+0000] {dag.py:2941} INFO - Sync 1 DAGs
[2026-03-14T01:25:04.150+0000] {logging_mixin.py:154} INFO - [2026-03-14T01:25:04.149+0000] {dag.py:3722} INFO - Setting next_dagrun for my_first_pipeline to None, run_after=None
[2026-03-14T01:25:04.164+0000] {processor.py:179} INFO - Processing /opt/airflow/dags/my_first_dag.py took 0.060 seconds
[2026-03-14T01:25:34.272+0000] {processor.py:157} INFO - Started process (PID=2208) to work on /opt/airflow/dags/my_first_dag.py
[2026-03-14T01:25:34.272+0000] {processor.py:829} INFO - Processing file /opt/airflow/dags/my_first_dag.py for tasks to queue
[2026-03-14T01:25:34.273+0000] {logging_mixin.py:154} INFO - [2026-03-14T01:25:34.273+0000] {dagbag.py:536} INFO - Filling up the DagBag from /opt/airflow/dags/my_first_dag.py
[2026-03-14T01:25:34.283+0000] {processor.py:839} INFO - DAG(s) dict_keys(['my_first_pipeline']) retrieved from /opt/airflow/dags/my_first_dag.py
[2026-03-14T01:25:34.310+0000] {logging_mixin.py:154} INFO - [2026-03-14T01:25:34.310+0000] {dag.py:2941} INFO - Sync 1 DAGs
[2026-03-14T01:25:34.322+0000] {logging_mixin.py:154} INFO - [2026-03-14T01:25:34.322+0000] {dag.py:3722} INFO - Setting next_dagrun for my_first_pipeline to None, run_after=None
[2026-03-14T01:25:34.345+0000] {processor.py:179} INFO - Processing /opt/airflow/dags/my_first_dag.py took 0.077 seconds
[2026-03-14T01:26:04.483+0000] {processor.py:157} INFO - Started process (PID=2220) to work on /opt/airflow/dags/my_first_dag.py
[2026-03-14T01:26:04.484+0000] {processor.py:829} INFO - Processing file /opt/airflow/dags/my_first_dag.py for tasks to queue
[2026-03-14T01:26:04.485+0000] {logging_mixin.py:154} INFO - [2026-03-14T01:26:04.484+0000] {dagbag.py:536} INFO - Filling up the DagBag from /opt/airflow/dags/my_first_dag.py
[2026-03-14T01:26:04.495+0000] {processor.py:839} INFO - DAG(s) dict_keys(['my_first_pipeline']) retrieved from /opt/airflow/dags/my_first_dag.py
[2026-03-14T01:26:04.520+0000] {logging_mixin.py:154} INFO - [2026-03-14T01:26:04.519+0000] {dag.py:2941} INFO - Sync 1 DAGs
[2026-03-14T01:26:04.530+0000] {logging_mixin.py:154} INFO - [2026-03-14T01:26:04.530+0000] {dag.py:3722} INFO - Setting next_dagrun for my_first_pipeline to None, run_after=None
[2026-03-14T01:26:04.546+0000] {processor.py:179} INFO - Processing /opt/airflow/dags/my_first_dag.py took 0.069 seconds
[2026-03-14T01:26:34.688+0000] {processor.py:157} INFO - Started process (PID=2232) to work on /opt/airflow/dags/my_first_dag.py
[2026-03-14T01:26:34.689+0000] {processor.py:829} INFO - Processing file /opt/airflow/dags/my_first_dag.py for tasks to queue
[2026-03-14T01:26:34.689+0000] {logging_mixin.py:154} INFO - [2026-03-14T01:26:34.689+0000] {dagbag.py:536} INFO - Filling up the DagBag from /opt/airflow/dags/my_first_dag.py
[2026-03-14T01:26:34.698+0000] {processor.py:839} INFO - DAG(s) dict_keys(['my_first_pipeline']) retrieved from /opt/airflow/dags/my_first_dag.py
[2026-03-14T01:26:34.721+0000] {logging_mixin.py:154} INFO - [2026-03-14T01:26:34.720+0000] {dag.py:2941} INFO - Sync 1 DAGs
[2026-03-14T01:26:34.731+0000] {logging_mixin.py:154} INFO - [2026-03-14T01:26:34.731+0000] {dag.py:3722} INFO - Setting next_dagrun for my_first_pipeline to None, run_after=None
[2026-03-14T01:26:34.746+0000] {processor.py:179} INFO - Processing /opt/airflow/dags/my_first_dag.py took 0.061 seconds
[2026-03-14T01:27:04.905+0000] {processor.py:157} INFO - Started process (PID=2243) to work on /opt/airflow/dags/my_first_dag.py
[2026-03-14T01:27:04.905+0000] {processor.py:829} INFO - Processing file /opt/airflow/dags/my_first_dag.py for tasks to queue
[2026-03-14T01:27:04.906+0000] {logging_mixin.py:154} INFO - [2026-03-14T01:27:04.905+0000] {dagbag.py:536} INFO - Filling up the DagBag from /opt/airflow/dags/my_first_dag.py
[2026-03-14T01:27:04.914+0000] {processor.py:839} INFO - DAG(s) dict_keys(['my_first_pipeline']) retrieved from /opt/airflow/dags/my_first_dag.py
[2026-03-14T01:27:04.937+0000] {logging_mixin.py:154} INFO - [2026-03-14T01:27:04.937+0000] {dag.py:2941} INFO - Sync 1 DAGs
[2026-03-14T01:27:04.947+0000] {logging_mixin.py:154} INFO - [2026-03-14T01:27:04.947+0000] {dag.py:3722} INFO - Setting next_dagrun for my_first_pipeline to None, run_after=None
[2026-03-14T01:27:04.964+0000] {processor.py:179} INFO - Processing /opt/airflow/dags/my_first_dag.py took 0.062 seconds
[2026-03-14T01:27:35.126+0000] {processor.py:157} INFO - Started process (PID=2255) to work on /opt/airflow/dags/my_first_dag.py
[2026-03-14T01:27:35.127+0000] {processor.py:829} INFO - Processing file /opt/airflow/dags/my_first_dag.py for tasks to queue
[2026-03-14T01:27:35.128+0000] {logging_mixin.py:154} INFO - [2026-03-14T01:27:35.128+0000] {dagbag.py:536} INFO - Filling up the DagBag from /opt/airflow/dags/my_first_dag.py
[2026-03-14T01:27:35.137+0000] {processor.py:839} INFO - DAG(s) dict_keys(['my_first_pipeline']) retrieved from /opt/airflow/dags/my_first_dag.py
[2026-03-14T01:27:35.160+0000] {logging_mixin.py:154} INFO - [2026-03-14T01:27:35.159+0000] {dag.py:2941} INFO - Sync 1 DAGs
[2026-03-14T01:27:35.170+0000] {logging_mixin.py:154} INFO - [2026-03-14T01:27:35.169+0000] {dag.py:3722} INFO - Setting next_dagrun for my_first_pipeline to None, run_after=None
[2026-03-14T01:27:35.186+0000] {processor.py:179} INFO - Processing /opt/airflow/dags/my_first_dag.py took 0.063 seconds
[2026-03-14T01:28:05.379+0000] {processor.py:157} INFO - Started process (PID=2267) to work on /opt/airflow/dags/my_first_dag.py
[2026-03-14T01:28:05.380+0000] {processor.py:829} INFO - Processing file /opt/airflow/dags/my_first_dag.py for tasks to queue
[2026-03-14T01:28:05.381+0000] {logging_mixin.py:154} INFO - [2026-03-14T01:28:05.381+0000] {dagbag.py:536} INFO - Filling up the DagBag from /opt/airflow/dags/my_first_dag.py
[2026-03-14T01:28:05.392+0000] {processor.py:839} INFO - DAG(s) dict_keys(['my_first_pipeline']) retrieved from /opt/airflow/dags/my_first_dag.py
[2026-03-14T01:28:05.415+0000] {logging_mixin.py:154} INFO - [2026-03-14T01:28:05.415+0000] {dag.py:2941} INFO - Sync 1 DAGs
[2026-03-14T01:28:05.425+0000] {logging_mixin.py:154} INFO - [2026-03-14T01:28:05.424+0000] {dag.py:3722} INFO - Setting next_dagrun for my_first_pipeline to None, run_after=None
[2026-03-14T01:28:05.441+0000] {processor.py:179} INFO - Processing /opt/airflow/dags/my_first_dag.py took 0.066 seconds
[2026-03-14T01:28:35.585+0000] {processor.py:157} INFO - Started process (PID=2279) to work on /opt/airflow/dags/my_first_dag.py
[2026-03-14T01:28:35.586+0000] {processor.py:829} INFO - Processing file /opt/airflow/dags/my_first_dag.py for tasks to queue
[2026-03-14T01:28:35.586+0000] {logging_mixin.py:154} INFO - [2026-03-14T01:28:35.586+0000] {dagbag.py:536} INFO - Filling up the DagBag from /opt/airflow/dags/my_first_dag.py
[2026-03-14T01:28:35.594+0000] {processor.py:839} INFO - DAG(s) dict_keys(['my_first_pipeline']) retrieved from /opt/airflow/dags/my_first_dag.py
[2026-03-14T01:28:35.619+0000] {logging_mixin.py:154} INFO - [2026-03-14T01:28:35.618+0000] {dag.py:2941} INFO - Sync 1 DAGs
[2026-03-14T01:28:35.629+0000] {logging_mixin.py:154} INFO - [2026-03-14T01:28:35.629+0000] {dag.py:3722} INFO - Setting next_dagrun for my_first_pipeline to None, run_after=None
[2026-03-14T01:28:35.646+0000] {processor.py:179} INFO - Processing /opt/airflow/dags/my_first_dag.py took 0.064 seconds
[2026-03-14T01:29:05.806+0000] {processor.py:157} INFO - Started process (PID=2291) to work on /opt/airflow/dags/my_first_dag.py
[2026-03-14T01:29:05.807+0000] {processor.py:829} INFO - Processing file /opt/airflow/dags/my_first_dag.py for tasks to queue
[2026-03-14T01:29:05.808+0000] {logging_mixin.py:154} INFO - [2026-03-14T01:29:05.808+0000] {dagbag.py:536} INFO - Filling up the DagBag from /opt/airflow/dags/my_first_dag.py
[2026-03-14T01:29:05.817+0000] {processor.py:839} INFO - DAG(s) dict_keys(['my_first_pipeline']) retrieved from /opt/airflow/dags/my_first_dag.py
[2026-03-14T01:29:05.840+0000] {logging_mixin.py:154} INFO - [2026-03-14T01:29:05.839+0000] {dag.py:2941} INFO - Sync 1 DAGs
[2026-03-14T01:29:05.850+0000] {logging_mixin.py:154} INFO - [2026-03-14T01:29:05.850+0000] {dag.py:3722} INFO - Setting next_dagrun for my_first_pipeline to None, run_after=None
[2026-03-14T01:29:05.867+0000] {processor.py:179} INFO - Processing /opt/airflow/dags/my_first_dag.py took 0.064 seconds
[2026-03-14T01:29:35.986+0000] {processor.py:157} INFO - Started process (PID=2303) to work on /opt/airflow/dags/my_first_dag.py
[2026-03-14T01:29:35.987+0000] {processor.py:829} INFO - Processing file /opt/airflow/dags/my_first_dag.py for tasks to queue
[2026-03-14T01:29:35.988+0000] {logging_mixin.py:154} INFO - [2026-03-14T01:29:35.987+0000] {dagbag.py:536} INFO - Filling up the DagBag from /opt/airflow/dags/my_first_dag.py
[2026-03-14T01:29:35.997+0000] {processor.py:839} INFO - DAG(s) dict_keys(['my_first_pipeline']) retrieved from /opt/airflow/dags/my_first_dag.py
[2026-03-14T01:29:36.024+0000] {logging_mixin.py:154} INFO - [2026-03-14T01:29:36.024+0000] {dag.py:2941} INFO - Sync 1 DAGs
[2026-03-14T01:29:36.037+0000] {logging_mixin.py:154} INFO - [2026-03-14T01:29:36.037+0000] {dag.py:3722} INFO - Setting next_dagrun for my_first_pipeline to None, run_after=None
[2026-03-14T01:29:36.060+0000] {processor.py:179} INFO - Processing /opt/airflow/dags/my_first_dag.py took 0.077 seconds
[2026-03-14T01:30:06.190+0000] {processor.py:157} INFO - Started process (PID=2316) to work on /opt/airflow/dags/my_first_dag.py
[2026-03-14T01:30:06.191+0000] {processor.py:829} INFO - Processing file /opt/airflow/dags/my_first_dag.py for tasks to queue
[2026-03-14T01:30:06.192+0000] {logging_mixin.py:154} INFO - [2026-03-14T01:30:06.192+0000] {dagbag.py:536} INFO - Filling up the DagBag from /opt/airflow/dags/my_first_dag.py
[2026-03-14T01:30:06.201+0000] {processor.py:839} INFO - DAG(s) dict_keys(['my_first_pipeline']) retrieved from /opt/airflow/dags/my_first_dag.py
[2026-03-14T01:30:06.226+0000] {logging_mixin.py:154} INFO - [2026-03-14T01:30:06.226+0000] {dag.py:2941} INFO - Sync 1 DAGs
[2026-03-14T01:30:06.236+0000] {logging_mixin.py:154} INFO - [2026-03-14T01:30:06.236+0000] {dag.py:3722} INFO - Setting next_dagrun for my_first_pipeline to None, run_after=None
[2026-03-14T01:30:06.252+0000] {processor.py:179} INFO - Processing /opt/airflow/dags/my_first_dag.py took 0.065 seconds
[2026-03-14T01:30:36.384+0000] {processor.py:157} INFO - Started process (PID=2327) to work on /opt/airflow/dags/my_first_dag.py
[2026-03-14T01:30:36.385+0000] {processor.py:829} INFO - Processing file /opt/airflow/dags/my_first_dag.py for tasks to queue
[2026-03-14T01:30:36.386+0000] {logging_mixin.py:154} INFO - [2026-03-14T01:30:36.386+0000] {dagbag.py:536} INFO - Filling up the DagBag from /opt/airflow/dags/my_first_dag.py
[2026-03-14T01:30:36.396+0000] {processor.py:839} INFO - DAG(s) dict_keys(['my_first_pipeline']) retrieved from /opt/airflow/dags/my_first_dag.py
[2026-03-14T01:30:36.421+0000] {logging_mixin.py:154} INFO - [2026-03-14T01:30:36.420+0000] {dag.py:2941} INFO - Sync 1 DAGs
[2026-03-14T01:30:36.430+0000] {logging_mixin.py:154} INFO - [2026-03-14T01:30:36.430+0000] {dag.py:3722} INFO - Setting next_dagrun for my_first_pipeline to None, run_after=None
[2026-03-14T01:30:36.445+0000] {processor.py:179} INFO - Processing /opt/airflow/dags/my_first_dag.py took 0.066 seconds
[2026-03-14T01:31:06.599+0000] {processor.py:157} INFO - Started process (PID=2339) to work on /opt/airflow/dags/my_first_dag.py
[2026-03-14T01:31:06.600+0000] {processor.py:829} INFO - Processing file /opt/airflow/dags/my_first_dag.py for tasks to queue
[2026-03-14T01:31:06.600+0000] {logging_mixin.py:154} INFO - [2026-03-14T01:31:06.600+0000] {dagbag.py:536} INFO - Filling up the DagBag from /opt/airflow/dags/my_first_dag.py
[2026-03-14T01:31:06.609+0000] {processor.py:839} INFO - DAG(s) dict_keys(['my_first_pipeline']) retrieved from /opt/airflow/dags/my_first_dag.py
[2026-03-14T01:31:06.633+0000] {logging_mixin.py:154} INFO - [2026-03-14T01:31:06.633+0000] {dag.py:2941} INFO - Sync 1 DAGs
[2026-03-14T01:31:06.643+0000] {logging_mixin.py:154} INFO - [2026-03-14T01:31:06.643+0000] {dag.py:3722} INFO - Setting next_dagrun for my_first_pipeline to None, run_after=None
[2026-03-14T01:31:06.659+0000] {processor.py:179} INFO - Processing /opt/airflow/dags/my_first_dag.py took 0.063 seconds
[2026-03-14T01:31:36.806+0000] {processor.py:157} INFO - Started process (PID=2351) to work on /opt/airflow/dags/my_first_dag.py
[2026-03-14T01:31:36.807+0000] {processor.py:829} INFO - Processing file /opt/airflow/dags/my_first_dag.py for tasks to queue
[2026-03-14T01:31:36.808+0000] {logging_mixin.py:154} INFO - [2026-03-14T01:31:36.808+0000] {dagbag.py:536} INFO - Filling up the DagBag from /opt/airflow/dags/my_first_dag.py
[2026-03-14T01:31:36.816+0000] {processor.py:839} INFO - DAG(s) dict_keys(['my_first_pipeline']) retrieved from /opt/airflow/dags/my_first_dag.py
[2026-03-14T01:31:36.841+0000] {logging_mixin.py:154} INFO - [2026-03-14T01:31:36.841+0000] {dag.py:2941} INFO - Sync 1 DAGs
[2026-03-14T01:31:36.852+0000] {logging_mixin.py:154} INFO - [2026-03-14T01:31:36.852+0000] {dag.py:3722} INFO - Setting next_dagrun for my_first_pipeline to None, run_after=None
[2026-03-14T01:31:36.870+0000] {processor.py:179} INFO - Processing /opt/airflow/dags/my_first_dag.py took 0.067 seconds
[2026-03-14T01:32:07.013+0000] {processor.py:157} INFO - Started process (PID=2363) to work on /opt/airflow/dags/my_first_dag.py
[2026-03-14T01:32:07.014+0000] {processor.py:829} INFO - Processing file /opt/airflow/dags/my_first_dag.py for tasks to queue
[2026-03-14T01:32:07.014+0000] {logging_mixin.py:154} INFO - [2026-03-14T01:32:07.014+0000] {dagbag.py:536} INFO - Filling up the DagBag from /opt/airflow/dags/my_first_dag.py
[2026-03-14T01:32:07.023+0000] {processor.py:839} INFO - DAG(s) dict_keys(['my_first_pipeline']) retrieved from /opt/airflow/dags/my_first_dag.py
[2026-03-14T01:32:07.046+0000] {logging_mixin.py:154} INFO - [2026-03-14T01:32:07.046+0000] {dag.py:2941} INFO - Sync 1 DAGs
[2026-03-14T01:32:07.057+0000] {logging_mixin.py:154} INFO - [2026-03-14T01:32:07.057+0000] {dag.py:3722} INFO - Setting next_dagrun for my_first_pipeline to None, run_after=None
[2026-03-14T01:32:07.075+0000] {processor.py:179} INFO - Processing /opt/airflow/dags/my_first_dag.py took 0.065 seconds
[2026-03-14T01:32:37.234+0000] {processor.py:157} INFO - Started process (PID=2375) to work on /opt/airflow/dags/my_first_dag.py
[2026-03-14T01:32:37.235+0000] {processor.py:829} INFO - Processing file /opt/airflow/dags/my_first_dag.py for tasks to queue
[2026-03-14T01:32:37.236+0000] {logging_mixin.py:154} INFO - [2026-03-14T01:32:37.235+0000] {dagbag.py:536} INFO - Filling up the DagBag from /opt/airflow/dags/my_first_dag.py
[2026-03-14T01:32:37.244+0000] {processor.py:839} INFO - DAG(s) dict_keys(['my_first_pipeline']) retrieved from /opt/airflow/dags/my_first_dag.py
[2026-03-14T01:32:37.267+0000] {logging_mixin.py:154} INFO - [2026-03-14T01:32:37.267+0000] {dag.py:2941} INFO - Sync 1 DAGs
[2026-03-14T01:32:37.278+0000] {logging_mixin.py:154} INFO - [2026-03-14T01:32:37.277+0000] {dag.py:3722} INFO - Setting next_dagrun for my_first_pipeline to None, run_after=None
[2026-03-14T01:32:37.293+0000] {processor.py:179} INFO - Processing /opt/airflow/dags/my_first_dag.py took 0.062 seconds
[2026-03-14T01:33:07.449+0000] {processor.py:157} INFO - Started process (PID=2387) to work on /opt/airflow/dags/my_first_dag.py
[2026-03-14T01:33:07.450+0000] {processor.py:829} INFO - Processing file /opt/airflow/dags/my_first_dag.py for tasks to queue
[2026-03-14T01:33:07.451+0000] {logging_mixin.py:154} INFO - [2026-03-14T01:33:07.451+0000] {dagbag.py:536} INFO - Filling up the DagBag from /opt/airflow/dags/my_first_dag.py
[2026-03-14T01:33:07.459+0000] {processor.py:839} INFO - DAG(s) dict_keys(['my_first_pipeline']) retrieved from /opt/airflow/dags/my_first_dag.py
[2026-03-14T01:33:07.482+0000] {logging_mixin.py:154} INFO - [2026-03-14T01:33:07.482+0000] {dag.py:2941} INFO - Sync 1 DAGs
[2026-03-14T01:33:07.492+0000] {logging_mixin.py:154} INFO - [2026-03-14T01:33:07.492+0000] {dag.py:3722} INFO - Setting next_dagrun for my_first_pipeline to None, run_after=None
[2026-03-14T01:33:07.510+0000] {processor.py:179} INFO - Processing /opt/airflow/dags/my_first_dag.py took 0.063 seconds
[2026-03-14T01:33:37.624+0000] {processor.py:157} INFO - Started process (PID=2399) to work on /opt/airflow/dags/my_first_dag.py
[2026-03-14T01:33:37.625+0000] {processor.py:829} INFO - Processing file /opt/airflow/dags/my_first_dag.py for tasks to queue
[2026-03-14T01:33:37.626+0000] {logging_mixin.py:154} INFO - [2026-03-14T01:33:37.625+0000] {dagbag.py:536} INFO - Filling up the DagBag from /opt/airflow/dags/my_first_dag.py
[2026-03-14T01:33:37.635+0000] {processor.py:839} INFO - DAG(s) dict_keys(['my_first_pipeline']) retrieved from /opt/airflow/dags/my_first_dag.py
[2026-03-14T01:33:37.663+0000] {logging_mixin.py:154} INFO - [2026-03-14T01:33:37.662+0000] {dag.py:2941} INFO - Sync 1 DAGs
[2026-03-14T01:33:37.676+0000] {logging_mixin.py:154} INFO - [2026-03-14T01:33:37.675+0000] {dag.py:3722} INFO - Setting next_dagrun for my_first_pipeline to None, run_after=None
[2026-03-14T01:33:37.697+0000] {processor.py:179} INFO - Processing /opt/airflow/dags/my_first_dag.py took 0.076 seconds
[2026-03-14T01:34:07.824+0000] {processor.py:157} INFO - Started process (PID=2411) to work on /opt/airflow/dags/my_first_dag.py
[2026-03-14T01:34:07.825+0000] {processor.py:829} INFO - Processing file /opt/airflow/dags/my_first_dag.py for tasks to queue
[2026-03-14T01:34:07.826+0000] {logging_mixin.py:154} INFO - [2026-03-14T01:34:07.825+0000] {dagbag.py:536} INFO - Filling up the DagBag from /opt/airflow/dags/my_first_dag.py
[2026-03-14T01:34:07.835+0000] {processor.py:839} INFO - DAG(s) dict_keys(['my_first_pipeline']) retrieved from /opt/airflow/dags/my_first_dag.py
[2026-03-14T01:34:07.859+0000] {logging_mixin.py:154} INFO - [2026-03-14T01:34:07.859+0000] {dag.py:2941} INFO - Sync 1 DAGs
[2026-03-14T01:34:07.869+0000] {logging_mixin.py:154} INFO - [2026-03-14T01:34:07.869+0000] {dag.py:3722} INFO - Setting next_dagrun for my_first_pipeline to None, run_after=None
[2026-03-14T01:34:07.886+0000] {processor.py:179} INFO - Processing /opt/airflow/dags/my_first_dag.py took 0.065 seconds
[2026-03-14T01:34:38.077+0000] {processor.py:157} INFO - Started process (PID=2422) to work on /opt/airflow/dags/my_first_dag.py
[2026-03-14T01:34:38.077+0000] {processor.py:829} INFO - Processing file /opt/airflow/dags/my_first_dag.py for tasks to queue
[2026-03-14T01:34:38.078+0000] {logging_mixin.py:154} INFO - [2026-03-14T01:34:38.078+0000] {dagbag.py:536} INFO - Filling up the DagBag from /opt/airflow/dags/my_first_dag.py
[2026-03-14T01:34:38.086+0000] {processor.py:839} INFO - DAG(s) dict_keys(['my_first_pipeline']) retrieved from /opt/airflow/dags/my_first_dag.py
[2026-03-14T01:34:38.109+0000] {logging_mixin.py:154} INFO - [2026-03-14T01:34:38.109+0000] {dag.py:2941} INFO - Sync 1 DAGs
[2026-03-14T01:34:38.119+0000] {logging_mixin.py:154} INFO - [2026-03-14T01:34:38.119+0000] {dag.py:3722} INFO - Setting next_dagrun for my_first_pipeline to None, run_after=None
[2026-03-14T01:34:38.136+0000] {processor.py:179} INFO - Processing /opt/airflow/dags/my_first_dag.py took 0.062 seconds
[2026-03-14T01:35:08.308+0000] {processor.py:157} INFO - Started process (PID=2434) to work on /opt/airflow/dags/my_first_dag.py
[2026-03-14T01:35:08.309+0000] {processor.py:829} INFO - Processing file /opt/airflow/dags/my_first_dag.py for tasks to queue
[2026-03-14T01:35:08.310+0000] {logging_mixin.py:154} INFO - [2026-03-14T01:35:08.310+0000] {dagbag.py:536} INFO - Filling up the DagBag from /opt/airflow/dags/my_first_dag.py
[2026-03-14T01:35:08.320+0000] {processor.py:839} INFO - DAG(s) dict_keys(['my_first_pipeline']) retrieved from /opt/airflow/dags/my_first_dag.py
[2026-03-14T01:35:08.343+0000] {logging_mixin.py:154} INFO - [2026-03-14T01:35:08.343+0000] {dag.py:2941} INFO - Sync 1 DAGs
[2026-03-14T01:35:08.354+0000] {logging_mixin.py:154} INFO - [2026-03-14T01:35:08.354+0000] {dag.py:3722} INFO - Setting next_dagrun for my_first_pipeline to None, run_after=None
[2026-03-14T01:35:08.371+0000] {processor.py:179} INFO - Processing /opt/airflow/dags/my_first_dag.py took 0.068 seconds
[2026-03-14T01:35:38.513+0000] {processor.py:157} INFO - Started process (PID=2446) to work on /opt/airflow/dags/my_first_dag.py
[2026-03-14T01:35:38.514+0000] {processor.py:829} INFO - Processing file /opt/airflow/dags/my_first_dag.py for tasks to queue
[2026-03-14T01:35:38.515+0000] {logging_mixin.py:154} INFO - [2026-03-14T01:35:38.515+0000] {dagbag.py:536} INFO - Filling up the DagBag from /opt/airflow/dags/my_first_dag.py
[2026-03-14T01:35:38.524+0000] {processor.py:839} INFO - DAG(s) dict_keys(['my_first_pipeline']) retrieved from /opt/airflow/dags/my_first_dag.py
[2026-03-14T01:35:38.548+0000] {logging_mixin.py:154} INFO - [2026-03-14T01:35:38.548+0000] {dag.py:2941} INFO - Sync 1 DAGs
[2026-03-14T01:35:38.561+0000] {logging_mixin.py:154} INFO - [2026-03-14T01:35:38.561+0000] {dag.py:3722} INFO - Setting next_dagrun for my_first_pipeline to None, run_after=None
[2026-03-14T01:35:38.581+0000] {processor.py:179} INFO - Processing /opt/airflow/dags/my_first_dag.py took 0.072 seconds
[2026-03-14T01:36:08.692+0000] {processor.py:157} INFO - Started process (PID=2458) to work on /opt/airflow/dags/my_first_dag.py
[2026-03-14T01:36:08.693+0000] {processor.py:829} INFO - Processing file /opt/airflow/dags/my_first_dag.py for tasks to queue
[2026-03-14T01:36:08.693+0000] {logging_mixin.py:154} INFO - [2026-03-14T01:36:08.693+0000] {dagbag.py:536} INFO - Filling up the DagBag from /opt/airflow/dags/my_first_dag.py
[2026-03-14T01:36:08.702+0000] {processor.py:839} INFO - DAG(s) dict_keys(['my_first_pipeline']) retrieved from /opt/airflow/dags/my_first_dag.py
[2026-03-14T01:36:08.726+0000] {logging_mixin.py:154} INFO - [2026-03-14T01:36:08.726+0000] {dag.py:2941} INFO - Sync 1 DAGs
[2026-03-14T01:36:08.736+0000] {logging_mixin.py:154} INFO - [2026-03-14T01:36:08.736+0000] {dag.py:3722} INFO - Setting next_dagrun for my_first_pipeline to None, run_after=None
[2026-03-14T01:36:08.751+0000] {processor.py:179} INFO - Processing /opt/airflow/dags/my_first_dag.py took 0.062 seconds
[2026-03-14T01:36:38.946+0000] {processor.py:157} INFO - Started process (PID=2470) to work on /opt/airflow/dags/my_first_dag.py
[2026-03-14T01:36:38.947+0000] {processor.py:829} INFO - Processing file /opt/airflow/dags/my_first_dag.py for tasks to queue
[2026-03-14T01:36:38.948+0000] {logging_mixin.py:154} INFO - [2026-03-14T01:36:38.947+0000] {dagbag.py:536} INFO - Filling up the DagBag from /opt/airflow/dags/my_first_dag.py
[2026-03-14T01:36:38.955+0000] {processor.py:839} INFO - DAG(s) dict_keys(['my_first_pipeline']) retrieved from /opt/airflow/dags/my_first_dag.py
[2026-03-14T01:36:38.978+0000] {logging_mixin.py:154} INFO - [2026-03-14T01:36:38.977+0000] {dag.py:2941} INFO - Sync 1 DAGs
[2026-03-14T01:36:38.988+0000] {logging_mixin.py:154} INFO - [2026-03-14T01:36:38.987+0000] {dag.py:3722} INFO - Setting next_dagrun for my_first_pipeline to None, run_after=None
[2026-03-14T01:36:39.003+0000] {processor.py:179} INFO - Processing /opt/airflow/dags/my_first_dag.py took 0.060 seconds
[2026-03-14T01:37:09.160+0000] {processor.py:157} INFO - Started process (PID=2482) to work on /opt/airflow/dags/my_first_dag.py
[2026-03-14T01:37:09.161+0000] {processor.py:829} INFO - Processing file /opt/airflow/dags/my_first_dag.py for tasks to queue
[2026-03-14T01:37:09.162+0000] {logging_mixin.py:154} INFO - [2026-03-14T01:37:09.162+0000] {dagbag.py:536} INFO - Filling up the DagBag from /opt/airflow/dags/my_first_dag.py
[2026-03-14T01:37:09.170+0000] {processor.py:839} INFO - DAG(s) dict_keys(['my_first_pipeline']) retrieved from /opt/airflow/dags/my_first_dag.py
[2026-03-14T01:37:09.193+0000] {logging_mixin.py:154} INFO - [2026-03-14T01:37:09.193+0000] {dag.py:2941} INFO - Sync 1 DAGs
[2026-03-14T01:37:09.204+0000] {logging_mixin.py:154} INFO - [2026-03-14T01:37:09.204+0000] {dag.py:3722} INFO - Setting next_dagrun for my_first_pipeline to None, run_after=None
[2026-03-14T01:37:09.219+0000] {processor.py:179} INFO - Processing /opt/airflow/dags/my_first_dag.py took 0.063 seconds
[2026-03-14T01:37:39.335+0000] {processor.py:157} INFO - Started process (PID=2494) to work on /opt/airflow/dags/my_first_dag.py
[2026-03-14T01:37:39.337+0000] {processor.py:829} INFO - Processing file /opt/airflow/dags/my_first_dag.py for tasks to queue
[2026-03-14T01:37:39.337+0000] {logging_mixin.py:154} INFO - [2026-03-14T01:37:39.337+0000] {dagbag.py:536} INFO - Filling up the DagBag from /opt/airflow/dags/my_first_dag.py
[2026-03-14T01:37:39.347+0000] {processor.py:839} INFO - DAG(s) dict_keys(['my_first_pipeline']) retrieved from /opt/airflow/dags/my_first_dag.py
[2026-03-14T01:37:39.373+0000] {logging_mixin.py:154} INFO - [2026-03-14T01:37:39.373+0000] {dag.py:2941} INFO - Sync 1 DAGs
[2026-03-14T01:37:39.386+0000] {logging_mixin.py:154} INFO - [2026-03-14T01:37:39.385+0000] {dag.py:3722} INFO - Setting next_dagrun for my_first_pipeline to None, run_after=None
[2026-03-14T01:37:39.406+0000] {processor.py:179} INFO - Processing /opt/airflow/dags/my_first_dag.py took 0.074 seconds
[2026-03-14T01:38:09.542+0000] {processor.py:157} INFO - Started process (PID=2506) to work on /opt/airflow/dags/my_first_dag.py
[2026-03-14T01:38:09.543+0000] {processor.py:829} INFO - Processing file /opt/airflow/dags/my_first_dag.py for tasks to queue
[2026-03-14T01:38:09.543+0000] {logging_mixin.py:154} INFO - [2026-03-14T01:38:09.543+0000] {dagbag.py:536} INFO - Filling up the DagBag from /opt/airflow/dags/my_first_dag.py
[2026-03-14T01:38:09.552+0000] {processor.py:839} INFO - DAG(s) dict_keys(['my_first_pipeline']) retrieved from /opt/airflow/dags/my_first_dag.py
[2026-03-14T01:38:09.576+0000] {logging_mixin.py:154} INFO - [2026-03-14T01:38:09.575+0000] {dag.py:2941} INFO - Sync 1 DAGs
[2026-03-14T01:38:09.586+0000] {logging_mixin.py:154} INFO - [2026-03-14T01:38:09.586+0000] {dag.py:3722} INFO - Setting next_dagrun for my_first_pipeline to None, run_after=None
[2026-03-14T01:38:09.602+0000] {processor.py:179} INFO - Processing /opt/airflow/dags/my_first_dag.py took 0.063 seconds
[2026-03-14T01:38:39.767+0000] {processor.py:157} INFO - Started process (PID=2518) to work on /opt/airflow/dags/my_first_dag.py
[2026-03-14T01:38:39.768+0000] {processor.py:829} INFO - Processing file /opt/airflow/dags/my_first_dag.py for tasks to queue
[2026-03-14T01:38:39.768+0000] {logging_mixin.py:154} INFO - [2026-03-14T01:38:39.768+0000] {dagbag.py:536} INFO - Filling up the DagBag from /opt/airflow/dags/my_first_dag.py
[2026-03-14T01:38:39.777+0000] {processor.py:839} INFO - DAG(s) dict_keys(['my_first_pipeline']) retrieved from /opt/airflow/dags/my_first_dag.py
[2026-03-14T01:38:39.800+0000] {logging_mixin.py:154} INFO - [2026-03-14T01:38:39.800+0000] {dag.py:2941} INFO - Sync 1 DAGs
[2026-03-14T01:38:39.810+0000] {logging_mixin.py:154} INFO - [2026-03-14T01:38:39.810+0000] {dag.py:3722} INFO - Setting next_dagrun for my_first_pipeline to None, run_after=None
[2026-03-14T01:38:39.828+0000] {processor.py:179} INFO - Processing /opt/airflow/dags/my_first_dag.py took 0.063 seconds
[2026-03-14T01:39:09.959+0000] {processor.py:157} INFO - Started process (PID=2530) to work on /opt/airflow/dags/my_first_dag.py
[2026-03-14T01:39:09.960+0000] {processor.py:829} INFO - Processing file /opt/airflow/dags/my_first_dag.py for tasks to queue
[2026-03-14T01:39:09.960+0000] {logging_mixin.py:154} INFO - [2026-03-14T01:39:09.960+0000] {dagbag.py:536} INFO - Filling up the DagBag from /opt/airflow/dags/my_first_dag.py
[2026-03-14T01:39:09.969+0000] {processor.py:839} INFO - DAG(s) dict_keys(['my_first_pipeline']) retrieved from /opt/airflow/dags/my_first_dag.py
[2026-03-14T01:39:09.993+0000] {logging_mixin.py:154} INFO - [2026-03-14T01:39:09.993+0000] {dag.py:2941} INFO - Sync 1 DAGs
[2026-03-14T01:39:10.003+0000] {logging_mixin.py:154} INFO - [2026-03-14T01:39:10.003+0000] {dag.py:3722} INFO - Setting next_dagrun for my_first_pipeline to None, run_after=None
[2026-03-14T01:39:10.020+0000] {processor.py:179} INFO - Processing /opt/airflow/dags/my_first_dag.py took 0.063 seconds
[2026-03-14T01:39:40.256+0000] {processor.py:157} INFO - Started process (PID=2542) to work on /opt/airflow/dags/my_first_dag.py
[2026-03-14T01:39:40.258+0000] {processor.py:829} INFO - Processing file /opt/airflow/dags/my_first_dag.py for tasks to queue
[2026-03-14T01:39:40.259+0000] {logging_mixin.py:154} INFO - [2026-03-14T01:39:40.258+0000] {dagbag.py:536} INFO - Filling up the DagBag from /opt/airflow/dags/my_first_dag.py
[2026-03-14T01:39:40.270+0000] {processor.py:839} INFO - DAG(s) dict_keys(['my_first_pipeline']) retrieved from /opt/airflow/dags/my_first_dag.py
[2026-03-14T01:39:40.294+0000] {logging_mixin.py:154} INFO - [2026-03-14T01:39:40.294+0000] {dag.py:2941} INFO - Sync 1 DAGs
[2026-03-14T01:39:40.305+0000] {logging_mixin.py:154} INFO - [2026-03-14T01:39:40.304+0000] {dag.py:3722} INFO - Setting next_dagrun for my_first_pipeline to None, run_after=None
[2026-03-14T01:39:40.321+0000] {processor.py:179} INFO - Processing /opt/airflow/dags/my_first_dag.py took 0.070 seconds
[2026-03-14T01:40:10.466+0000] {processor.py:157} INFO - Started process (PID=2554) to work on /opt/airflow/dags/my_first_dag.py
[2026-03-14T01:40:10.466+0000] {processor.py:829} INFO - Processing file /opt/airflow/dags/my_first_dag.py for tasks to queue
[2026-03-14T01:40:10.467+0000] {logging_mixin.py:154} INFO - [2026-03-14T01:40:10.467+0000] {dagbag.py:536} INFO - Filling up the DagBag from /opt/airflow/dags/my_first_dag.py
[2026-03-14T01:40:10.475+0000] {processor.py:839} INFO - DAG(s) dict_keys(['my_first_pipeline']) retrieved from /opt/airflow/dags/my_first_dag.py
[2026-03-14T01:40:10.499+0000] {logging_mixin.py:154} INFO - [2026-03-14T01:40:10.499+0000] {dag.py:2941} INFO - Sync 1 DAGs
[2026-03-14T01:40:10.509+0000] {logging_mixin.py:154} INFO - [2026-03-14T01:40:10.509+0000] {dag.py:3722} INFO - Setting next_dagrun for my_first_pipeline to None, run_after=None
[2026-03-14T01:40:10.526+0000] {processor.py:179} INFO - Processing /opt/airflow/dags/my_first_dag.py took 0.063 seconds
[2026-03-14T01:40:40.695+0000] {processor.py:157} INFO - Started process (PID=2566) to work on /opt/airflow/dags/my_first_dag.py
[2026-03-14T01:40:40.696+0000] {processor.py:829} INFO - Processing file /opt/airflow/dags/my_first_dag.py for tasks to queue
[2026-03-14T01:40:40.697+0000] {logging_mixin.py:154} INFO - [2026-03-14T01:40:40.696+0000] {dagbag.py:536} INFO - Filling up the DagBag from /opt/airflow/dags/my_first_dag.py
[2026-03-14T01:40:40.705+0000] {processor.py:839} INFO - DAG(s) dict_keys(['my_first_pipeline']) retrieved from /opt/airflow/dags/my_first_dag.py
[2026-03-14T01:40:40.729+0000] {logging_mixin.py:154} INFO - [2026-03-14T01:40:40.729+0000] {dag.py:2941} INFO - Sync 1 DAGs
[2026-03-14T01:40:40.739+0000] {logging_mixin.py:154} INFO - [2026-03-14T01:40:40.739+0000] {dag.py:3722} INFO - Setting next_dagrun for my_first_pipeline to None, run_after=None
[2026-03-14T01:40:40.755+0000] {processor.py:179} INFO - Processing /opt/airflow/dags/my_first_dag.py took 0.063 seconds
[2026-03-14T01:41:10.898+0000] {processor.py:157} INFO - Started process (PID=2578) to work on /opt/airflow/dags/my_first_dag.py
[2026-03-14T01:41:10.898+0000] {processor.py:829} INFO - Processing file /opt/airflow/dags/my_first_dag.py for tasks to queue
[2026-03-14T01:41:10.899+0000] {logging_mixin.py:154} INFO - [2026-03-14T01:41:10.899+0000] {dagbag.py:536} INFO - Filling up the DagBag from /opt/airflow/dags/my_first_dag.py
[2026-03-14T01:41:10.908+0000] {processor.py:839} INFO - DAG(s) dict_keys(['my_first_pipeline']) retrieved from /opt/airflow/dags/my_first_dag.py
[2026-03-14T01:41:10.931+0000] {logging_mixin.py:154} INFO - [2026-03-14T01:41:10.931+0000] {dag.py:2941} INFO - Sync 1 DAGs
[2026-03-14T01:41:10.942+0000] {logging_mixin.py:154} INFO - [2026-03-14T01:41:10.941+0000] {dag.py:3722} INFO - Setting next_dagrun for my_first_pipeline to None, run_after=None
[2026-03-14T01:41:10.957+0000] {processor.py:179} INFO - Processing /opt/airflow/dags/my_first_dag.py took 0.064 seconds
[2026-03-14T01:41:41.091+0000] {processor.py:157} INFO - Started process (PID=2590) to work on /opt/airflow/dags/my_first_dag.py
[2026-03-14T01:41:41.092+0000] {processor.py:829} INFO - Processing file /opt/airflow/dags/my_first_dag.py for tasks to queue
[2026-03-14T01:41:41.092+0000] {logging_mixin.py:154} INFO - [2026-03-14T01:41:41.092+0000] {dagbag.py:536} INFO - Filling up the DagBag from /opt/airflow/dags/my_first_dag.py
[2026-03-14T01:41:41.102+0000] {processor.py:839} INFO - DAG(s) dict_keys(['my_first_pipeline']) retrieved from /opt/airflow/dags/my_first_dag.py
[2026-03-14T01:41:41.130+0000] {logging_mixin.py:154} INFO - [2026-03-14T01:41:41.130+0000] {dag.py:2941} INFO - Sync 1 DAGs
[2026-03-14T01:41:41.144+0000] {logging_mixin.py:154} INFO - [2026-03-14T01:41:41.143+0000] {dag.py:3722} INFO - Setting next_dagrun for my_first_pipeline to None, run_after=None
[2026-03-14T01:41:41.166+0000] {processor.py:179} INFO - Processing /opt/airflow/dags/my_first_dag.py took 0.079 seconds
[2026-03-14T01:42:11.273+0000] {processor.py:157} INFO - Started process (PID=2602) to work on /opt/airflow/dags/my_first_dag.py
[2026-03-14T01:42:11.274+0000] {processor.py:829} INFO - Processing file /opt/airflow/dags/my_first_dag.py for tasks to queue
[2026-03-14T01:42:11.274+0000] {logging_mixin.py:154} INFO - [2026-03-14T01:42:11.274+0000] {dagbag.py:536} INFO - Filling up the DagBag from /opt/airflow/dags/my_first_dag.py
[2026-03-14T01:42:11.283+0000] {processor.py:839} INFO - DAG(s) dict_keys(['my_first_pipeline']) retrieved from /opt/airflow/dags/my_first_dag.py
[2026-03-14T01:42:11.313+0000] {logging_mixin.py:154} INFO - [2026-03-14T01:42:11.313+0000] {dag.py:2941} INFO - Sync 1 DAGs
[2026-03-14T01:42:11.323+0000] {logging_mixin.py:154} INFO - [2026-03-14T01:42:11.323+0000] {dag.py:3722} INFO - Setting next_dagrun for my_first_pipeline to None, run_after=None
[2026-03-14T01:42:11.341+0000] {processor.py:179} INFO - Processing /opt/airflow/dags/my_first_dag.py took 0.071 seconds
[2026-03-14T01:42:41.497+0000] {processor.py:157} INFO - Started process (PID=2614) to work on /opt/airflow/dags/my_first_dag.py
[2026-03-14T01:42:41.498+0000] {processor.py:829} INFO - Processing file /opt/airflow/dags/my_first_dag.py for tasks to queue
[2026-03-14T01:42:41.498+0000] {logging_mixin.py:154} INFO - [2026-03-14T01:42:41.498+0000] {dagbag.py:536} INFO - Filling up the DagBag from /opt/airflow/dags/my_first_dag.py
[2026-03-14T01:42:41.507+0000] {processor.py:839} INFO - DAG(s) dict_keys(['my_first_pipeline']) retrieved from /opt/airflow/dags/my_first_dag.py
[2026-03-14T01:42:41.531+0000] {logging_mixin.py:154} INFO - [2026-03-14T01:42:41.530+0000] {dag.py:2941} INFO - Sync 1 DAGs
[2026-03-14T01:42:41.541+0000] {logging_mixin.py:154} INFO - [2026-03-14T01:42:41.541+0000] {dag.py:3722} INFO - Setting next_dagrun for my_first_pipeline to None, run_after=None
[2026-03-14T01:42:41.558+0000] {processor.py:179} INFO - Processing /opt/airflow/dags/my_first_dag.py took 0.064 seconds
[2026-03-14T01:43:11.713+0000] {processor.py:157} INFO - Started process (PID=2626) to work on /opt/airflow/dags/my_first_dag.py
[2026-03-14T01:43:11.713+0000] {processor.py:829} INFO - Processing file /opt/airflow/dags/my_first_dag.py for tasks to queue
[2026-03-14T01:43:11.714+0000] {logging_mixin.py:154} INFO - [2026-03-14T01:43:11.714+0000] {dagbag.py:536} INFO - Filling up the DagBag from /opt/airflow/dags/my_first_dag.py
[2026-03-14T01:43:11.726+0000] {processor.py:839} INFO - DAG(s) dict_keys(['my_first_pipeline']) retrieved from /opt/airflow/dags/my_first_dag.py
[2026-03-14T01:43:11.750+0000] {logging_mixin.py:154} INFO - [2026-03-14T01:43:11.750+0000] {dag.py:2941} INFO - Sync 1 DAGs
[2026-03-14T01:43:11.760+0000] {logging_mixin.py:154} INFO - [2026-03-14T01:43:11.760+0000] {dag.py:3722} INFO - Setting next_dagrun for my_first_pipeline to None, run_after=None
[2026-03-14T01:43:11.777+0000] {processor.py:179} INFO - Processing /opt/airflow/dags/my_first_dag.py took 0.069 seconds
[2026-03-14T01:43:41.925+0000] {processor.py:157} INFO - Started process (PID=2639) to work on /opt/airflow/dags/my_first_dag.py
[2026-03-14T01:43:41.925+0000] {processor.py:829} INFO - Processing file /opt/airflow/dags/my_first_dag.py for tasks to queue
[2026-03-14T01:43:41.926+0000] {logging_mixin.py:154} INFO - [2026-03-14T01:43:41.925+0000] {dagbag.py:536} INFO - Filling up the DagBag from /opt/airflow/dags/my_first_dag.py
[2026-03-14T01:43:41.934+0000] {processor.py:839} INFO - DAG(s) dict_keys(['my_first_pipeline']) retrieved from /opt/airflow/dags/my_first_dag.py
[2026-03-14T01:43:41.957+0000] {logging_mixin.py:154} INFO - [2026-03-14T01:43:41.957+0000] {dag.py:2941} INFO - Sync 1 DAGs
[2026-03-14T01:43:41.969+0000] {logging_mixin.py:154} INFO - [2026-03-14T01:43:41.968+0000] {dag.py:3722} INFO - Setting next_dagrun for my_first_pipeline to None, run_after=None
[2026-03-14T01:43:41.984+0000] {processor.py:179} INFO - Processing /opt/airflow/dags/my_first_dag.py took 0.062 seconds
[2026-03-14T01:44:12.152+0000] {processor.py:157} INFO - Started process (PID=2651) to work on /opt/airflow/dags/my_first_dag.py
[2026-03-14T01:44:12.153+0000] {processor.py:829} INFO - Processing file /opt/airflow/dags/my_first_dag.py for tasks to queue
[2026-03-14T01:44:12.154+0000] {logging_mixin.py:154} INFO - [2026-03-14T01:44:12.153+0000] {dagbag.py:536} INFO - Filling up the DagBag from /opt/airflow/dags/my_first_dag.py
[2026-03-14T01:44:12.165+0000] {processor.py:839} INFO - DAG(s) dict_keys(['my_first_pipeline']) retrieved from /opt/airflow/dags/my_first_dag.py
[2026-03-14T01:44:12.190+0000] {logging_mixin.py:154} INFO - [2026-03-14T01:44:12.190+0000] {dag.py:2941} INFO - Sync 1 DAGs
[2026-03-14T01:44:12.201+0000] {logging_mixin.py:154} INFO - [2026-03-14T01:44:12.201+0000] {dag.py:3722} INFO - Setting next_dagrun for my_first_pipeline to None, run_after=None
[2026-03-14T01:44:12.217+0000] {processor.py:179} INFO - Processing /opt/airflow/dags/my_first_dag.py took 0.070 seconds
[2026-03-14T01:44:42.353+0000] {processor.py:157} INFO - Started process (PID=2663) to work on /opt/airflow/dags/my_first_dag.py
[2026-03-14T01:44:42.354+0000] {processor.py:829} INFO - Processing file /opt/airflow/dags/my_first_dag.py for tasks to queue
[2026-03-14T01:44:42.355+0000] {logging_mixin.py:154} INFO - [2026-03-14T01:44:42.355+0000] {dagbag.py:536} INFO - Filling up the DagBag from /opt/airflow/dags/my_first_dag.py
[2026-03-14T01:44:42.367+0000] {processor.py:839} INFO - DAG(s) dict_keys(['my_first_pipeline']) retrieved from /opt/airflow/dags/my_first_dag.py
[2026-03-14T01:44:42.392+0000] {logging_mixin.py:154} INFO - [2026-03-14T01:44:42.392+0000] {dag.py:2941} INFO - Sync 1 DAGs
[2026-03-14T01:44:42.403+0000] {logging_mixin.py:154} INFO - [2026-03-14T01:44:42.403+0000] {dag.py:3722} INFO - Setting next_dagrun for my_first_pipeline to None, run_after=None
[2026-03-14T01:44:42.421+0000] {processor.py:179} INFO - Processing /opt/airflow/dags/my_first_dag.py took 0.073 seconds
[2026-03-14T01:45:12.602+0000] {processor.py:157} INFO - Started process (PID=2675) to work on /opt/airflow/dags/my_first_dag.py
[2026-03-14T01:45:12.603+0000] {processor.py:829} INFO - Processing file /opt/airflow/dags/my_first_dag.py for tasks to queue
[2026-03-14T01:45:12.603+0000] {logging_mixin.py:154} INFO - [2026-03-14T01:45:12.603+0000] {dagbag.py:536} INFO - Filling up the DagBag from /opt/airflow/dags/my_first_dag.py
[2026-03-14T01:45:12.611+0000] {processor.py:839} INFO - DAG(s) dict_keys(['my_first_pipeline']) retrieved from /opt/airflow/dags/my_first_dag.py
[2026-03-14T01:45:12.638+0000] {logging_mixin.py:154} INFO - [2026-03-14T01:45:12.638+0000] {dag.py:2941} INFO - Sync 1 DAGs
[2026-03-14T01:45:12.649+0000] {logging_mixin.py:154} INFO - [2026-03-14T01:45:12.649+0000] {dag.py:3722} INFO - Setting next_dagrun for my_first_pipeline to None, run_after=None
[2026-03-14T01:45:12.666+0000] {processor.py:179} INFO - Processing /opt/airflow/dags/my_first_dag.py took 0.068 seconds
[2026-03-14T01:45:42.765+0000] {processor.py:157} INFO - Started process (PID=2687) to work on /opt/airflow/dags/my_first_dag.py
[2026-03-14T01:45:42.767+0000] {processor.py:829} INFO - Processing file /opt/airflow/dags/my_first_dag.py for tasks to queue
[2026-03-14T01:45:42.767+0000] {logging_mixin.py:154} INFO - [2026-03-14T01:45:42.767+0000] {dagbag.py:536} INFO - Filling up the DagBag from /opt/airflow/dags/my_first_dag.py
[2026-03-14T01:45:42.777+0000] {processor.py:839} INFO - DAG(s) dict_keys(['my_first_pipeline']) retrieved from /opt/airflow/dags/my_first_dag.py
[2026-03-14T01:45:42.806+0000] {logging_mixin.py:154} INFO - [2026-03-14T01:45:42.806+0000] {dag.py:2941} INFO - Sync 1 DAGs
[2026-03-14T01:45:42.819+0000] {logging_mixin.py:154} INFO - [2026-03-14T01:45:42.818+0000] {dag.py:3722} INFO - Setting next_dagrun for my_first_pipeline to None, run_after=None
[2026-03-14T01:45:42.841+0000] {processor.py:179} INFO - Processing /opt/airflow/dags/my_first_dag.py took 0.079 seconds
[2026-03-14T01:46:13.017+0000] {processor.py:157} INFO - Started process (PID=2698) to work on /opt/airflow/dags/my_first_dag.py
[2026-03-14T01:46:13.017+0000] {processor.py:829} INFO - Processing file /opt/airflow/dags/my_first_dag.py for tasks to queue
[2026-03-14T01:46:13.018+0000] {logging_mixin.py:154} INFO - [2026-03-14T01:46:13.018+0000] {dagbag.py:536} INFO - Filling up the DagBag from /opt/airflow/dags/my_first_dag.py
[2026-03-14T01:46:13.028+0000] {processor.py:839} INFO - DAG(s) dict_keys(['my_first_pipeline']) retrieved from /opt/airflow/dags/my_first_dag.py
[2026-03-14T01:46:13.051+0000] {logging_mixin.py:154} INFO - [2026-03-14T01:46:13.051+0000] {dag.py:2941} INFO - Sync 1 DAGs
[2026-03-14T01:46:13.061+0000] {logging_mixin.py:154} INFO - [2026-03-14T01:46:13.061+0000] {dag.py:3722} INFO - Setting next_dagrun for my_first_pipeline to None, run_after=None
[2026-03-14T01:46:13.077+0000] {processor.py:179} INFO - Processing /opt/airflow/dags/my_first_dag.py took 0.064 seconds
[2026-03-14T01:46:43.227+0000] {processor.py:157} INFO - Started process (PID=2710) to work on /opt/airflow/dags/my_first_dag.py
[2026-03-14T01:46:43.229+0000] {processor.py:829} INFO - Processing file /opt/airflow/dags/my_first_dag.py for tasks to queue
[2026-03-14T01:46:43.229+0000] {logging_mixin.py:154} INFO - [2026-03-14T01:46:43.229+0000] {dagbag.py:536} INFO - Filling up the DagBag from /opt/airflow/dags/my_first_dag.py
[2026-03-14T01:46:43.238+0000] {processor.py:839} INFO - DAG(s) dict_keys(['my_first_pipeline']) retrieved from /opt/airflow/dags/my_first_dag.py
[2026-03-14T01:46:43.261+0000] {logging_mixin.py:154} INFO - [2026-03-14T01:46:43.260+0000] {dag.py:2941} INFO - Sync 1 DAGs
[2026-03-14T01:46:43.271+0000] {logging_mixin.py:154} INFO - [2026-03-14T01:46:43.271+0000] {dag.py:3722} INFO - Setting next_dagrun for my_first_pipeline to None, run_after=None
[2026-03-14T01:46:43.287+0000] {processor.py:179} INFO - Processing /opt/airflow/dags/my_first_dag.py took 0.063 seconds
[2026-03-14T01:47:13.445+0000] {processor.py:157} INFO - Started process (PID=2722) to work on /opt/airflow/dags/my_first_dag.py
[2026-03-14T01:47:13.445+0000] {processor.py:829} INFO - Processing file /opt/airflow/dags/my_first_dag.py for tasks to queue
[2026-03-14T01:47:13.446+0000] {logging_mixin.py:154} INFO - [2026-03-14T01:47:13.446+0000] {dagbag.py:536} INFO - Filling up the DagBag from /opt/airflow/dags/my_first_dag.py
[2026-03-14T01:47:13.454+0000] {processor.py:839} INFO - DAG(s) dict_keys(['my_first_pipeline']) retrieved from /opt/airflow/dags/my_first_dag.py
[2026-03-14T01:47:13.479+0000] {logging_mixin.py:154} INFO - [2026-03-14T01:47:13.479+0000] {dag.py:2941} INFO - Sync 1 DAGs
[2026-03-14T01:47:13.489+0000] {logging_mixin.py:154} INFO - [2026-03-14T01:47:13.489+0000] {dag.py:3722} INFO - Setting next_dagrun for my_first_pipeline to None, run_after=None
[2026-03-14T01:47:13.505+0000] {processor.py:179} INFO - Processing /opt/airflow/dags/my_first_dag.py took 0.063 seconds
[2026-03-14T01:47:43.712+0000] {processor.py:157} INFO - Started process (PID=2733) to work on /opt/airflow/dags/my_first_dag.py
[2026-03-14T01:47:43.714+0000] {processor.py:829} INFO - Processing file /opt/airflow/dags/my_first_dag.py for tasks to queue
[2026-03-14T01:47:43.715+0000] {logging_mixin.py:154} INFO - [2026-03-14T01:47:43.714+0000] {dagbag.py:536} INFO - Filling up the DagBag from /opt/airflow/dags/my_first_dag.py
[2026-03-14T01:47:43.726+0000] {processor.py:839} INFO - DAG(s) dict_keys(['my_first_pipeline']) retrieved from /opt/airflow/dags/my_first_dag.py
[2026-03-14T01:47:43.750+0000] {logging_mixin.py:154} INFO - [2026-03-14T01:47:43.750+0000] {dag.py:2941} INFO - Sync 1 DAGs
[2026-03-14T01:47:43.760+0000] {logging_mixin.py:154} INFO - [2026-03-14T01:47:43.760+0000] {dag.py:3722} INFO - Setting next_dagrun for my_first_pipeline to None, run_after=None
[2026-03-14T01:47:43.775+0000] {processor.py:179} INFO - Processing /opt/airflow/dags/my_first_dag.py took 0.068 seconds
[2026-03-14T01:48:13.933+0000] {processor.py:157} INFO - Started process (PID=2745) to work on /opt/airflow/dags/my_first_dag.py
[2026-03-14T01:48:13.934+0000] {processor.py:829} INFO - Processing file /opt/airflow/dags/my_first_dag.py for tasks to queue
[2026-03-14T01:48:13.934+0000] {logging_mixin.py:154} INFO - [2026-03-14T01:48:13.934+0000] {dagbag.py:536} INFO - Filling up the DagBag from /opt/airflow/dags/my_first_dag.py
[2026-03-14T01:48:13.943+0000] {processor.py:839} INFO - DAG(s) dict_keys(['my_first_pipeline']) retrieved from /opt/airflow/dags/my_first_dag.py
[2026-03-14T01:48:13.965+0000] {logging_mixin.py:154} INFO - [2026-03-14T01:48:13.965+0000] {dag.py:2941} INFO - Sync 1 DAGs
[2026-03-14T01:48:13.976+0000] {logging_mixin.py:154} INFO - [2026-03-14T01:48:13.976+0000] {dag.py:3722} INFO - Setting next_dagrun for my_first_pipeline to None, run_after=None
[2026-03-14T01:48:13.990+0000] {processor.py:179} INFO - Processing /opt/airflow/dags/my_first_dag.py took 0.060 seconds
[2026-03-14T01:48:44.150+0000] {processor.py:157} INFO - Started process (PID=2757) to work on /opt/airflow/dags/my_first_dag.py
[2026-03-14T01:48:44.151+0000] {processor.py:829} INFO - Processing file /opt/airflow/dags/my_first_dag.py for tasks to queue
[2026-03-14T01:48:44.152+0000] {logging_mixin.py:154} INFO - [2026-03-14T01:48:44.152+0000] {dagbag.py:536} INFO - Filling up the DagBag from /opt/airflow/dags/my_first_dag.py
[2026-03-14T01:48:44.160+0000] {processor.py:839} INFO - DAG(s) dict_keys(['my_first_pipeline']) retrieved from /opt/airflow/dags/my_first_dag.py
[2026-03-14T01:48:44.184+0000] {logging_mixin.py:154} INFO - [2026-03-14T01:48:44.184+0000] {dag.py:2941} INFO - Sync 1 DAGs
[2026-03-14T01:48:44.195+0000] {logging_mixin.py:154} INFO - [2026-03-14T01:48:44.195+0000] {dag.py:3722} INFO - Setting next_dagrun for my_first_pipeline to None, run_after=None
[2026-03-14T01:48:44.210+0000] {processor.py:179} INFO - Processing /opt/airflow/dags/my_first_dag.py took 0.062 seconds
[2026-03-14T01:49:14.364+0000] {processor.py:157} INFO - Started process (PID=2769) to work on /opt/airflow/dags/my_first_dag.py
[2026-03-14T01:49:14.365+0000] {processor.py:829} INFO - Processing file /opt/airflow/dags/my_first_dag.py for tasks to queue
[2026-03-14T01:49:14.366+0000] {logging_mixin.py:154} INFO - [2026-03-14T01:49:14.365+0000] {dagbag.py:536} INFO - Filling up the DagBag from /opt/airflow/dags/my_first_dag.py
[2026-03-14T01:49:14.375+0000] {processor.py:839} INFO - DAG(s) dict_keys(['my_first_pipeline']) retrieved from /opt/airflow/dags/my_first_dag.py
[2026-03-14T01:49:14.402+0000] {logging_mixin.py:154} INFO - [2026-03-14T01:49:14.402+0000] {dag.py:2941} INFO - Sync 1 DAGs
[2026-03-14T01:49:14.415+0000] {logging_mixin.py:154} INFO - [2026-03-14T01:49:14.414+0000] {dag.py:3722} INFO - Setting next_dagrun for my_first_pipeline to None, run_after=None
[2026-03-14T01:49:14.436+0000] {processor.py:179} INFO - Processing /opt/airflow/dags/my_first_dag.py took 0.075 seconds
[2026-03-14T01:49:44.540+0000] {processor.py:157} INFO - Started process (PID=2781) to work on /opt/airflow/dags/my_first_dag.py
[2026-03-14T01:49:44.541+0000] {processor.py:829} INFO - Processing file /opt/airflow/dags/my_first_dag.py for tasks to queue
[2026-03-14T01:49:44.542+0000] {logging_mixin.py:154} INFO - [2026-03-14T01:49:44.542+0000] {dagbag.py:536} INFO - Filling up the DagBag from /opt/airflow/dags/my_first_dag.py
[2026-03-14T01:49:44.551+0000] {processor.py:839} INFO - DAG(s) dict_keys(['my_first_pipeline']) retrieved from /opt/airflow/dags/my_first_dag.py
[2026-03-14T01:49:44.580+0000] {logging_mixin.py:154} INFO - [2026-03-14T01:49:44.580+0000] {dag.py:2941} INFO - Sync 1 DAGs
[2026-03-14T01:49:44.593+0000] {logging_mixin.py:154} INFO - [2026-03-14T01:49:44.592+0000] {dag.py:3722} INFO - Setting next_dagrun for my_first_pipeline to None, run_after=None
[2026-03-14T01:49:44.613+0000] {processor.py:179} INFO - Processing /opt/airflow/dags/my_first_dag.py took 0.076 seconds
[2026-03-14T01:50:14.756+0000] {processor.py:157} INFO - Started process (PID=2799) to work on /opt/airflow/dags/my_first_dag.py
[2026-03-14T01:50:14.756+0000] {processor.py:829} INFO - Processing file /opt/airflow/dags/my_first_dag.py for tasks to queue
[2026-03-14T01:50:14.757+0000] {logging_mixin.py:154} INFO - [2026-03-14T01:50:14.757+0000] {dagbag.py:536} INFO - Filling up the DagBag from /opt/airflow/dags/my_first_dag.py
[2026-03-14T01:50:14.767+0000] {processor.py:839} INFO - DAG(s) dict_keys(['my_first_pipeline']) retrieved from /opt/airflow/dags/my_first_dag.py
[2026-03-14T01:50:14.793+0000] {logging_mixin.py:154} INFO - [2026-03-14T01:50:14.792+0000] {dag.py:2941} INFO - Sync 1 DAGs
[2026-03-14T01:50:14.803+0000] {logging_mixin.py:154} INFO - [2026-03-14T01:50:14.803+0000] {dag.py:3722} INFO - Setting next_dagrun for my_first_pipeline to None, run_after=None
[2026-03-14T01:50:14.818+0000] {processor.py:179} INFO - Processing /opt/airflow/dags/my_first_dag.py took 0.066 seconds
[2026-03-14T01:50:44.974+0000] {processor.py:157} INFO - Started process (PID=2812) to work on /opt/airflow/dags/my_first_dag.py
[2026-03-14T01:50:44.975+0000] {processor.py:829} INFO - Processing file /opt/airflow/dags/my_first_dag.py for tasks to queue
[2026-03-14T01:50:44.976+0000] {logging_mixin.py:154} INFO - [2026-03-14T01:50:44.976+0000] {dagbag.py:536} INFO - Filling up the DagBag from /opt/airflow/dags/my_first_dag.py
[2026-03-14T01:50:44.985+0000] {processor.py:839} INFO - DAG(s) dict_keys(['my_first_pipeline']) retrieved from /opt/airflow/dags/my_first_dag.py
[2026-03-14T01:50:45.008+0000] {logging_mixin.py:154} INFO - [2026-03-14T01:50:45.008+0000] {dag.py:2941} INFO - Sync 1 DAGs
[2026-03-14T01:50:45.018+0000] {logging_mixin.py:154} INFO - [2026-03-14T01:50:45.018+0000] {dag.py:3722} INFO - Setting next_dagrun for my_first_pipeline to None, run_after=None
[2026-03-14T01:50:45.034+0000] {processor.py:179} INFO - Processing /opt/airflow/dags/my_first_dag.py took 0.065 seconds
[2026-03-14T01:51:15.191+0000] {processor.py:157} INFO - Started process (PID=2824) to work on /opt/airflow/dags/my_first_dag.py
[2026-03-14T01:51:15.192+0000] {processor.py:829} INFO - Processing file /opt/airflow/dags/my_first_dag.py for tasks to queue
[2026-03-14T01:51:15.192+0000] {logging_mixin.py:154} INFO - [2026-03-14T01:51:15.192+0000] {dagbag.py:536} INFO - Filling up the DagBag from /opt/airflow/dags/my_first_dag.py
[2026-03-14T01:51:15.201+0000] {processor.py:839} INFO - DAG(s) dict_keys(['my_first_pipeline']) retrieved from /opt/airflow/dags/my_first_dag.py
[2026-03-14T01:51:15.225+0000] {logging_mixin.py:154} INFO - [2026-03-14T01:51:15.225+0000] {dag.py:2941} INFO - Sync 1 DAGs
[2026-03-14T01:51:15.235+0000] {logging_mixin.py:154} INFO - [2026-03-14T01:51:15.235+0000] {dag.py:3722} INFO - Setting next_dagrun for my_first_pipeline to None, run_after=None
[2026-03-14T01:51:15.250+0000] {processor.py:179} INFO - Processing /opt/airflow/dags/my_first_dag.py took 0.062 seconds
[2026-03-14T01:51:45.406+0000] {processor.py:157} INFO - Started process (PID=2836) to work on /opt/airflow/dags/my_first_dag.py
[2026-03-14T01:51:45.406+0000] {processor.py:829} INFO - Processing file /opt/airflow/dags/my_first_dag.py for tasks to queue
[2026-03-14T01:51:45.407+0000] {logging_mixin.py:154} INFO - [2026-03-14T01:51:45.407+0000] {dagbag.py:536} INFO - Filling up the DagBag from /opt/airflow/dags/my_first_dag.py
[2026-03-14T01:51:45.416+0000] {processor.py:839} INFO - DAG(s) dict_keys(['my_first_pipeline']) retrieved from /opt/airflow/dags/my_first_dag.py
[2026-03-14T01:51:45.439+0000] {logging_mixin.py:154} INFO - [2026-03-14T01:51:45.439+0000] {dag.py:2941} INFO - Sync 1 DAGs
[2026-03-14T01:51:45.449+0000] {logging_mixin.py:154} INFO - [2026-03-14T01:51:45.449+0000] {dag.py:3722} INFO - Setting next_dagrun for my_first_pipeline to None, run_after=None
[2026-03-14T01:51:45.465+0000] {processor.py:179} INFO - Processing /opt/airflow/dags/my_first_dag.py took 0.063 seconds
[2026-03-14T01:52:15.617+0000] {processor.py:157} INFO - Started process (PID=2848) to work on /opt/airflow/dags/my_first_dag.py
[2026-03-14T01:52:15.618+0000] {processor.py:829} INFO - Processing file /opt/airflow/dags/my_first_dag.py for tasks to queue
[2026-03-14T01:52:15.619+0000] {logging_mixin.py:154} INFO - [2026-03-14T01:52:15.618+0000] {dagbag.py:536} INFO - Filling up the DagBag from /opt/airflow/dags/my_first_dag.py
[2026-03-14T01:52:15.631+0000] {processor.py:839} INFO - DAG(s) dict_keys(['my_first_pipeline']) retrieved from /opt/airflow/dags/my_first_dag.py
[2026-03-14T01:52:15.661+0000] {logging_mixin.py:154} INFO - [2026-03-14T01:52:15.661+0000] {dag.py:2941} INFO - Sync 1 DAGs
[2026-03-14T01:52:15.675+0000] {logging_mixin.py:154} INFO - [2026-03-14T01:52:15.675+0000] {dag.py:3722} INFO - Setting next_dagrun for my_first_pipeline to None, run_after=None
[2026-03-14T01:52:15.693+0000] {processor.py:179} INFO - Processing /opt/airflow/dags/my_first_dag.py took 0.079 seconds
[2026-03-14T01:52:45.843+0000] {processor.py:157} INFO - Started process (PID=2861) to work on /opt/airflow/dags/my_first_dag.py
[2026-03-14T01:52:45.845+0000] {processor.py:829} INFO - Processing file /opt/airflow/dags/my_first_dag.py for tasks to queue
[2026-03-14T01:52:45.845+0000] {logging_mixin.py:154} INFO - [2026-03-14T01:52:45.845+0000] {dagbag.py:536} INFO - Filling up the DagBag from /opt/airflow/dags/my_first_dag.py
[2026-03-14T01:52:45.854+0000] {processor.py:839} INFO - DAG(s) dict_keys(['my_first_pipeline']) retrieved from /opt/airflow/dags/my_first_dag.py
[2026-03-14T01:52:45.880+0000] {logging_mixin.py:154} INFO - [2026-03-14T01:52:45.880+0000] {dag.py:2941} INFO - Sync 1 DAGs
[2026-03-14T01:52:45.896+0000] {logging_mixin.py:154} INFO - [2026-03-14T01:52:45.895+0000] {dag.py:3722} INFO - Setting next_dagrun for my_first_pipeline to None, run_after=None
[2026-03-14T01:52:45.915+0000] {processor.py:179} INFO - Processing /opt/airflow/dags/my_first_dag.py took 0.075 seconds
[2026-03-14T01:53:16.032+0000] {processor.py:157} INFO - Started process (PID=2873) to work on /opt/airflow/dags/my_first_dag.py
[2026-03-14T01:53:16.033+0000] {processor.py:829} INFO - Processing file /opt/airflow/dags/my_first_dag.py for tasks to queue
[2026-03-14T01:53:16.034+0000] {logging_mixin.py:154} INFO - [2026-03-14T01:53:16.034+0000] {dagbag.py:536} INFO - Filling up the DagBag from /opt/airflow/dags/my_first_dag.py
[2026-03-14T01:53:16.043+0000] {processor.py:839} INFO - DAG(s) dict_keys(['my_first_pipeline']) retrieved from /opt/airflow/dags/my_first_dag.py
[2026-03-14T01:53:16.072+0000] {logging_mixin.py:154} INFO - [2026-03-14T01:53:16.071+0000] {dag.py:2941} INFO - Sync 1 DAGs
[2026-03-14T01:53:16.084+0000] {logging_mixin.py:154} INFO - [2026-03-14T01:53:16.084+0000] {dag.py:3722} INFO - Setting next_dagrun for my_first_pipeline to None, run_after=None
[2026-03-14T01:53:16.106+0000] {processor.py:179} INFO - Processing /opt/airflow/dags/my_first_dag.py took 0.077 seconds
[2026-03-14T01:53:46.230+0000] {processor.py:157} INFO - Started process (PID=2885) to work on /opt/airflow/dags/my_first_dag.py
[2026-03-14T01:53:46.231+0000] {processor.py:829} INFO - Processing file /opt/airflow/dags/my_first_dag.py for tasks to queue
[2026-03-14T01:53:46.232+0000] {logging_mixin.py:154} INFO - [2026-03-14T01:53:46.232+0000] {dagbag.py:536} INFO - Filling up the DagBag from /opt/airflow/dags/my_first_dag.py
[2026-03-14T01:53:46.241+0000] {processor.py:839} INFO - DAG(s) dict_keys(['my_first_pipeline']) retrieved from /opt/airflow/dags/my_first_dag.py
[2026-03-14T01:53:46.269+0000] {logging_mixin.py:154} INFO - [2026-03-14T01:53:46.269+0000] {dag.py:2941} INFO - Sync 1 DAGs
[2026-03-14T01:53:46.281+0000] {logging_mixin.py:154} INFO - [2026-03-14T01:53:46.281+0000] {dag.py:3722} INFO - Setting next_dagrun for my_first_pipeline to None, run_after=None
[2026-03-14T01:53:46.303+0000] {processor.py:179} INFO - Processing /opt/airflow/dags/my_first_dag.py took 0.076 seconds
[2026-03-14T01:54:16.466+0000] {processor.py:157} INFO - Started process (PID=2897) to work on /opt/airflow/dags/my_first_dag.py
[2026-03-14T01:54:16.467+0000] {processor.py:829} INFO - Processing file /opt/airflow/dags/my_first_dag.py for tasks to queue
[2026-03-14T01:54:16.468+0000] {logging_mixin.py:154} INFO - [2026-03-14T01:54:16.468+0000] {dagbag.py:536} INFO - Filling up the DagBag from /opt/airflow/dags/my_first_dag.py
[2026-03-14T01:54:16.479+0000] {processor.py:839} INFO - DAG(s) dict_keys(['my_first_pipeline']) retrieved from /opt/airflow/dags/my_first_dag.py
[2026-03-14T01:54:16.503+0000] {logging_mixin.py:154} INFO - [2026-03-14T01:54:16.503+0000] {dag.py:2941} INFO - Sync 1 DAGs
[2026-03-14T01:54:16.513+0000] {logging_mixin.py:154} INFO - [2026-03-14T01:54:16.513+0000] {dag.py:3722} INFO - Setting next_dagrun for my_first_pipeline to None, run_after=None
[2026-03-14T01:54:16.530+0000] {processor.py:179} INFO - Processing /opt/airflow/dags/my_first_dag.py took 0.069 seconds
[2026-03-14T01:54:46.686+0000] {processor.py:157} INFO - Started process (PID=2909) to work on /opt/airflow/dags/my_first_dag.py
[2026-03-14T01:54:46.687+0000] {processor.py:829} INFO - Processing file /opt/airflow/dags/my_first_dag.py for tasks to queue
[2026-03-14T01:54:46.688+0000] {logging_mixin.py:154} INFO - [2026-03-14T01:54:46.688+0000] {dagbag.py:536} INFO - Filling up the DagBag from /opt/airflow/dags/my_first_dag.py
[2026-03-14T01:54:46.696+0000] {processor.py:839} INFO - DAG(s) dict_keys(['my_first_pipeline']) retrieved from /opt/airflow/dags/my_first_dag.py
[2026-03-14T01:54:46.719+0000] {logging_mixin.py:154} INFO - [2026-03-14T01:54:46.719+0000] {dag.py:2941} INFO - Sync 1 DAGs
[2026-03-14T01:54:46.729+0000] {logging_mixin.py:154} INFO - [2026-03-14T01:54:46.729+0000] {dag.py:3722} INFO - Setting next_dagrun for my_first_pipeline to None, run_after=None
[2026-03-14T01:54:46.745+0000] {processor.py:179} INFO - Processing /opt/airflow/dags/my_first_dag.py took 0.062 seconds
[2026-03-14T01:55:16.901+0000] {processor.py:157} INFO - Started process (PID=2921) to work on /opt/airflow/dags/my_first_dag.py
[2026-03-14T01:55:16.902+0000] {processor.py:829} INFO - Processing file /opt/airflow/dags/my_first_dag.py for tasks to queue
[2026-03-14T01:55:16.903+0000] {logging_mixin.py:154} INFO - [2026-03-14T01:55:16.902+0000] {dagbag.py:536} INFO - Filling up the DagBag from /opt/airflow/dags/my_first_dag.py
[2026-03-14T01:55:16.910+0000] {processor.py:839} INFO - DAG(s) dict_keys(['my_first_pipeline']) retrieved from /opt/airflow/dags/my_first_dag.py
[2026-03-14T01:55:16.933+0000] {logging_mixin.py:154} INFO - [2026-03-14T01:55:16.933+0000] {dag.py:2941} INFO - Sync 1 DAGs
[2026-03-14T01:55:16.944+0000] {logging_mixin.py:154} INFO - [2026-03-14T01:55:16.943+0000] {dag.py:3722} INFO - Setting next_dagrun for my_first_pipeline to None, run_after=None
[2026-03-14T01:55:16.960+0000] {processor.py:179} INFO - Processing /opt/airflow/dags/my_first_dag.py took 0.063 seconds
[2026-03-14T01:55:47.096+0000] {processor.py:157} INFO - Started process (PID=2933) to work on /opt/airflow/dags/my_first_dag.py
[2026-03-14T01:55:47.097+0000] {processor.py:829} INFO - Processing file /opt/airflow/dags/my_first_dag.py for tasks to queue
[2026-03-14T01:55:47.097+0000] {logging_mixin.py:154} INFO - [2026-03-14T01:55:47.097+0000] {dagbag.py:536} INFO - Filling up the DagBag from /opt/airflow/dags/my_first_dag.py
[2026-03-14T01:55:47.106+0000] {processor.py:839} INFO - DAG(s) dict_keys(['my_first_pipeline']) retrieved from /opt/airflow/dags/my_first_dag.py
[2026-03-14T01:55:47.131+0000] {logging_mixin.py:154} INFO - [2026-03-14T01:55:47.131+0000] {dag.py:2941} INFO - Sync 1 DAGs
[2026-03-14T01:55:47.142+0000] {logging_mixin.py:154} INFO - [2026-03-14T01:55:47.141+0000] {dag.py:3722} INFO - Setting next_dagrun for my_first_pipeline to None, run_after=None
[2026-03-14T01:55:47.158+0000] {processor.py:179} INFO - Processing /opt/airflow/dags/my_first_dag.py took 0.065 seconds
[2026-03-14T01:56:17.289+0000] {processor.py:157} INFO - Started process (PID=2944) to work on /opt/airflow/dags/my_first_dag.py
[2026-03-14T01:56:17.290+0000] {processor.py:829} INFO - Processing file /opt/airflow/dags/my_first_dag.py for tasks to queue
[2026-03-14T01:56:17.291+0000] {logging_mixin.py:154} INFO - [2026-03-14T01:56:17.291+0000] {dagbag.py:536} INFO - Filling up the DagBag from /opt/airflow/dags/my_first_dag.py
[2026-03-14T01:56:17.299+0000] {processor.py:839} INFO - DAG(s) dict_keys(['my_first_pipeline']) retrieved from /opt/airflow/dags/my_first_dag.py
[2026-03-14T01:56:17.322+0000] {logging_mixin.py:154} INFO - [2026-03-14T01:56:17.322+0000] {dag.py:2941} INFO - Sync 1 DAGs
[2026-03-14T01:56:17.332+0000] {logging_mixin.py:154} INFO - [2026-03-14T01:56:17.332+0000] {dag.py:3722} INFO - Setting next_dagrun for my_first_pipeline to None, run_after=None
[2026-03-14T01:56:17.349+0000] {processor.py:179} INFO - Processing /opt/airflow/dags/my_first_dag.py took 0.063 seconds
[2026-03-14T01:56:47.478+0000] {processor.py:157} INFO - Started process (PID=2956) to work on /opt/airflow/dags/my_first_dag.py
[2026-03-14T01:56:47.479+0000] {processor.py:829} INFO - Processing file /opt/airflow/dags/my_first_dag.py for tasks to queue
[2026-03-14T01:56:47.480+0000] {logging_mixin.py:154} INFO - [2026-03-14T01:56:47.479+0000] {dagbag.py:536} INFO - Filling up the DagBag from /opt/airflow/dags/my_first_dag.py
[2026-03-14T01:56:47.488+0000] {processor.py:839} INFO - DAG(s) dict_keys(['my_first_pipeline']) retrieved from /opt/airflow/dags/my_first_dag.py
[2026-03-14T01:56:47.515+0000] {logging_mixin.py:154} INFO - [2026-03-14T01:56:47.515+0000] {dag.py:2941} INFO - Sync 1 DAGs
[2026-03-14T01:56:47.527+0000] {logging_mixin.py:154} INFO - [2026-03-14T01:56:47.527+0000] {dag.py:3722} INFO - Setting next_dagrun for my_first_pipeline to None, run_after=None
[2026-03-14T01:56:47.544+0000] {processor.py:179} INFO - Processing /opt/airflow/dags/my_first_dag.py took 0.069 seconds
[2026-03-14T01:57:17.694+0000] {processor.py:157} INFO - Started process (PID=2968) to work on /opt/airflow/dags/my_first_dag.py
[2026-03-14T01:57:17.695+0000] {processor.py:829} INFO - Processing file /opt/airflow/dags/my_first_dag.py for tasks to queue
[2026-03-14T01:57:17.696+0000] {logging_mixin.py:154} INFO - [2026-03-14T01:57:17.695+0000] {dagbag.py:536} INFO - Filling up the DagBag from /opt/airflow/dags/my_first_dag.py
[2026-03-14T01:57:17.705+0000] {processor.py:839} INFO - DAG(s) dict_keys(['my_first_pipeline']) retrieved from /opt/airflow/dags/my_first_dag.py
[2026-03-14T01:57:17.731+0000] {logging_mixin.py:154} INFO - [2026-03-14T01:57:17.731+0000] {dag.py:2941} INFO - Sync 1 DAGs
[2026-03-14T01:57:17.744+0000] {logging_mixin.py:154} INFO - [2026-03-14T01:57:17.744+0000] {dag.py:3722} INFO - Setting next_dagrun for my_first_pipeline to None, run_after=None
[2026-03-14T01:57:17.765+0000] {processor.py:179} INFO - Processing /opt/airflow/dags/my_first_dag.py took 0.075 seconds
[2026-03-14T01:57:47.872+0000] {processor.py:157} INFO - Started process (PID=2979) to work on /opt/airflow/dags/my_first_dag.py
[2026-03-14T01:57:47.873+0000] {processor.py:829} INFO - Processing file /opt/airflow/dags/my_first_dag.py for tasks to queue
[2026-03-14T01:57:47.873+0000] {logging_mixin.py:154} INFO - [2026-03-14T01:57:47.873+0000] {dagbag.py:536} INFO - Filling up the DagBag from /opt/airflow/dags/my_first_dag.py
[2026-03-14T01:57:47.883+0000] {processor.py:839} INFO - DAG(s) dict_keys(['my_first_pipeline']) retrieved from /opt/airflow/dags/my_first_dag.py
[2026-03-14T01:57:47.911+0000] {logging_mixin.py:154} INFO - [2026-03-14T01:57:47.911+0000] {dag.py:2941} INFO - Sync 1 DAGs
[2026-03-14T01:57:47.923+0000] {logging_mixin.py:154} INFO - [2026-03-14T01:57:47.923+0000] {dag.py:3722} INFO - Setting next_dagrun for my_first_pipeline to None, run_after=None
[2026-03-14T01:57:47.946+0000] {processor.py:179} INFO - Processing /opt/airflow/dags/my_first_dag.py took 0.077 seconds
[2026-03-14T01:58:18.088+0000] {processor.py:157} INFO - Started process (PID=2991) to work on /opt/airflow/dags/my_first_dag.py
[2026-03-14T01:58:18.090+0000] {processor.py:829} INFO - Processing file /opt/airflow/dags/my_first_dag.py for tasks to queue
[2026-03-14T01:58:18.090+0000] {logging_mixin.py:154} INFO - [2026-03-14T01:58:18.090+0000] {dagbag.py:536} INFO - Filling up the DagBag from /opt/airflow/dags/my_first_dag.py
[2026-03-14T01:58:18.100+0000] {processor.py:839} INFO - DAG(s) dict_keys(['my_first_pipeline']) retrieved from /opt/airflow/dags/my_first_dag.py
[2026-03-14T01:58:18.124+0000] {logging_mixin.py:154} INFO - [2026-03-14T01:58:18.124+0000] {dag.py:2941} INFO - Sync 1 DAGs
[2026-03-14T01:58:18.135+0000] {logging_mixin.py:154} INFO - [2026-03-14T01:58:18.134+0000] {dag.py:3722} INFO - Setting next_dagrun for my_first_pipeline to None, run_after=None
[2026-03-14T01:58:18.152+0000] {processor.py:179} INFO - Processing /opt/airflow/dags/my_first_dag.py took 0.067 seconds
[2026-03-14T01:58:48.304+0000] {processor.py:157} INFO - Started process (PID=3003) to work on /opt/airflow/dags/my_first_dag.py
[2026-03-14T01:58:48.305+0000] {processor.py:829} INFO - Processing file /opt/airflow/dags/my_first_dag.py for tasks to queue
[2026-03-14T01:58:48.306+0000] {logging_mixin.py:154} INFO - [2026-03-14T01:58:48.306+0000] {dagbag.py:536} INFO - Filling up the DagBag from /opt/airflow/dags/my_first_dag.py
[2026-03-14T01:58:48.316+0000] {processor.py:839} INFO - DAG(s) dict_keys(['my_first_pipeline']) retrieved from /opt/airflow/dags/my_first_dag.py
[2026-03-14T01:58:48.339+0000] {logging_mixin.py:154} INFO - [2026-03-14T01:58:48.339+0000] {dag.py:2941} INFO - Sync 1 DAGs
[2026-03-14T01:58:48.349+0000] {logging_mixin.py:154} INFO - [2026-03-14T01:58:48.349+0000] {dag.py:3722} INFO - Setting next_dagrun for my_first_pipeline to None, run_after=None
[2026-03-14T01:58:48.365+0000] {processor.py:179} INFO - Processing /opt/airflow/dags/my_first_dag.py took 0.065 seconds
[2026-03-14T01:59:18.543+0000] {processor.py:157} INFO - Started process (PID=3014) to work on /opt/airflow/dags/my_first_dag.py
[2026-03-14T01:59:18.544+0000] {processor.py:829} INFO - Processing file /opt/airflow/dags/my_first_dag.py for tasks to queue
[2026-03-14T01:59:18.545+0000] {logging_mixin.py:154} INFO - [2026-03-14T01:59:18.544+0000] {dagbag.py:536} INFO - Filling up the DagBag from /opt/airflow/dags/my_first_dag.py
[2026-03-14T01:59:18.554+0000] {processor.py:839} INFO - DAG(s) dict_keys(['my_first_pipeline']) retrieved from /opt/airflow/dags/my_first_dag.py
[2026-03-14T01:59:18.577+0000] {logging_mixin.py:154} INFO - [2026-03-14T01:59:18.577+0000] {dag.py:2941} INFO - Sync 1 DAGs
[2026-03-14T01:59:18.588+0000] {logging_mixin.py:154} INFO - [2026-03-14T01:59:18.587+0000] {dag.py:3722} INFO - Setting next_dagrun for my_first_pipeline to None, run_after=None
[2026-03-14T01:59:18.604+0000] {processor.py:179} INFO - Processing /opt/airflow/dags/my_first_dag.py took 0.065 seconds
[2026-03-14T01:59:48.707+0000] {processor.py:157} INFO - Started process (PID=3026) to work on /opt/airflow/dags/my_first_dag.py
[2026-03-14T01:59:48.707+0000] {processor.py:829} INFO - Processing file /opt/airflow/dags/my_first_dag.py for tasks to queue
[2026-03-14T01:59:48.708+0000] {logging_mixin.py:154} INFO - [2026-03-14T01:59:48.708+0000] {dagbag.py:536} INFO - Filling up the DagBag from /opt/airflow/dags/my_first_dag.py
[2026-03-14T01:59:48.716+0000] {processor.py:839} INFO - DAG(s) dict_keys(['my_first_pipeline']) retrieved from /opt/airflow/dags/my_first_dag.py
[2026-03-14T01:59:48.739+0000] {logging_mixin.py:154} INFO - [2026-03-14T01:59:48.739+0000] {dag.py:2941} INFO - Sync 1 DAGs
[2026-03-14T01:59:48.749+0000] {logging_mixin.py:154} INFO - [2026-03-14T01:59:48.749+0000] {dag.py:3722} INFO - Setting next_dagrun for my_first_pipeline to None, run_after=None
[2026-03-14T01:59:48.766+0000] {processor.py:179} INFO - Processing /opt/airflow/dags/my_first_dag.py took 0.061 seconds
[2026-03-14T02:00:18.907+0000] {processor.py:157} INFO - Started process (PID=3039) to work on /opt/airflow/dags/my_first_dag.py
[2026-03-14T02:00:18.908+0000] {processor.py:829} INFO - Processing file /opt/airflow/dags/my_first_dag.py for tasks to queue
[2026-03-14T02:00:18.909+0000] {logging_mixin.py:154} INFO - [2026-03-14T02:00:18.908+0000] {dagbag.py:536} INFO - Filling up the DagBag from /opt/airflow/dags/my_first_dag.py
[2026-03-14T02:00:18.917+0000] {processor.py:839} INFO - DAG(s) dict_keys(['my_first_pipeline']) retrieved from /opt/airflow/dags/my_first_dag.py
[2026-03-14T02:00:18.942+0000] {logging_mixin.py:154} INFO - [2026-03-14T02:00:18.942+0000] {dag.py:2941} INFO - Sync 1 DAGs
[2026-03-14T02:00:18.953+0000] {logging_mixin.py:154} INFO - [2026-03-14T02:00:18.952+0000] {dag.py:3722} INFO - Setting next_dagrun for my_first_pipeline to None, run_after=None
[2026-03-14T02:00:18.969+0000] {processor.py:179} INFO - Processing /opt/airflow/dags/my_first_dag.py took 0.064 seconds
[2026-03-14T02:00:49.100+0000] {processor.py:157} INFO - Started process (PID=3051) to work on /opt/airflow/dags/my_first_dag.py
[2026-03-14T02:00:49.100+0000] {processor.py:829} INFO - Processing file /opt/airflow/dags/my_first_dag.py for tasks to queue
[2026-03-14T02:00:49.101+0000] {logging_mixin.py:154} INFO - [2026-03-14T02:00:49.101+0000] {dagbag.py:536} INFO - Filling up the DagBag from /opt/airflow/dags/my_first_dag.py
[2026-03-14T02:00:49.110+0000] {processor.py:839} INFO - DAG(s) dict_keys(['my_first_pipeline']) retrieved from /opt/airflow/dags/my_first_dag.py
[2026-03-14T02:00:49.134+0000] {logging_mixin.py:154} INFO - [2026-03-14T02:00:49.134+0000] {dag.py:2941} INFO - Sync 1 DAGs
[2026-03-14T02:00:49.145+0000] {logging_mixin.py:154} INFO - [2026-03-14T02:00:49.145+0000] {dag.py:3722} INFO - Setting next_dagrun for my_first_pipeline to None, run_after=None
[2026-03-14T02:00:49.161+0000] {processor.py:179} INFO - Processing /opt/airflow/dags/my_first_dag.py took 0.064 seconds
[2026-03-14T02:01:19.360+0000] {processor.py:157} INFO - Started process (PID=3063) to work on /opt/airflow/dags/my_first_dag.py
[2026-03-14T02:01:19.362+0000] {processor.py:829} INFO - Processing file /opt/airflow/dags/my_first_dag.py for tasks to queue
[2026-03-14T02:01:19.362+0000] {logging_mixin.py:154} INFO - [2026-03-14T02:01:19.362+0000] {dagbag.py:536} INFO - Filling up the DagBag from /opt/airflow/dags/my_first_dag.py
[2026-03-14T02:01:19.372+0000] {processor.py:839} INFO - DAG(s) dict_keys(['my_first_pipeline']) retrieved from /opt/airflow/dags/my_first_dag.py
[2026-03-14T02:01:19.398+0000] {logging_mixin.py:154} INFO - [2026-03-14T02:01:19.398+0000] {dag.py:2941} INFO - Sync 1 DAGs
[2026-03-14T02:01:19.411+0000] {logging_mixin.py:154} INFO - [2026-03-14T02:01:19.411+0000] {dag.py:3722} INFO - Setting next_dagrun for my_first_pipeline to None, run_after=None
[2026-03-14T02:01:19.431+0000] {processor.py:179} INFO - Processing /opt/airflow/dags/my_first_dag.py took 0.073 seconds
[2026-03-14T02:01:49.535+0000] {processor.py:157} INFO - Started process (PID=3075) to work on /opt/airflow/dags/my_first_dag.py
[2026-03-14T02:01:49.536+0000] {processor.py:829} INFO - Processing file /opt/airflow/dags/my_first_dag.py for tasks to queue
[2026-03-14T02:01:49.536+0000] {logging_mixin.py:154} INFO - [2026-03-14T02:01:49.536+0000] {dagbag.py:536} INFO - Filling up the DagBag from /opt/airflow/dags/my_first_dag.py
[2026-03-14T02:01:49.546+0000] {processor.py:839} INFO - DAG(s) dict_keys(['my_first_pipeline']) retrieved from /opt/airflow/dags/my_first_dag.py
[2026-03-14T02:01:49.574+0000] {logging_mixin.py:154} INFO - [2026-03-14T02:01:49.574+0000] {dag.py:2941} INFO - Sync 1 DAGs
[2026-03-14T02:01:49.587+0000] {logging_mixin.py:154} INFO - [2026-03-14T02:01:49.586+0000] {dag.py:3722} INFO - Setting next_dagrun for my_first_pipeline to None, run_after=None
[2026-03-14T02:01:49.607+0000] {processor.py:179} INFO - Processing /opt/airflow/dags/my_first_dag.py took 0.075 seconds
[2026-03-14T02:02:19.779+0000] {processor.py:157} INFO - Started process (PID=3087) to work on /opt/airflow/dags/my_first_dag.py
[2026-03-14T02:02:19.780+0000] {processor.py:829} INFO - Processing file /opt/airflow/dags/my_first_dag.py for tasks to queue
[2026-03-14T02:02:19.781+0000] {logging_mixin.py:154} INFO - [2026-03-14T02:02:19.781+0000] {dagbag.py:536} INFO - Filling up the DagBag from /opt/airflow/dags/my_first_dag.py
[2026-03-14T02:02:19.790+0000] {processor.py:839} INFO - DAG(s) dict_keys(['my_first_pipeline']) retrieved from /opt/airflow/dags/my_first_dag.py
[2026-03-14T02:02:19.815+0000] {logging_mixin.py:154} INFO - [2026-03-14T02:02:19.815+0000] {dag.py:2941} INFO - Sync 1 DAGs
[2026-03-14T02:02:19.826+0000] {logging_mixin.py:154} INFO - [2026-03-14T02:02:19.826+0000] {dag.py:3722} INFO - Setting next_dagrun for my_first_pipeline to None, run_after=None
[2026-03-14T02:02:19.844+0000] {processor.py:179} INFO - Processing /opt/airflow/dags/my_first_dag.py took 0.068 seconds
[2026-03-14T02:02:49.940+0000] {processor.py:157} INFO - Started process (PID=3099) to work on /opt/airflow/dags/my_first_dag.py
[2026-03-14T02:02:49.941+0000] {processor.py:829} INFO - Processing file /opt/airflow/dags/my_first_dag.py for tasks to queue
[2026-03-14T02:02:49.942+0000] {logging_mixin.py:154} INFO - [2026-03-14T02:02:49.942+0000] {dagbag.py:536} INFO - Filling up the DagBag from /opt/airflow/dags/my_first_dag.py
[2026-03-14T02:02:49.951+0000] {processor.py:839} INFO - DAG(s) dict_keys(['my_first_pipeline']) retrieved from /opt/airflow/dags/my_first_dag.py
[2026-03-14T02:02:49.976+0000] {logging_mixin.py:154} INFO - [2026-03-14T02:02:49.976+0000] {dag.py:2941} INFO - Sync 1 DAGs
[2026-03-14T02:02:49.986+0000] {logging_mixin.py:154} INFO - [2026-03-14T02:02:49.986+0000] {dag.py:3722} INFO - Setting next_dagrun for my_first_pipeline to None, run_after=None
[2026-03-14T02:02:50.001+0000] {processor.py:179} INFO - Processing /opt/airflow/dags/my_first_dag.py took 0.064 seconds
[2026-03-14T02:03:20.122+0000] {processor.py:157} INFO - Started process (PID=3111) to work on /opt/airflow/dags/my_first_dag.py
[2026-03-14T02:03:20.123+0000] {processor.py:829} INFO - Processing file /opt/airflow/dags/my_first_dag.py for tasks to queue
[2026-03-14T02:03:20.124+0000] {logging_mixin.py:154} INFO - [2026-03-14T02:03:20.123+0000] {dagbag.py:536} INFO - Filling up the DagBag from /opt/airflow/dags/my_first_dag.py
[2026-03-14T02:03:20.133+0000] {processor.py:839} INFO - DAG(s) dict_keys(['my_first_pipeline']) retrieved from /opt/airflow/dags/my_first_dag.py
[2026-03-14T02:03:20.159+0000] {logging_mixin.py:154} INFO - [2026-03-14T02:03:20.159+0000] {dag.py:2941} INFO - Sync 1 DAGs
[2026-03-14T02:03:20.171+0000] {logging_mixin.py:154} INFO - [2026-03-14T02:03:20.171+0000] {dag.py:3722} INFO - Setting next_dagrun for my_first_pipeline to None, run_after=None
[2026-03-14T02:03:20.189+0000] {processor.py:179} INFO - Processing /opt/airflow/dags/my_first_dag.py took 0.070 seconds
[2026-03-14T02:03:50.294+0000] {processor.py:157} INFO - Started process (PID=3123) to work on /opt/airflow/dags/my_first_dag.py
[2026-03-14T02:03:50.295+0000] {processor.py:829} INFO - Processing file /opt/airflow/dags/my_first_dag.py for tasks to queue
[2026-03-14T02:03:50.295+0000] {logging_mixin.py:154} INFO - [2026-03-14T02:03:50.295+0000] {dagbag.py:536} INFO - Filling up the DagBag from /opt/airflow/dags/my_first_dag.py
[2026-03-14T02:03:50.304+0000] {processor.py:839} INFO - DAG(s) dict_keys(['my_first_pipeline']) retrieved from /opt/airflow/dags/my_first_dag.py
[2026-03-14T02:03:50.327+0000] {logging_mixin.py:154} INFO - [2026-03-14T02:03:50.327+0000] {dag.py:2941} INFO - Sync 1 DAGs
[2026-03-14T02:03:50.338+0000] {logging_mixin.py:154} INFO - [2026-03-14T02:03:50.338+0000] {dag.py:3722} INFO - Setting next_dagrun for my_first_pipeline to None, run_after=None
[2026-03-14T02:03:50.355+0000] {processor.py:179} INFO - Processing /opt/airflow/dags/my_first_dag.py took 0.063 seconds
[2026-03-14T02:04:20.578+0000] {processor.py:157} INFO - Started process (PID=3135) to work on /opt/airflow/dags/my_first_dag.py
[2026-03-14T02:04:20.579+0000] {processor.py:829} INFO - Processing file /opt/airflow/dags/my_first_dag.py for tasks to queue
[2026-03-14T02:04:20.580+0000] {logging_mixin.py:154} INFO - [2026-03-14T02:04:20.580+0000] {dagbag.py:536} INFO - Filling up the DagBag from /opt/airflow/dags/my_first_dag.py
[2026-03-14T02:04:20.588+0000] {processor.py:839} INFO - DAG(s) dict_keys(['my_first_pipeline']) retrieved from /opt/airflow/dags/my_first_dag.py
[2026-03-14T02:04:20.611+0000] {logging_mixin.py:154} INFO - [2026-03-14T02:04:20.611+0000] {dag.py:2941} INFO - Sync 1 DAGs
[2026-03-14T02:04:20.622+0000] {logging_mixin.py:154} INFO - [2026-03-14T02:04:20.622+0000] {dag.py:3722} INFO - Setting next_dagrun for my_first_pipeline to None, run_after=None
[2026-03-14T02:04:20.637+0000] {processor.py:179} INFO - Processing /opt/airflow/dags/my_first_dag.py took 0.062 seconds
[2026-03-14T02:04:50.760+0000] {processor.py:157} INFO - Started process (PID=3147) to work on /opt/airflow/dags/my_first_dag.py
[2026-03-14T02:04:50.760+0000] {processor.py:829} INFO - Processing file /opt/airflow/dags/my_first_dag.py for tasks to queue
[2026-03-14T02:04:50.761+0000] {logging_mixin.py:154} INFO - [2026-03-14T02:04:50.761+0000] {dagbag.py:536} INFO - Filling up the DagBag from /opt/airflow/dags/my_first_dag.py
[2026-03-14T02:04:50.769+0000] {processor.py:839} INFO - DAG(s) dict_keys(['my_first_pipeline']) retrieved from /opt/airflow/dags/my_first_dag.py
[2026-03-14T02:04:50.793+0000] {logging_mixin.py:154} INFO - [2026-03-14T02:04:50.793+0000] {dag.py:2941} INFO - Sync 1 DAGs
[2026-03-14T02:04:50.804+0000] {logging_mixin.py:154} INFO - [2026-03-14T02:04:50.803+0000] {dag.py:3722} INFO - Setting next_dagrun for my_first_pipeline to None, run_after=None
[2026-03-14T02:04:50.818+0000] {processor.py:179} INFO - Processing /opt/airflow/dags/my_first_dag.py took 0.062 seconds
[2026-03-14T02:05:20.962+0000] {processor.py:157} INFO - Started process (PID=3159) to work on /opt/airflow/dags/my_first_dag.py
[2026-03-14T02:05:20.963+0000] {processor.py:829} INFO - Processing file /opt/airflow/dags/my_first_dag.py for tasks to queue
[2026-03-14T02:05:20.964+0000] {logging_mixin.py:154} INFO - [2026-03-14T02:05:20.964+0000] {dagbag.py:536} INFO - Filling up the DagBag from /opt/airflow/dags/my_first_dag.py
[2026-03-14T02:05:20.973+0000] {processor.py:839} INFO - DAG(s) dict_keys(['my_first_pipeline']) retrieved from /opt/airflow/dags/my_first_dag.py
[2026-03-14T02:05:21.000+0000] {logging_mixin.py:154} INFO - [2026-03-14T02:05:21.000+0000] {dag.py:2941} INFO - Sync 1 DAGs
[2026-03-14T02:05:21.012+0000] {logging_mixin.py:154} INFO - [2026-03-14T02:05:21.012+0000] {dag.py:3722} INFO - Setting next_dagrun for my_first_pipeline to None, run_after=None
[2026-03-14T02:05:21.034+0000] {processor.py:179} INFO - Processing /opt/airflow/dags/my_first_dag.py took 0.075 seconds
[2026-03-14T02:05:51.143+0000] {processor.py:157} INFO - Started process (PID=3171) to work on /opt/airflow/dags/my_first_dag.py
[2026-03-14T02:05:51.143+0000] {processor.py:829} INFO - Processing file /opt/airflow/dags/my_first_dag.py for tasks to queue
[2026-03-14T02:05:51.144+0000] {logging_mixin.py:154} INFO - [2026-03-14T02:05:51.144+0000] {dagbag.py:536} INFO - Filling up the DagBag from /opt/airflow/dags/my_first_dag.py
[2026-03-14T02:05:51.154+0000] {processor.py:839} INFO - DAG(s) dict_keys(['my_first_pipeline']) retrieved from /opt/airflow/dags/my_first_dag.py
[2026-03-14T02:05:51.184+0000] {logging_mixin.py:154} INFO - [2026-03-14T02:05:51.183+0000] {dag.py:2941} INFO - Sync 1 DAGs
[2026-03-14T02:05:51.196+0000] {logging_mixin.py:154} INFO - [2026-03-14T02:05:51.196+0000] {dag.py:3722} INFO - Setting next_dagrun for my_first_pipeline to None, run_after=None
[2026-03-14T02:05:51.219+0000] {processor.py:179} INFO - Processing /opt/airflow/dags/my_first_dag.py took 0.079 seconds
[2026-03-14T02:06:21.375+0000] {processor.py:157} INFO - Started process (PID=3183) to work on /opt/airflow/dags/my_first_dag.py
[2026-03-14T02:06:21.375+0000] {processor.py:829} INFO - Processing file /opt/airflow/dags/my_first_dag.py for tasks to queue
[2026-03-14T02:06:21.376+0000] {logging_mixin.py:154} INFO - [2026-03-14T02:06:21.376+0000] {dagbag.py:536} INFO - Filling up the DagBag from /opt/airflow/dags/my_first_dag.py
[2026-03-14T02:06:21.384+0000] {processor.py:839} INFO - DAG(s) dict_keys(['my_first_pipeline']) retrieved from /opt/airflow/dags/my_first_dag.py
[2026-03-14T02:06:21.408+0000] {logging_mixin.py:154} INFO - [2026-03-14T02:06:21.408+0000] {dag.py:2941} INFO - Sync 1 DAGs
[2026-03-14T02:06:21.419+0000] {logging_mixin.py:154} INFO - [2026-03-14T02:06:21.419+0000] {dag.py:3722} INFO - Setting next_dagrun for my_first_pipeline to None, run_after=None
[2026-03-14T02:06:21.438+0000] {processor.py:179} INFO - Processing /opt/airflow/dags/my_first_dag.py took 0.066 seconds
[2026-03-14T02:06:51.568+0000] {processor.py:157} INFO - Started process (PID=3195) to work on /opt/airflow/dags/my_first_dag.py
[2026-03-14T02:06:51.568+0000] {processor.py:829} INFO - Processing file /opt/airflow/dags/my_first_dag.py for tasks to queue
[2026-03-14T02:06:51.569+0000] {logging_mixin.py:154} INFO - [2026-03-14T02:06:51.569+0000] {dagbag.py:536} INFO - Filling up the DagBag from /opt/airflow/dags/my_first_dag.py
[2026-03-14T02:06:51.577+0000] {processor.py:839} INFO - DAG(s) dict_keys(['my_first_pipeline']) retrieved from /opt/airflow/dags/my_first_dag.py
[2026-03-14T02:06:51.601+0000] {logging_mixin.py:154} INFO - [2026-03-14T02:06:51.601+0000] {dag.py:2941} INFO - Sync 1 DAGs
[2026-03-14T02:06:51.612+0000] {logging_mixin.py:154} INFO - [2026-03-14T02:06:51.612+0000] {dag.py:3722} INFO - Setting next_dagrun for my_first_pipeline to None, run_after=None
[2026-03-14T02:06:51.630+0000] {processor.py:179} INFO - Processing /opt/airflow/dags/my_first_dag.py took 0.065 seconds
[2026-03-14T02:07:21.735+0000] {processor.py:157} INFO - Started process (PID=3207) to work on /opt/airflow/dags/my_first_dag.py
[2026-03-14T02:07:21.736+0000] {processor.py:829} INFO - Processing file /opt/airflow/dags/my_first_dag.py for tasks to queue
[2026-03-14T02:07:21.737+0000] {logging_mixin.py:154} INFO - [2026-03-14T02:07:21.736+0000] {dagbag.py:536} INFO - Filling up the DagBag from /opt/airflow/dags/my_first_dag.py
[2026-03-14T02:07:21.745+0000] {processor.py:839} INFO - DAG(s) dict_keys(['my_first_pipeline']) retrieved from /opt/airflow/dags/my_first_dag.py
[2026-03-14T02:07:21.770+0000] {logging_mixin.py:154} INFO - [2026-03-14T02:07:21.769+0000] {dag.py:2941} INFO - Sync 1 DAGs
[2026-03-14T02:07:21.780+0000] {logging_mixin.py:154} INFO - [2026-03-14T02:07:21.780+0000] {dag.py:3722} INFO - Setting next_dagrun for my_first_pipeline to None, run_after=None
[2026-03-14T02:07:21.795+0000] {processor.py:179} INFO - Processing /opt/airflow/dags/my_first_dag.py took 0.063 seconds
[2026-03-14T02:07:51.915+0000] {processor.py:157} INFO - Started process (PID=3219) to work on /opt/airflow/dags/my_first_dag.py
[2026-03-14T02:07:51.916+0000] {processor.py:829} INFO - Processing file /opt/airflow/dags/my_first_dag.py for tasks to queue
[2026-03-14T02:07:51.917+0000] {logging_mixin.py:154} INFO - [2026-03-14T02:07:51.917+0000] {dagbag.py:536} INFO - Filling up the DagBag from /opt/airflow/dags/my_first_dag.py
[2026-03-14T02:07:51.926+0000] {processor.py:839} INFO - DAG(s) dict_keys(['my_first_pipeline']) retrieved from /opt/airflow/dags/my_first_dag.py
[2026-03-14T02:07:51.949+0000] {logging_mixin.py:154} INFO - [2026-03-14T02:07:51.949+0000] {dag.py:2941} INFO - Sync 1 DAGs
[2026-03-14T02:07:51.960+0000] {logging_mixin.py:154} INFO - [2026-03-14T02:07:51.960+0000] {dag.py:3722} INFO - Setting next_dagrun for my_first_pipeline to None, run_after=None
[2026-03-14T02:07:51.977+0000] {processor.py:179} INFO - Processing /opt/airflow/dags/my_first_dag.py took 0.064 seconds
[2026-03-14T02:08:22.125+0000] {processor.py:157} INFO - Started process (PID=3230) to work on /opt/airflow/dags/my_first_dag.py
[2026-03-14T02:08:22.126+0000] {processor.py:829} INFO - Processing file /opt/airflow/dags/my_first_dag.py for tasks to queue
[2026-03-14T02:08:22.127+0000] {logging_mixin.py:154} INFO - [2026-03-14T02:08:22.127+0000] {dagbag.py:536} INFO - Filling up the DagBag from /opt/airflow/dags/my_first_dag.py
[2026-03-14T02:08:22.135+0000] {processor.py:839} INFO - DAG(s) dict_keys(['my_first_pipeline']) retrieved from /opt/airflow/dags/my_first_dag.py
[2026-03-14T02:08:22.159+0000] {logging_mixin.py:154} INFO - [2026-03-14T02:08:22.159+0000] {dag.py:2941} INFO - Sync 1 DAGs
[2026-03-14T02:08:22.170+0000] {logging_mixin.py:154} INFO - [2026-03-14T02:08:22.170+0000] {dag.py:3722} INFO - Setting next_dagrun for my_first_pipeline to None, run_after=None
[2026-03-14T02:08:22.187+0000] {processor.py:179} INFO - Processing /opt/airflow/dags/my_first_dag.py took 0.066 seconds
[2026-03-14T02:08:52.298+0000] {processor.py:157} INFO - Started process (PID=3242) to work on /opt/airflow/dags/my_first_dag.py
[2026-03-14T02:08:52.299+0000] {processor.py:829} INFO - Processing file /opt/airflow/dags/my_first_dag.py for tasks to queue
[2026-03-14T02:08:52.299+0000] {logging_mixin.py:154} INFO - [2026-03-14T02:08:52.299+0000] {dagbag.py:536} INFO - Filling up the DagBag from /opt/airflow/dags/my_first_dag.py
[2026-03-14T02:08:52.307+0000] {processor.py:839} INFO - DAG(s) dict_keys(['my_first_pipeline']) retrieved from /opt/airflow/dags/my_first_dag.py
[2026-03-14T02:08:52.332+0000] {logging_mixin.py:154} INFO - [2026-03-14T02:08:52.331+0000] {dag.py:2941} INFO - Sync 1 DAGs
[2026-03-14T02:08:52.342+0000] {logging_mixin.py:154} INFO - [2026-03-14T02:08:52.342+0000] {dag.py:3722} INFO - Setting next_dagrun for my_first_pipeline to None, run_after=None
[2026-03-14T02:08:52.360+0000] {processor.py:179} INFO - Processing /opt/airflow/dags/my_first_dag.py took 0.065 seconds
[2026-03-14T02:09:22.527+0000] {processor.py:157} INFO - Started process (PID=3254) to work on /opt/airflow/dags/my_first_dag.py
[2026-03-14T02:09:22.528+0000] {processor.py:829} INFO - Processing file /opt/airflow/dags/my_first_dag.py for tasks to queue
[2026-03-14T02:09:22.528+0000] {logging_mixin.py:154} INFO - [2026-03-14T02:09:22.528+0000] {dagbag.py:536} INFO - Filling up the DagBag from /opt/airflow/dags/my_first_dag.py
[2026-03-14T02:09:22.538+0000] {processor.py:839} INFO - DAG(s) dict_keys(['my_first_pipeline']) retrieved from /opt/airflow/dags/my_first_dag.py
[2026-03-14T02:09:22.565+0000] {logging_mixin.py:154} INFO - [2026-03-14T02:09:22.565+0000] {dag.py:2941} INFO - Sync 1 DAGs
[2026-03-14T02:09:22.577+0000] {logging_mixin.py:154} INFO - [2026-03-14T02:09:22.577+0000] {dag.py:3722} INFO - Setting next_dagrun for my_first_pipeline to None, run_after=None
[2026-03-14T02:09:22.601+0000] {processor.py:179} INFO - Processing /opt/airflow/dags/my_first_dag.py took 0.077 seconds
[2026-03-14T02:09:52.700+0000] {processor.py:157} INFO - Started process (PID=3266) to work on /opt/airflow/dags/my_first_dag.py
[2026-03-14T02:09:52.701+0000] {processor.py:829} INFO - Processing file /opt/airflow/dags/my_first_dag.py for tasks to queue
[2026-03-14T02:09:52.702+0000] {logging_mixin.py:154} INFO - [2026-03-14T02:09:52.701+0000] {dagbag.py:536} INFO - Filling up the DagBag from /opt/airflow/dags/my_first_dag.py
[2026-03-14T02:09:52.711+0000] {processor.py:839} INFO - DAG(s) dict_keys(['my_first_pipeline']) retrieved from /opt/airflow/dags/my_first_dag.py
[2026-03-14T02:09:52.739+0000] {logging_mixin.py:154} INFO - [2026-03-14T02:09:52.739+0000] {dag.py:2941} INFO - Sync 1 DAGs
[2026-03-14T02:09:52.754+0000] {logging_mixin.py:154} INFO - [2026-03-14T02:09:52.753+0000] {dag.py:3722} INFO - Setting next_dagrun for my_first_pipeline to None, run_after=None
[2026-03-14T02:09:52.775+0000] {processor.py:179} INFO - Processing /opt/airflow/dags/my_first_dag.py took 0.078 seconds
[2026-03-14T02:10:22.947+0000] {processor.py:157} INFO - Started process (PID=3277) to work on /opt/airflow/dags/my_first_dag.py
[2026-03-14T02:10:22.948+0000] {processor.py:829} INFO - Processing file /opt/airflow/dags/my_first_dag.py for tasks to queue
[2026-03-14T02:10:22.949+0000] {logging_mixin.py:154} INFO - [2026-03-14T02:10:22.949+0000] {dagbag.py:536} INFO - Filling up the DagBag from /opt/airflow/dags/my_first_dag.py
[2026-03-14T02:10:22.958+0000] {processor.py:839} INFO - DAG(s) dict_keys(['my_first_pipeline']) retrieved from /opt/airflow/dags/my_first_dag.py
[2026-03-14T02:10:22.983+0000] {logging_mixin.py:154} INFO - [2026-03-14T02:10:22.983+0000] {dag.py:2941} INFO - Sync 1 DAGs
[2026-03-14T02:10:22.994+0000] {logging_mixin.py:154} INFO - [2026-03-14T02:10:22.994+0000] {dag.py:3722} INFO - Setting next_dagrun for my_first_pipeline to None, run_after=None
[2026-03-14T02:10:23.010+0000] {processor.py:179} INFO - Processing /opt/airflow/dags/my_first_dag.py took 0.068 seconds
[2026-03-14T02:10:53.116+0000] {processor.py:157} INFO - Started process (PID=3289) to work on /opt/airflow/dags/my_first_dag.py
[2026-03-14T02:10:53.117+0000] {processor.py:829} INFO - Processing file /opt/airflow/dags/my_first_dag.py for tasks to queue
[2026-03-14T02:10:53.118+0000] {logging_mixin.py:154} INFO - [2026-03-14T02:10:53.117+0000] {dagbag.py:536} INFO - Filling up the DagBag from /opt/airflow/dags/my_first_dag.py
[2026-03-14T02:10:53.126+0000] {processor.py:839} INFO - DAG(s) dict_keys(['my_first_pipeline']) retrieved from /opt/airflow/dags/my_first_dag.py
[2026-03-14T02:10:53.151+0000] {logging_mixin.py:154} INFO - [2026-03-14T02:10:53.151+0000] {dag.py:2941} INFO - Sync 1 DAGs
[2026-03-14T02:10:53.162+0000] {logging_mixin.py:154} INFO - [2026-03-14T02:10:53.162+0000] {dag.py:3722} INFO - Setting next_dagrun for my_first_pipeline to None, run_after=None
[2026-03-14T02:10:53.177+0000] {processor.py:179} INFO - Processing /opt/airflow/dags/my_first_dag.py took 0.064 seconds
[2026-03-14T02:11:23.346+0000] {processor.py:157} INFO - Started process (PID=3301) to work on /opt/airflow/dags/my_first_dag.py
[2026-03-14T02:11:23.347+0000] {processor.py:829} INFO - Processing file /opt/airflow/dags/my_first_dag.py for tasks to queue
[2026-03-14T02:11:23.348+0000] {logging_mixin.py:154} INFO - [2026-03-14T02:11:23.347+0000] {dagbag.py:536} INFO - Filling up the DagBag from /opt/airflow/dags/my_first_dag.py
[2026-03-14T02:11:23.356+0000] {processor.py:839} INFO - DAG(s) dict_keys(['my_first_pipeline']) retrieved from /opt/airflow/dags/my_first_dag.py
[2026-03-14T02:11:23.379+0000] {logging_mixin.py:154} INFO - [2026-03-14T02:11:23.379+0000] {dag.py:2941} INFO - Sync 1 DAGs
[2026-03-14T02:11:23.390+0000] {logging_mixin.py:154} INFO - [2026-03-14T02:11:23.389+0000] {dag.py:3722} INFO - Setting next_dagrun for my_first_pipeline to None, run_after=None
[2026-03-14T02:11:23.405+0000] {processor.py:179} INFO - Processing /opt/airflow/dags/my_first_dag.py took 0.062 seconds
[2026-03-14T02:11:53.526+0000] {processor.py:157} INFO - Started process (PID=3313) to work on /opt/airflow/dags/my_first_dag.py
[2026-03-14T02:11:53.526+0000] {processor.py:829} INFO - Processing file /opt/airflow/dags/my_first_dag.py for tasks to queue
[2026-03-14T02:11:53.527+0000] {logging_mixin.py:154} INFO - [2026-03-14T02:11:53.527+0000] {dagbag.py:536} INFO - Filling up the DagBag from /opt/airflow/dags/my_first_dag.py
[2026-03-14T02:11:53.535+0000] {processor.py:839} INFO - DAG(s) dict_keys(['my_first_pipeline']) retrieved from /opt/airflow/dags/my_first_dag.py
[2026-03-14T02:11:53.558+0000] {logging_mixin.py:154} INFO - [2026-03-14T02:11:53.558+0000] {dag.py:2941} INFO - Sync 1 DAGs
[2026-03-14T02:11:53.570+0000] {logging_mixin.py:154} INFO - [2026-03-14T02:11:53.570+0000] {dag.py:3722} INFO - Setting next_dagrun for my_first_pipeline to None, run_after=None
[2026-03-14T02:11:53.587+0000] {processor.py:179} INFO - Processing /opt/airflow/dags/my_first_dag.py took 0.064 seconds
[2026-03-14T02:12:23.726+0000] {processor.py:157} INFO - Started process (PID=3325) to work on /opt/airflow/dags/my_first_dag.py
[2026-03-14T02:12:23.727+0000] {processor.py:829} INFO - Processing file /opt/airflow/dags/my_first_dag.py for tasks to queue
[2026-03-14T02:12:23.728+0000] {logging_mixin.py:154} INFO - [2026-03-14T02:12:23.727+0000] {dagbag.py:536} INFO - Filling up the DagBag from /opt/airflow/dags/my_first_dag.py
[2026-03-14T02:12:23.736+0000] {processor.py:839} INFO - DAG(s) dict_keys(['my_first_pipeline']) retrieved from /opt/airflow/dags/my_first_dag.py
[2026-03-14T02:12:23.760+0000] {logging_mixin.py:154} INFO - [2026-03-14T02:12:23.760+0000] {dag.py:2941} INFO - Sync 1 DAGs
[2026-03-14T02:12:23.771+0000] {logging_mixin.py:154} INFO - [2026-03-14T02:12:23.771+0000] {dag.py:3722} INFO - Setting next_dagrun for my_first_pipeline to None, run_after=None
[2026-03-14T02:12:23.789+0000] {processor.py:179} INFO - Processing /opt/airflow/dags/my_first_dag.py took 0.065 seconds
[2026-03-14T02:12:53.989+0000] {processor.py:157} INFO - Started process (PID=3337) to work on /opt/airflow/dags/my_first_dag.py
[2026-03-14T02:12:53.990+0000] {processor.py:829} INFO - Processing file /opt/airflow/dags/my_first_dag.py for tasks to queue
[2026-03-14T02:12:53.991+0000] {logging_mixin.py:154} INFO - [2026-03-14T02:12:53.991+0000] {dagbag.py:536} INFO - Filling up the DagBag from /opt/airflow/dags/my_first_dag.py
[2026-03-14T02:12:53.999+0000] {processor.py:839} INFO - DAG(s) dict_keys(['my_first_pipeline']) retrieved from /opt/airflow/dags/my_first_dag.py
[2026-03-14T02:12:54.024+0000] {logging_mixin.py:154} INFO - [2026-03-14T02:12:54.024+0000] {dag.py:2941} INFO - Sync 1 DAGs
[2026-03-14T02:12:54.037+0000] {logging_mixin.py:154} INFO - [2026-03-14T02:12:54.036+0000] {dag.py:3722} INFO - Setting next_dagrun for my_first_pipeline to None, run_after=None
[2026-03-14T02:12:54.053+0000] {processor.py:179} INFO - Processing /opt/airflow/dags/my_first_dag.py took 0.067 seconds
[2026-03-14T02:13:24.171+0000] {processor.py:157} INFO - Started process (PID=3349) to work on /opt/airflow/dags/my_first_dag.py
[2026-03-14T02:13:24.172+0000] {processor.py:829} INFO - Processing file /opt/airflow/dags/my_first_dag.py for tasks to queue
[2026-03-14T02:13:24.173+0000] {logging_mixin.py:154} INFO - [2026-03-14T02:13:24.172+0000] {dagbag.py:536} INFO - Filling up the DagBag from /opt/airflow/dags/my_first_dag.py
[2026-03-14T02:13:24.182+0000] {processor.py:839} INFO - DAG(s) dict_keys(['my_first_pipeline']) retrieved from /opt/airflow/dags/my_first_dag.py
[2026-03-14T02:13:24.211+0000] {logging_mixin.py:154} INFO - [2026-03-14T02:13:24.211+0000] {dag.py:2941} INFO - Sync 1 DAGs
[2026-03-14T02:13:24.223+0000] {logging_mixin.py:154} INFO - [2026-03-14T02:13:24.223+0000] {dag.py:3722} INFO - Setting next_dagrun for my_first_pipeline to None, run_after=None
[2026-03-14T02:13:24.245+0000] {processor.py:179} INFO - Processing /opt/airflow/dags/my_first_dag.py took 0.077 seconds
[2026-03-14T02:13:54.390+0000] {processor.py:157} INFO - Started process (PID=3361) to work on /opt/airflow/dags/my_first_dag.py
[2026-03-14T02:13:54.391+0000] {processor.py:829} INFO - Processing file /opt/airflow/dags/my_first_dag.py for tasks to queue
[2026-03-14T02:13:54.392+0000] {logging_mixin.py:154} INFO - [2026-03-14T02:13:54.391+0000] {dagbag.py:536} INFO - Filling up the DagBag from /opt/airflow/dags/my_first_dag.py
[2026-03-14T02:13:54.401+0000] {processor.py:839} INFO - DAG(s) dict_keys(['my_first_pipeline']) retrieved from /opt/airflow/dags/my_first_dag.py
[2026-03-14T02:13:54.430+0000] {logging_mixin.py:154} INFO - [2026-03-14T02:13:54.430+0000] {dag.py:2941} INFO - Sync 1 DAGs
[2026-03-14T02:13:54.444+0000] {logging_mixin.py:154} INFO - [2026-03-14T02:13:54.444+0000] {dag.py:3722} INFO - Setting next_dagrun for my_first_pipeline to None, run_after=None
[2026-03-14T02:13:54.467+0000] {processor.py:179} INFO - Processing /opt/airflow/dags/my_first_dag.py took 0.081 seconds
[2026-03-14T02:14:24.514+0000] {processor.py:157} INFO - Started process (PID=3373) to work on /opt/airflow/dags/my_first_dag.py
[2026-03-14T02:14:24.515+0000] {processor.py:829} INFO - Processing file /opt/airflow/dags/my_first_dag.py for tasks to queue
[2026-03-14T02:14:24.516+0000] {logging_mixin.py:154} INFO - [2026-03-14T02:14:24.515+0000] {dagbag.py:536} INFO - Filling up the DagBag from /opt/airflow/dags/my_first_dag.py
[2026-03-14T02:14:24.524+0000] {processor.py:839} INFO - DAG(s) dict_keys(['my_first_pipeline']) retrieved from /opt/airflow/dags/my_first_dag.py
[2026-03-14T02:14:24.550+0000] {logging_mixin.py:154} INFO - [2026-03-14T02:14:24.550+0000] {dag.py:2941} INFO - Sync 1 DAGs
[2026-03-14T02:14:24.562+0000] {logging_mixin.py:154} INFO - [2026-03-14T02:14:24.562+0000] {dag.py:3722} INFO - Setting next_dagrun for my_first_pipeline to None, run_after=None
[2026-03-14T02:14:24.579+0000] {processor.py:179} INFO - Processing /opt/airflow/dags/my_first_dag.py took 0.068 seconds
[2026-03-14T02:14:54.735+0000] {processor.py:157} INFO - Started process (PID=3385) to work on /opt/airflow/dags/my_first_dag.py
[2026-03-14T02:14:54.736+0000] {processor.py:829} INFO - Processing file /opt/airflow/dags/my_first_dag.py for tasks to queue
[2026-03-14T02:14:54.737+0000] {logging_mixin.py:154} INFO - [2026-03-14T02:14:54.736+0000] {dagbag.py:536} INFO - Filling up the DagBag from /opt/airflow/dags/my_first_dag.py
[2026-03-14T02:14:54.745+0000] {processor.py:839} INFO - DAG(s) dict_keys(['my_first_pipeline']) retrieved from /opt/airflow/dags/my_first_dag.py
[2026-03-14T02:14:54.768+0000] {logging_mixin.py:154} INFO - [2026-03-14T02:14:54.768+0000] {dag.py:2941} INFO - Sync 1 DAGs
[2026-03-14T02:14:54.779+0000] {logging_mixin.py:154} INFO - [2026-03-14T02:14:54.778+0000] {dag.py:3722} INFO - Setting next_dagrun for my_first_pipeline to None, run_after=None
[2026-03-14T02:14:54.794+0000] {processor.py:179} INFO - Processing /opt/airflow/dags/my_first_dag.py took 0.062 seconds
[2026-03-14T02:15:24.931+0000] {processor.py:157} INFO - Started process (PID=3397) to work on /opt/airflow/dags/my_first_dag.py
[2026-03-14T02:15:24.931+0000] {processor.py:829} INFO - Processing file /opt/airflow/dags/my_first_dag.py for tasks to queue
[2026-03-14T02:15:24.932+0000] {logging_mixin.py:154} INFO - [2026-03-14T02:15:24.932+0000] {dagbag.py:536} INFO - Filling up the DagBag from /opt/airflow/dags/my_first_dag.py
[2026-03-14T02:15:24.940+0000] {processor.py:839} INFO - DAG(s) dict_keys(['my_first_pipeline']) retrieved from /opt/airflow/dags/my_first_dag.py
[2026-03-14T02:15:24.963+0000] {logging_mixin.py:154} INFO - [2026-03-14T02:15:24.963+0000] {dag.py:2941} INFO - Sync 1 DAGs
[2026-03-14T02:15:24.975+0000] {logging_mixin.py:154} INFO - [2026-03-14T02:15:24.975+0000] {dag.py:3722} INFO - Setting next_dagrun for my_first_pipeline to None, run_after=None
[2026-03-14T02:15:24.991+0000] {processor.py:179} INFO - Processing /opt/airflow/dags/my_first_dag.py took 0.064 seconds
[2026-03-14T02:15:55.176+0000] {processor.py:157} INFO - Started process (PID=3410) to work on /opt/airflow/dags/my_first_dag.py
[2026-03-14T02:15:55.177+0000] {processor.py:829} INFO - Processing file /opt/airflow/dags/my_first_dag.py for tasks to queue
[2026-03-14T02:15:55.178+0000] {logging_mixin.py:154} INFO - [2026-03-14T02:15:55.178+0000] {dagbag.py:536} INFO - Filling up the DagBag from /opt/airflow/dags/my_first_dag.py
[2026-03-14T02:15:55.188+0000] {processor.py:839} INFO - DAG(s) dict_keys(['my_first_pipeline']) retrieved from /opt/airflow/dags/my_first_dag.py
[2026-03-14T02:15:55.211+0000] {logging_mixin.py:154} INFO - [2026-03-14T02:15:55.211+0000] {dag.py:2941} INFO - Sync 1 DAGs
[2026-03-14T02:15:55.222+0000] {logging_mixin.py:154} INFO - [2026-03-14T02:15:55.222+0000] {dag.py:3722} INFO - Setting next_dagrun for my_first_pipeline to None, run_after=None
[2026-03-14T02:15:55.238+0000] {processor.py:179} INFO - Processing /opt/airflow/dags/my_first_dag.py took 0.067 seconds
[2026-03-14T02:16:25.356+0000] {processor.py:157} INFO - Started process (PID=3422) to work on /opt/airflow/dags/my_first_dag.py
[2026-03-14T02:16:25.356+0000] {processor.py:829} INFO - Processing file /opt/airflow/dags/my_first_dag.py for tasks to queue
[2026-03-14T02:16:25.357+0000] {logging_mixin.py:154} INFO - [2026-03-14T02:16:25.357+0000] {dagbag.py:536} INFO - Filling up the DagBag from /opt/airflow/dags/my_first_dag.py
[2026-03-14T02:16:25.366+0000] {processor.py:839} INFO - DAG(s) dict_keys(['my_first_pipeline']) retrieved from /opt/airflow/dags/my_first_dag.py
[2026-03-14T02:16:25.393+0000] {logging_mixin.py:154} INFO - [2026-03-14T02:16:25.393+0000] {dag.py:2941} INFO - Sync 1 DAGs
[2026-03-14T02:16:25.404+0000] {logging_mixin.py:154} INFO - [2026-03-14T02:16:25.403+0000] {dag.py:3722} INFO - Setting next_dagrun for my_first_pipeline to None, run_after=None
[2026-03-14T02:16:25.420+0000] {processor.py:179} INFO - Processing /opt/airflow/dags/my_first_dag.py took 0.068 seconds
[2026-03-14T02:16:55.598+0000] {processor.py:157} INFO - Started process (PID=3434) to work on /opt/airflow/dags/my_first_dag.py
[2026-03-14T02:16:55.599+0000] {processor.py:829} INFO - Processing file /opt/airflow/dags/my_first_dag.py for tasks to queue
[2026-03-14T02:16:55.600+0000] {logging_mixin.py:154} INFO - [2026-03-14T02:16:55.599+0000] {dagbag.py:536} INFO - Filling up the DagBag from /opt/airflow/dags/my_first_dag.py
[2026-03-14T02:16:55.608+0000] {processor.py:839} INFO - DAG(s) dict_keys(['my_first_pipeline']) retrieved from /opt/airflow/dags/my_first_dag.py
[2026-03-14T02:16:55.631+0000] {logging_mixin.py:154} INFO - [2026-03-14T02:16:55.631+0000] {dag.py:2941} INFO - Sync 1 DAGs
[2026-03-14T02:16:55.642+0000] {logging_mixin.py:154} INFO - [2026-03-14T02:16:55.641+0000] {dag.py:3722} INFO - Setting next_dagrun for my_first_pipeline to None, run_after=None
[2026-03-14T02:16:55.659+0000] {processor.py:179} INFO - Processing /opt/airflow/dags/my_first_dag.py took 0.065 seconds
[2026-03-14T02:17:25.767+0000] {processor.py:157} INFO - Started process (PID=3446) to work on /opt/airflow/dags/my_first_dag.py
[2026-03-14T02:17:25.768+0000] {processor.py:829} INFO - Processing file /opt/airflow/dags/my_first_dag.py for tasks to queue
[2026-03-14T02:17:25.768+0000] {logging_mixin.py:154} INFO - [2026-03-14T02:17:25.768+0000] {dagbag.py:536} INFO - Filling up the DagBag from /opt/airflow/dags/my_first_dag.py
[2026-03-14T02:17:25.778+0000] {processor.py:839} INFO - DAG(s) dict_keys(['my_first_pipeline']) retrieved from /opt/airflow/dags/my_first_dag.py
[2026-03-14T02:17:25.806+0000] {logging_mixin.py:154} INFO - [2026-03-14T02:17:25.806+0000] {dag.py:2941} INFO - Sync 1 DAGs
[2026-03-14T02:17:25.818+0000] {logging_mixin.py:154} INFO - [2026-03-14T02:17:25.818+0000] {dag.py:3722} INFO - Setting next_dagrun for my_first_pipeline to None, run_after=None
[2026-03-14T02:17:25.840+0000] {processor.py:179} INFO - Processing /opt/airflow/dags/my_first_dag.py took 0.077 seconds
[2026-03-14T02:17:56.008+0000] {processor.py:157} INFO - Started process (PID=3458) to work on /opt/airflow/dags/my_first_dag.py
[2026-03-14T02:17:56.009+0000] {processor.py:829} INFO - Processing file /opt/airflow/dags/my_first_dag.py for tasks to queue
[2026-03-14T02:17:56.010+0000] {logging_mixin.py:154} INFO - [2026-03-14T02:17:56.010+0000] {dagbag.py:536} INFO - Filling up the DagBag from /opt/airflow/dags/my_first_dag.py
[2026-03-14T02:17:56.020+0000] {processor.py:839} INFO - DAG(s) dict_keys(['my_first_pipeline']) retrieved from /opt/airflow/dags/my_first_dag.py
[2026-03-14T02:17:56.047+0000] {logging_mixin.py:154} INFO - [2026-03-14T02:17:56.047+0000] {dag.py:2941} INFO - Sync 1 DAGs
[2026-03-14T02:17:56.059+0000] {logging_mixin.py:154} INFO - [2026-03-14T02:17:56.059+0000] {dag.py:3722} INFO - Setting next_dagrun for my_first_pipeline to None, run_after=None
[2026-03-14T02:17:56.080+0000] {processor.py:179} INFO - Processing /opt/airflow/dags/my_first_dag.py took 0.075 seconds
[2026-03-14T02:18:26.197+0000] {processor.py:157} INFO - Started process (PID=3470) to work on /opt/airflow/dags/my_first_dag.py
[2026-03-14T02:18:26.198+0000] {processor.py:829} INFO - Processing file /opt/airflow/dags/my_first_dag.py for tasks to queue
[2026-03-14T02:18:26.198+0000] {logging_mixin.py:154} INFO - [2026-03-14T02:18:26.198+0000] {dagbag.py:536} INFO - Filling up the DagBag from /opt/airflow/dags/my_first_dag.py
[2026-03-14T02:18:26.207+0000] {processor.py:839} INFO - DAG(s) dict_keys(['my_first_pipeline']) retrieved from /opt/airflow/dags/my_first_dag.py
[2026-03-14T02:18:26.231+0000] {logging_mixin.py:154} INFO - [2026-03-14T02:18:26.231+0000] {dag.py:2941} INFO - Sync 1 DAGs
[2026-03-14T02:18:26.242+0000] {logging_mixin.py:154} INFO - [2026-03-14T02:18:26.242+0000] {dag.py:3722} INFO - Setting next_dagrun for my_first_pipeline to None, run_after=None
[2026-03-14T02:18:26.256+0000] {processor.py:179} INFO - Processing /opt/airflow/dags/my_first_dag.py took 0.063 seconds
[2026-03-14T02:18:56.432+0000] {processor.py:157} INFO - Started process (PID=3482) to work on /opt/airflow/dags/my_first_dag.py
[2026-03-14T02:18:56.433+0000] {processor.py:829} INFO - Processing file /opt/airflow/dags/my_first_dag.py for tasks to queue
[2026-03-14T02:18:56.434+0000] {logging_mixin.py:154} INFO - [2026-03-14T02:18:56.433+0000] {dagbag.py:536} INFO - Filling up the DagBag from /opt/airflow/dags/my_first_dag.py
[2026-03-14T02:18:56.442+0000] {processor.py:839} INFO - DAG(s) dict_keys(['my_first_pipeline']) retrieved from /opt/airflow/dags/my_first_dag.py
[2026-03-14T02:18:56.465+0000] {logging_mixin.py:154} INFO - [2026-03-14T02:18:56.465+0000] {dag.py:2941} INFO - Sync 1 DAGs
[2026-03-14T02:18:56.476+0000] {logging_mixin.py:154} INFO - [2026-03-14T02:18:56.476+0000] {dag.py:3722} INFO - Setting next_dagrun for my_first_pipeline to None, run_after=None
[2026-03-14T02:18:56.492+0000] {processor.py:179} INFO - Processing /opt/airflow/dags/my_first_dag.py took 0.063 seconds
[2026-03-14T02:19:26.626+0000] {processor.py:157} INFO - Started process (PID=3494) to work on /opt/airflow/dags/my_first_dag.py
[2026-03-14T02:19:26.628+0000] {processor.py:829} INFO - Processing file /opt/airflow/dags/my_first_dag.py for tasks to queue
[2026-03-14T02:19:26.629+0000] {logging_mixin.py:154} INFO - [2026-03-14T02:19:26.629+0000] {dagbag.py:536} INFO - Filling up the DagBag from /opt/airflow/dags/my_first_dag.py
[2026-03-14T02:19:26.637+0000] {processor.py:839} INFO - DAG(s) dict_keys(['my_first_pipeline']) retrieved from /opt/airflow/dags/my_first_dag.py
[2026-03-14T02:19:26.662+0000] {logging_mixin.py:154} INFO - [2026-03-14T02:19:26.662+0000] {dag.py:2941} INFO - Sync 1 DAGs
[2026-03-14T02:19:26.672+0000] {logging_mixin.py:154} INFO - [2026-03-14T02:19:26.672+0000] {dag.py:3722} INFO - Setting next_dagrun for my_first_pipeline to None, run_after=None
[2026-03-14T02:19:26.689+0000] {processor.py:179} INFO - Processing /opt/airflow/dags/my_first_dag.py took 0.065 seconds
[2026-03-14T02:19:56.882+0000] {processor.py:157} INFO - Started process (PID=3506) to work on /opt/airflow/dags/my_first_dag.py
[2026-03-14T02:19:56.884+0000] {processor.py:829} INFO - Processing file /opt/airflow/dags/my_first_dag.py for tasks to queue
[2026-03-14T02:19:56.885+0000] {logging_mixin.py:154} INFO - [2026-03-14T02:19:56.884+0000] {dagbag.py:536} INFO - Filling up the DagBag from /opt/airflow/dags/my_first_dag.py
[2026-03-14T02:19:56.896+0000] {processor.py:839} INFO - DAG(s) dict_keys(['my_first_pipeline']) retrieved from /opt/airflow/dags/my_first_dag.py
[2026-03-14T02:19:56.920+0000] {logging_mixin.py:154} INFO - [2026-03-14T02:19:56.920+0000] {dag.py:2941} INFO - Sync 1 DAGs
[2026-03-14T02:19:56.930+0000] {logging_mixin.py:154} INFO - [2026-03-14T02:19:56.930+0000] {dag.py:3722} INFO - Setting next_dagrun for my_first_pipeline to None, run_after=None
[2026-03-14T02:19:56.948+0000] {processor.py:179} INFO - Processing /opt/airflow/dags/my_first_dag.py took 0.070 seconds
[2026-03-14T02:20:27.099+0000] {processor.py:157} INFO - Started process (PID=3518) to work on /opt/airflow/dags/my_first_dag.py
[2026-03-14T02:20:27.100+0000] {processor.py:829} INFO - Processing file /opt/airflow/dags/my_first_dag.py for tasks to queue
[2026-03-14T02:20:27.100+0000] {logging_mixin.py:154} INFO - [2026-03-14T02:20:27.100+0000] {dagbag.py:536} INFO - Filling up the DagBag from /opt/airflow/dags/my_first_dag.py
[2026-03-14T02:20:27.109+0000] {processor.py:839} INFO - DAG(s) dict_keys(['my_first_pipeline']) retrieved from /opt/airflow/dags/my_first_dag.py
[2026-03-14T02:20:27.132+0000] {logging_mixin.py:154} INFO - [2026-03-14T02:20:27.132+0000] {dag.py:2941} INFO - Sync 1 DAGs
[2026-03-14T02:20:27.143+0000] {logging_mixin.py:154} INFO - [2026-03-14T02:20:27.143+0000] {dag.py:3722} INFO - Setting next_dagrun for my_first_pipeline to None, run_after=None
[2026-03-14T02:20:27.160+0000] {processor.py:179} INFO - Processing /opt/airflow/dags/my_first_dag.py took 0.065 seconds
[2026-03-14T02:20:57.276+0000] {processor.py:157} INFO - Started process (PID=3530) to work on /opt/airflow/dags/my_first_dag.py
[2026-03-14T02:20:57.277+0000] {processor.py:829} INFO - Processing file /opt/airflow/dags/my_first_dag.py for tasks to queue
[2026-03-14T02:20:57.278+0000] {logging_mixin.py:154} INFO - [2026-03-14T02:20:57.278+0000] {dagbag.py:536} INFO - Filling up the DagBag from /opt/airflow/dags/my_first_dag.py
[2026-03-14T02:20:57.287+0000] {processor.py:839} INFO - DAG(s) dict_keys(['my_first_pipeline']) retrieved from /opt/airflow/dags/my_first_dag.py
[2026-03-14T02:20:57.312+0000] {logging_mixin.py:154} INFO - [2026-03-14T02:20:57.312+0000] {dag.py:2941} INFO - Sync 1 DAGs
[2026-03-14T02:20:57.323+0000] {logging_mixin.py:154} INFO - [2026-03-14T02:20:57.322+0000] {dag.py:3722} INFO - Setting next_dagrun for my_first_pipeline to None, run_after=None
[2026-03-14T02:20:57.340+0000] {processor.py:179} INFO - Processing /opt/airflow/dags/my_first_dag.py took 0.067 seconds
[2026-03-14T02:21:27.525+0000] {processor.py:157} INFO - Started process (PID=3542) to work on /opt/airflow/dags/my_first_dag.py
[2026-03-14T02:21:27.526+0000] {processor.py:829} INFO - Processing file /opt/airflow/dags/my_first_dag.py for tasks to queue
[2026-03-14T02:21:27.527+0000] {logging_mixin.py:154} INFO - [2026-03-14T02:21:27.527+0000] {dagbag.py:536} INFO - Filling up the DagBag from /opt/airflow/dags/my_first_dag.py
[2026-03-14T02:21:27.537+0000] {processor.py:839} INFO - DAG(s) dict_keys(['my_first_pipeline']) retrieved from /opt/airflow/dags/my_first_dag.py
[2026-03-14T02:21:27.565+0000] {logging_mixin.py:154} INFO - [2026-03-14T02:21:27.565+0000] {dag.py:2941} INFO - Sync 1 DAGs
[2026-03-14T02:21:27.578+0000] {logging_mixin.py:154} INFO - [2026-03-14T02:21:27.577+0000] {dag.py:3722} INFO - Setting next_dagrun for my_first_pipeline to None, run_after=None
[2026-03-14T02:21:27.599+0000] {processor.py:179} INFO - Processing /opt/airflow/dags/my_first_dag.py took 0.077 seconds
[2026-03-14T02:21:57.638+0000] {processor.py:157} INFO - Started process (PID=3554) to work on /opt/airflow/dags/my_first_dag.py
[2026-03-14T02:21:57.639+0000] {processor.py:829} INFO - Processing file /opt/airflow/dags/my_first_dag.py for tasks to queue
[2026-03-14T02:21:57.640+0000] {logging_mixin.py:154} INFO - [2026-03-14T02:21:57.640+0000] {dagbag.py:536} INFO - Filling up the DagBag from /opt/airflow/dags/my_first_dag.py
[2026-03-14T02:21:57.650+0000] {processor.py:839} INFO - DAG(s) dict_keys(['my_first_pipeline']) retrieved from /opt/airflow/dags/my_first_dag.py
[2026-03-14T02:21:57.678+0000] {logging_mixin.py:154} INFO - [2026-03-14T02:21:57.678+0000] {dag.py:2941} INFO - Sync 1 DAGs
[2026-03-14T02:21:57.693+0000] {logging_mixin.py:154} INFO - [2026-03-14T02:21:57.693+0000] {dag.py:3722} INFO - Setting next_dagrun for my_first_pipeline to None, run_after=None
[2026-03-14T02:21:57.715+0000] {processor.py:179} INFO - Processing /opt/airflow/dags/my_first_dag.py took 0.080 seconds
[2026-03-14T02:22:27.898+0000] {processor.py:157} INFO - Started process (PID=3566) to work on /opt/airflow/dags/my_first_dag.py
[2026-03-14T02:22:27.899+0000] {processor.py:829} INFO - Processing file /opt/airflow/dags/my_first_dag.py for tasks to queue
[2026-03-14T02:22:27.900+0000] {logging_mixin.py:154} INFO - [2026-03-14T02:22:27.900+0000] {dagbag.py:536} INFO - Filling up the DagBag from /opt/airflow/dags/my_first_dag.py
[2026-03-14T02:22:27.910+0000] {processor.py:839} INFO - DAG(s) dict_keys(['my_first_pipeline']) retrieved from /opt/airflow/dags/my_first_dag.py
[2026-03-14T02:22:27.934+0000] {logging_mixin.py:154} INFO - [2026-03-14T02:22:27.934+0000] {dag.py:2941} INFO - Sync 1 DAGs
[2026-03-14T02:22:27.944+0000] {logging_mixin.py:154} INFO - [2026-03-14T02:22:27.944+0000] {dag.py:3722} INFO - Setting next_dagrun for my_first_pipeline to None, run_after=None
[2026-03-14T02:22:27.960+0000] {processor.py:179} INFO - Processing /opt/airflow/dags/my_first_dag.py took 0.066 seconds
[2026-03-14T02:22:58.065+0000] {processor.py:157} INFO - Started process (PID=3578) to work on /opt/airflow/dags/my_first_dag.py
[2026-03-14T02:22:58.065+0000] {processor.py:829} INFO - Processing file /opt/airflow/dags/my_first_dag.py for tasks to queue
[2026-03-14T02:22:58.066+0000] {logging_mixin.py:154} INFO - [2026-03-14T02:22:58.066+0000] {dagbag.py:536} INFO - Filling up the DagBag from /opt/airflow/dags/my_first_dag.py
[2026-03-14T02:22:58.074+0000] {processor.py:839} INFO - DAG(s) dict_keys(['my_first_pipeline']) retrieved from /opt/airflow/dags/my_first_dag.py
[2026-03-14T02:22:58.097+0000] {logging_mixin.py:154} INFO - [2026-03-14T02:22:58.097+0000] {dag.py:2941} INFO - Sync 1 DAGs
[2026-03-14T02:22:58.107+0000] {logging_mixin.py:154} INFO - [2026-03-14T02:22:58.107+0000] {dag.py:3722} INFO - Setting next_dagrun for my_first_pipeline to None, run_after=None
[2026-03-14T02:22:58.124+0000] {processor.py:179} INFO - Processing /opt/airflow/dags/my_first_dag.py took 0.063 seconds
[2026-03-14T02:23:28.255+0000] {processor.py:157} INFO - Started process (PID=3590) to work on /opt/airflow/dags/my_first_dag.py
[2026-03-14T02:23:28.257+0000] {processor.py:829} INFO - Processing file /opt/airflow/dags/my_first_dag.py for tasks to queue
[2026-03-14T02:23:28.258+0000] {logging_mixin.py:154} INFO - [2026-03-14T02:23:28.257+0000] {dagbag.py:536} INFO - Filling up the DagBag from /opt/airflow/dags/my_first_dag.py
[2026-03-14T02:23:28.268+0000] {processor.py:839} INFO - DAG(s) dict_keys(['my_first_pipeline']) retrieved from /opt/airflow/dags/my_first_dag.py
[2026-03-14T02:23:28.292+0000] {logging_mixin.py:154} INFO - [2026-03-14T02:23:28.292+0000] {dag.py:2941} INFO - Sync 1 DAGs
[2026-03-14T02:23:28.302+0000] {logging_mixin.py:154} INFO - [2026-03-14T02:23:28.302+0000] {dag.py:3722} INFO - Setting next_dagrun for my_first_pipeline to None, run_after=None
[2026-03-14T02:23:28.319+0000] {processor.py:179} INFO - Processing /opt/airflow/dags/my_first_dag.py took 0.068 seconds
[2026-03-14T02:23:58.470+0000] {processor.py:157} INFO - Started process (PID=3602) to work on /opt/airflow/dags/my_first_dag.py
[2026-03-14T02:23:58.471+0000] {processor.py:829} INFO - Processing file /opt/airflow/dags/my_first_dag.py for tasks to queue
[2026-03-14T02:23:58.472+0000] {logging_mixin.py:154} INFO - [2026-03-14T02:23:58.472+0000] {dagbag.py:536} INFO - Filling up the DagBag from /opt/airflow/dags/my_first_dag.py
[2026-03-14T02:23:58.480+0000] {processor.py:839} INFO - DAG(s) dict_keys(['my_first_pipeline']) retrieved from /opt/airflow/dags/my_first_dag.py
[2026-03-14T02:23:58.503+0000] {logging_mixin.py:154} INFO - [2026-03-14T02:23:58.503+0000] {dag.py:2941} INFO - Sync 1 DAGs
[2026-03-14T02:23:58.513+0000] {logging_mixin.py:154} INFO - [2026-03-14T02:23:58.513+0000] {dag.py:3722} INFO - Setting next_dagrun for my_first_pipeline to None, run_after=None
[2026-03-14T02:23:58.530+0000] {processor.py:179} INFO - Processing /opt/airflow/dags/my_first_dag.py took 0.063 seconds
[2026-03-14T02:24:28.693+0000] {processor.py:157} INFO - Started process (PID=3614) to work on /opt/airflow/dags/my_first_dag.py
[2026-03-14T02:24:28.694+0000] {processor.py:829} INFO - Processing file /opt/airflow/dags/my_first_dag.py for tasks to queue
[2026-03-14T02:24:28.696+0000] {logging_mixin.py:154} INFO - [2026-03-14T02:24:28.695+0000] {dagbag.py:536} INFO - Filling up the DagBag from /opt/airflow/dags/my_first_dag.py
[2026-03-14T02:24:28.710+0000] {processor.py:839} INFO - DAG(s) dict_keys(['my_first_pipeline']) retrieved from /opt/airflow/dags/my_first_dag.py
[2026-03-14T02:24:28.748+0000] {logging_mixin.py:154} INFO - [2026-03-14T02:24:28.748+0000] {dag.py:2941} INFO - Sync 1 DAGs
[2026-03-14T02:24:28.767+0000] {logging_mixin.py:154} INFO - [2026-03-14T02:24:28.767+0000] {dag.py:3722} INFO - Setting next_dagrun for my_first_pipeline to None, run_after=None
[2026-03-14T02:24:28.794+0000] {processor.py:179} INFO - Processing /opt/airflow/dags/my_first_dag.py took 0.104 seconds
[2026-03-14T02:24:58.922+0000] {processor.py:157} INFO - Started process (PID=3626) to work on /opt/airflow/dags/my_first_dag.py
[2026-03-14T02:24:58.923+0000] {processor.py:829} INFO - Processing file /opt/airflow/dags/my_first_dag.py for tasks to queue
[2026-03-14T02:24:58.924+0000] {logging_mixin.py:154} INFO - [2026-03-14T02:24:58.924+0000] {dagbag.py:536} INFO - Filling up the DagBag from /opt/airflow/dags/my_first_dag.py
[2026-03-14T02:24:58.932+0000] {processor.py:839} INFO - DAG(s) dict_keys(['my_first_pipeline']) retrieved from /opt/airflow/dags/my_first_dag.py
[2026-03-14T02:24:58.956+0000] {logging_mixin.py:154} INFO - [2026-03-14T02:24:58.956+0000] {dag.py:2941} INFO - Sync 1 DAGs
[2026-03-14T02:24:58.967+0000] {logging_mixin.py:154} INFO - [2026-03-14T02:24:58.967+0000] {dag.py:3722} INFO - Setting next_dagrun for my_first_pipeline to None, run_after=None
[2026-03-14T02:24:58.983+0000] {processor.py:179} INFO - Processing /opt/airflow/dags/my_first_dag.py took 0.064 seconds
[2026-03-14T02:25:29.159+0000] {processor.py:157} INFO - Started process (PID=3638) to work on /opt/airflow/dags/my_first_dag.py
[2026-03-14T02:25:29.161+0000] {processor.py:829} INFO - Processing file /opt/airflow/dags/my_first_dag.py for tasks to queue
[2026-03-14T02:25:29.162+0000] {logging_mixin.py:154} INFO - [2026-03-14T02:25:29.161+0000] {dagbag.py:536} INFO - Filling up the DagBag from /opt/airflow/dags/my_first_dag.py
[2026-03-14T02:25:29.171+0000] {processor.py:839} INFO - DAG(s) dict_keys(['my_first_pipeline']) retrieved from /opt/airflow/dags/my_first_dag.py
[2026-03-14T02:25:29.198+0000] {logging_mixin.py:154} INFO - [2026-03-14T02:25:29.198+0000] {dag.py:2941} INFO - Sync 1 DAGs
[2026-03-14T02:25:29.210+0000] {logging_mixin.py:154} INFO - [2026-03-14T02:25:29.210+0000] {dag.py:3722} INFO - Setting next_dagrun for my_first_pipeline to None, run_after=None
[2026-03-14T02:25:29.232+0000] {processor.py:179} INFO - Processing /opt/airflow/dags/my_first_dag.py took 0.076 seconds
[2026-03-14T02:25:59.335+0000] {processor.py:157} INFO - Started process (PID=3650) to work on /opt/airflow/dags/my_first_dag.py
[2026-03-14T02:25:59.337+0000] {processor.py:829} INFO - Processing file /opt/airflow/dags/my_first_dag.py for tasks to queue
[2026-03-14T02:25:59.337+0000] {logging_mixin.py:154} INFO - [2026-03-14T02:25:59.337+0000] {dagbag.py:536} INFO - Filling up the DagBag from /opt/airflow/dags/my_first_dag.py
[2026-03-14T02:25:59.347+0000] {processor.py:839} INFO - DAG(s) dict_keys(['my_first_pipeline']) retrieved from /opt/airflow/dags/my_first_dag.py
[2026-03-14T02:25:59.375+0000] {logging_mixin.py:154} INFO - [2026-03-14T02:25:59.375+0000] {dag.py:2941} INFO - Sync 1 DAGs
[2026-03-14T02:25:59.387+0000] {logging_mixin.py:154} INFO - [2026-03-14T02:25:59.387+0000] {dag.py:3722} INFO - Setting next_dagrun for my_first_pipeline to None, run_after=None
[2026-03-14T02:25:59.406+0000] {processor.py:179} INFO - Processing /opt/airflow/dags/my_first_dag.py took 0.074 seconds
[2026-03-14T02:26:29.562+0000] {processor.py:157} INFO - Started process (PID=3662) to work on /opt/airflow/dags/my_first_dag.py
[2026-03-14T02:26:29.563+0000] {processor.py:829} INFO - Processing file /opt/airflow/dags/my_first_dag.py for tasks to queue
[2026-03-14T02:26:29.564+0000] {logging_mixin.py:154} INFO - [2026-03-14T02:26:29.563+0000] {dagbag.py:536} INFO - Filling up the DagBag from /opt/airflow/dags/my_first_dag.py
[2026-03-14T02:26:29.572+0000] {processor.py:839} INFO - DAG(s) dict_keys(['my_first_pipeline']) retrieved from /opt/airflow/dags/my_first_dag.py
[2026-03-14T02:26:29.596+0000] {logging_mixin.py:154} INFO - [2026-03-14T02:26:29.596+0000] {dag.py:2941} INFO - Sync 1 DAGs
[2026-03-14T02:26:29.606+0000] {logging_mixin.py:154} INFO - [2026-03-14T02:26:29.606+0000] {dag.py:3722} INFO - Setting next_dagrun for my_first_pipeline to None, run_after=None
[2026-03-14T02:26:29.624+0000] {processor.py:179} INFO - Processing /opt/airflow/dags/my_first_dag.py took 0.065 seconds
[2026-03-14T02:26:59.800+0000] {processor.py:157} INFO - Started process (PID=3674) to work on /opt/airflow/dags/my_first_dag.py
[2026-03-14T02:26:59.801+0000] {processor.py:829} INFO - Processing file /opt/airflow/dags/my_first_dag.py for tasks to queue
[2026-03-14T02:26:59.802+0000] {logging_mixin.py:154} INFO - [2026-03-14T02:26:59.802+0000] {dagbag.py:536} INFO - Filling up the DagBag from /opt/airflow/dags/my_first_dag.py
[2026-03-14T02:26:59.810+0000] {processor.py:839} INFO - DAG(s) dict_keys(['my_first_pipeline']) retrieved from /opt/airflow/dags/my_first_dag.py
[2026-03-14T02:26:59.834+0000] {logging_mixin.py:154} INFO - [2026-03-14T02:26:59.834+0000] {dag.py:2941} INFO - Sync 1 DAGs
[2026-03-14T02:26:59.845+0000] {logging_mixin.py:154} INFO - [2026-03-14T02:26:59.844+0000] {dag.py:3722} INFO - Setting next_dagrun for my_first_pipeline to None, run_after=None
[2026-03-14T02:26:59.861+0000] {processor.py:179} INFO - Processing /opt/airflow/dags/my_first_dag.py took 0.064 seconds
[2026-03-14T02:27:30.007+0000] {processor.py:157} INFO - Started process (PID=3686) to work on /opt/airflow/dags/my_first_dag.py
[2026-03-14T02:27:30.008+0000] {processor.py:829} INFO - Processing file /opt/airflow/dags/my_first_dag.py for tasks to queue
[2026-03-14T02:27:30.008+0000] {logging_mixin.py:154} INFO - [2026-03-14T02:27:30.008+0000] {dagbag.py:536} INFO - Filling up the DagBag from /opt/airflow/dags/my_first_dag.py
[2026-03-14T02:27:30.017+0000] {processor.py:839} INFO - DAG(s) dict_keys(['my_first_pipeline']) retrieved from /opt/airflow/dags/my_first_dag.py
[2026-03-14T02:27:30.044+0000] {logging_mixin.py:154} INFO - [2026-03-14T02:27:30.044+0000] {dag.py:2941} INFO - Sync 1 DAGs
[2026-03-14T02:27:30.056+0000] {logging_mixin.py:154} INFO - [2026-03-14T02:27:30.056+0000] {dag.py:3722} INFO - Setting next_dagrun for my_first_pipeline to None, run_after=None
[2026-03-14T02:27:30.073+0000] {processor.py:179} INFO - Processing /opt/airflow/dags/my_first_dag.py took 0.069 seconds
[2026-03-14T02:28:00.248+0000] {processor.py:157} INFO - Started process (PID=3698) to work on /opt/airflow/dags/my_first_dag.py
[2026-03-14T02:28:00.249+0000] {processor.py:829} INFO - Processing file /opt/airflow/dags/my_first_dag.py for tasks to queue
[2026-03-14T02:28:00.250+0000] {logging_mixin.py:154} INFO - [2026-03-14T02:28:00.249+0000] {dagbag.py:536} INFO - Filling up the DagBag from /opt/airflow/dags/my_first_dag.py
[2026-03-14T02:28:00.258+0000] {processor.py:839} INFO - DAG(s) dict_keys(['my_first_pipeline']) retrieved from /opt/airflow/dags/my_first_dag.py
[2026-03-14T02:28:00.281+0000] {logging_mixin.py:154} INFO - [2026-03-14T02:28:00.281+0000] {dag.py:2941} INFO - Sync 1 DAGs
[2026-03-14T02:28:00.292+0000] {logging_mixin.py:154} INFO - [2026-03-14T02:28:00.292+0000] {dag.py:3722} INFO - Setting next_dagrun for my_first_pipeline to None, run_after=None
[2026-03-14T02:28:00.306+0000] {processor.py:179} INFO - Processing /opt/airflow/dags/my_first_dag.py took 0.062 seconds
[2026-03-14T02:28:30.480+0000] {processor.py:157} INFO - Started process (PID=3710) to work on /opt/airflow/dags/my_first_dag.py
[2026-03-14T02:28:30.481+0000] {processor.py:829} INFO - Processing file /opt/airflow/dags/my_first_dag.py for tasks to queue
[2026-03-14T02:28:30.482+0000] {logging_mixin.py:154} INFO - [2026-03-14T02:28:30.482+0000] {dagbag.py:536} INFO - Filling up the DagBag from /opt/airflow/dags/my_first_dag.py
[2026-03-14T02:28:30.491+0000] {processor.py:839} INFO - DAG(s) dict_keys(['my_first_pipeline']) retrieved from /opt/airflow/dags/my_first_dag.py
[2026-03-14T02:28:30.551+0000] {logging_mixin.py:154} INFO - [2026-03-14T02:28:30.551+0000] {dag.py:2941} INFO - Sync 1 DAGs
[2026-03-14T02:28:30.562+0000] {logging_mixin.py:154} INFO - [2026-03-14T02:28:30.561+0000] {dag.py:3722} INFO - Setting next_dagrun for my_first_pipeline to None, run_after=None
[2026-03-14T02:28:30.577+0000] {processor.py:179} INFO - Processing /opt/airflow/dags/my_first_dag.py took 0.063 seconds
[2026-03-14T02:29:00.743+0000] {processor.py:157} INFO - Started process (PID=3722) to work on /opt/airflow/dags/my_first_dag.py
[2026-03-14T02:29:00.744+0000] {processor.py:829} INFO - Processing file /opt/airflow/dags/my_first_dag.py for tasks to queue
[2026-03-14T02:29:00.745+0000] {logging_mixin.py:154} INFO - [2026-03-14T02:29:00.745+0000] {dagbag.py:536} INFO - Filling up the DagBag from /opt/airflow/dags/my_first_dag.py
[2026-03-14T02:29:00.753+0000] {processor.py:839} INFO - DAG(s) dict_keys(['my_first_pipeline']) retrieved from /opt/airflow/dags/my_first_dag.py
[2026-03-14T02:29:00.776+0000] {logging_mixin.py:154} INFO - [2026-03-14T02:29:00.776+0000] {dag.py:2941} INFO - Sync 1 DAGs
[2026-03-14T02:29:00.786+0000] {logging_mixin.py:154} INFO - [2026-03-14T02:29:00.786+0000] {dag.py:3722} INFO - Setting next_dagrun for my_first_pipeline to None, run_after=None
[2026-03-14T02:29:00.803+0000] {processor.py:179} INFO - Processing /opt/airflow/dags/my_first_dag.py took 0.063 seconds
[2026-03-14T02:29:30.957+0000] {processor.py:157} INFO - Started process (PID=3734) to work on /opt/airflow/dags/my_first_dag.py
[2026-03-14T02:29:30.958+0000] {processor.py:829} INFO - Processing file /opt/airflow/dags/my_first_dag.py for tasks to queue
[2026-03-14T02:29:30.959+0000] {logging_mixin.py:154} INFO - [2026-03-14T02:29:30.959+0000] {dagbag.py:536} INFO - Filling up the DagBag from /opt/airflow/dags/my_first_dag.py
[2026-03-14T02:29:30.969+0000] {processor.py:839} INFO - DAG(s) dict_keys(['my_first_pipeline']) retrieved from /opt/airflow/dags/my_first_dag.py
[2026-03-14T02:29:30.996+0000] {logging_mixin.py:154} INFO - [2026-03-14T02:29:30.996+0000] {dag.py:2941} INFO - Sync 1 DAGs
[2026-03-14T02:29:31.009+0000] {logging_mixin.py:154} INFO - [2026-03-14T02:29:31.009+0000] {dag.py:3722} INFO - Setting next_dagrun for my_first_pipeline to None, run_after=None
[2026-03-14T02:29:31.031+0000] {processor.py:179} INFO - Processing /opt/airflow/dags/my_first_dag.py took 0.077 seconds
[2026-03-14T02:30:01.139+0000] {processor.py:157} INFO - Started process (PID=3745) to work on /opt/airflow/dags/my_first_dag.py
[2026-03-14T02:30:01.140+0000] {processor.py:829} INFO - Processing file /opt/airflow/dags/my_first_dag.py for tasks to queue
[2026-03-14T02:30:01.141+0000] {logging_mixin.py:154} INFO - [2026-03-14T02:30:01.141+0000] {dagbag.py:536} INFO - Filling up the DagBag from /opt/airflow/dags/my_first_dag.py
[2026-03-14T02:30:01.151+0000] {processor.py:839} INFO - DAG(s) dict_keys(['my_first_pipeline']) retrieved from /opt/airflow/dags/my_first_dag.py
[2026-03-14T02:30:01.181+0000] {logging_mixin.py:154} INFO - [2026-03-14T02:30:01.181+0000] {dag.py:2941} INFO - Sync 1 DAGs
[2026-03-14T02:30:01.194+0000] {logging_mixin.py:154} INFO - [2026-03-14T02:30:01.194+0000] {dag.py:3722} INFO - Setting next_dagrun for my_first_pipeline to None, run_after=None
[2026-03-14T02:30:01.217+0000] {processor.py:179} INFO - Processing /opt/airflow/dags/my_first_dag.py took 0.083 seconds
[2026-03-14T02:30:31.401+0000] {processor.py:157} INFO - Started process (PID=3757) to work on /opt/airflow/dags/my_first_dag.py
[2026-03-14T02:30:31.402+0000] {processor.py:829} INFO - Processing file /opt/airflow/dags/my_first_dag.py for tasks to queue
[2026-03-14T02:30:31.402+0000] {logging_mixin.py:154} INFO - [2026-03-14T02:30:31.402+0000] {dagbag.py:536} INFO - Filling up the DagBag from /opt/airflow/dags/my_first_dag.py
[2026-03-14T02:30:31.411+0000] {processor.py:839} INFO - DAG(s) dict_keys(['my_first_pipeline']) retrieved from /opt/airflow/dags/my_first_dag.py
[2026-03-14T02:30:31.434+0000] {logging_mixin.py:154} INFO - [2026-03-14T02:30:31.434+0000] {dag.py:2941} INFO - Sync 1 DAGs
[2026-03-14T02:30:31.445+0000] {logging_mixin.py:154} INFO - [2026-03-14T02:30:31.445+0000] {dag.py:3722} INFO - Setting next_dagrun for my_first_pipeline to None, run_after=None
[2026-03-14T02:30:31.460+0000] {processor.py:179} INFO - Processing /opt/airflow/dags/my_first_dag.py took 0.062 seconds
[2026-03-14T02:31:01.607+0000] {processor.py:157} INFO - Started process (PID=3769) to work on /opt/airflow/dags/my_first_dag.py
[2026-03-14T02:31:01.608+0000] {processor.py:829} INFO - Processing file /opt/airflow/dags/my_first_dag.py for tasks to queue
[2026-03-14T02:31:01.609+0000] {logging_mixin.py:154} INFO - [2026-03-14T02:31:01.609+0000] {dagbag.py:536} INFO - Filling up the DagBag from /opt/airflow/dags/my_first_dag.py
[2026-03-14T02:31:01.617+0000] {processor.py:839} INFO - DAG(s) dict_keys(['my_first_pipeline']) retrieved from /opt/airflow/dags/my_first_dag.py
[2026-03-14T02:31:01.642+0000] {logging_mixin.py:154} INFO - [2026-03-14T02:31:01.641+0000] {dag.py:2941} INFO - Sync 1 DAGs
[2026-03-14T02:31:01.652+0000] {logging_mixin.py:154} INFO - [2026-03-14T02:31:01.652+0000] {dag.py:3722} INFO - Setting next_dagrun for my_first_pipeline to None, run_after=None
[2026-03-14T02:31:01.670+0000] {processor.py:179} INFO - Processing /opt/airflow/dags/my_first_dag.py took 0.066 seconds
[2026-03-14T02:31:31.831+0000] {processor.py:157} INFO - Started process (PID=3782) to work on /opt/airflow/dags/my_first_dag.py
[2026-03-14T02:31:31.833+0000] {processor.py:829} INFO - Processing file /opt/airflow/dags/my_first_dag.py for tasks to queue
[2026-03-14T02:31:31.834+0000] {logging_mixin.py:154} INFO - [2026-03-14T02:31:31.834+0000] {dagbag.py:536} INFO - Filling up the DagBag from /opt/airflow/dags/my_first_dag.py
[2026-03-14T02:31:31.845+0000] {processor.py:839} INFO - DAG(s) dict_keys(['my_first_pipeline']) retrieved from /opt/airflow/dags/my_first_dag.py
[2026-03-14T02:31:31.867+0000] {logging_mixin.py:154} INFO - [2026-03-14T02:31:31.867+0000] {dag.py:2941} INFO - Sync 1 DAGs
[2026-03-14T02:31:31.877+0000] {logging_mixin.py:154} INFO - [2026-03-14T02:31:31.877+0000] {dag.py:3722} INFO - Setting next_dagrun for my_first_pipeline to None, run_after=None
[2026-03-14T02:31:31.895+0000] {processor.py:179} INFO - Processing /opt/airflow/dags/my_first_dag.py took 0.068 seconds
[2026-03-14T02:32:02.044+0000] {processor.py:157} INFO - Started process (PID=3794) to work on /opt/airflow/dags/my_first_dag.py
[2026-03-14T02:32:02.045+0000] {processor.py:829} INFO - Processing file /opt/airflow/dags/my_first_dag.py for tasks to queue
[2026-03-14T02:32:02.046+0000] {logging_mixin.py:154} INFO - [2026-03-14T02:32:02.046+0000] {dagbag.py:536} INFO - Filling up the DagBag from /opt/airflow/dags/my_first_dag.py
[2026-03-14T02:32:02.054+0000] {processor.py:839} INFO - DAG(s) dict_keys(['my_first_pipeline']) retrieved from /opt/airflow/dags/my_first_dag.py
[2026-03-14T02:32:02.082+0000] {logging_mixin.py:154} INFO - [2026-03-14T02:32:02.082+0000] {dag.py:2941} INFO - Sync 1 DAGs
[2026-03-14T02:32:02.094+0000] {logging_mixin.py:154} INFO - [2026-03-14T02:32:02.093+0000] {dag.py:3722} INFO - Setting next_dagrun for my_first_pipeline to None, run_after=None
[2026-03-14T02:32:02.111+0000] {processor.py:179} INFO - Processing /opt/airflow/dags/my_first_dag.py took 0.070 seconds
[2026-03-14T02:32:32.295+0000] {processor.py:157} INFO - Started process (PID=3806) to work on /opt/airflow/dags/my_first_dag.py
[2026-03-14T02:32:32.297+0000] {processor.py:829} INFO - Processing file /opt/airflow/dags/my_first_dag.py for tasks to queue
[2026-03-14T02:32:32.297+0000] {logging_mixin.py:154} INFO - [2026-03-14T02:32:32.297+0000] {dagbag.py:536} INFO - Filling up the DagBag from /opt/airflow/dags/my_first_dag.py
[2026-03-14T02:32:32.305+0000] {processor.py:839} INFO - DAG(s) dict_keys(['my_first_pipeline']) retrieved from /opt/airflow/dags/my_first_dag.py
[2026-03-14T02:32:32.329+0000] {logging_mixin.py:154} INFO - [2026-03-14T02:32:32.329+0000] {dag.py:2941} INFO - Sync 1 DAGs
[2026-03-14T02:32:32.339+0000] {logging_mixin.py:154} INFO - [2026-03-14T02:32:32.339+0000] {dag.py:3722} INFO - Setting next_dagrun for my_first_pipeline to None, run_after=None
[2026-03-14T02:32:32.357+0000] {processor.py:179} INFO - Processing /opt/airflow/dags/my_first_dag.py took 0.064 seconds
[2026-03-14T02:33:02.514+0000] {processor.py:157} INFO - Started process (PID=3818) to work on /opt/airflow/dags/my_first_dag.py
[2026-03-14T02:33:02.515+0000] {processor.py:829} INFO - Processing file /opt/airflow/dags/my_first_dag.py for tasks to queue
[2026-03-14T02:33:02.516+0000] {logging_mixin.py:154} INFO - [2026-03-14T02:33:02.516+0000] {dagbag.py:536} INFO - Filling up the DagBag from /opt/airflow/dags/my_first_dag.py
[2026-03-14T02:33:02.524+0000] {processor.py:839} INFO - DAG(s) dict_keys(['my_first_pipeline']) retrieved from /opt/airflow/dags/my_first_dag.py
[2026-03-14T02:33:02.548+0000] {logging_mixin.py:154} INFO - [2026-03-14T02:33:02.548+0000] {dag.py:2941} INFO - Sync 1 DAGs
[2026-03-14T02:33:02.558+0000] {logging_mixin.py:154} INFO - [2026-03-14T02:33:02.558+0000] {dag.py:3722} INFO - Setting next_dagrun for my_first_pipeline to None, run_after=None
[2026-03-14T02:33:02.576+0000] {processor.py:179} INFO - Processing /opt/airflow/dags/my_first_dag.py took 0.064 seconds
[2026-03-14T02:33:32.705+0000] {processor.py:157} INFO - Started process (PID=3830) to work on /opt/airflow/dags/my_first_dag.py
[2026-03-14T02:33:32.706+0000] {processor.py:829} INFO - Processing file /opt/airflow/dags/my_first_dag.py for tasks to queue
[2026-03-14T02:33:32.707+0000] {logging_mixin.py:154} INFO - [2026-03-14T02:33:32.707+0000] {dagbag.py:536} INFO - Filling up the DagBag from /opt/airflow/dags/my_first_dag.py
[2026-03-14T02:33:32.716+0000] {processor.py:839} INFO - DAG(s) dict_keys(['my_first_pipeline']) retrieved from /opt/airflow/dags/my_first_dag.py
[2026-03-14T02:33:32.743+0000] {logging_mixin.py:154} INFO - [2026-03-14T02:33:32.743+0000] {dag.py:2941} INFO - Sync 1 DAGs
[2026-03-14T02:33:32.756+0000] {logging_mixin.py:154} INFO - [2026-03-14T02:33:32.756+0000] {dag.py:3722} INFO - Setting next_dagrun for my_first_pipeline to None, run_after=None
[2026-03-14T02:33:32.778+0000] {processor.py:179} INFO - Processing /opt/airflow/dags/my_first_dag.py took 0.077 seconds
[2026-03-14T02:34:02.899+0000] {processor.py:157} INFO - Started process (PID=3841) to work on /opt/airflow/dags/my_first_dag.py
[2026-03-14T02:34:02.900+0000] {processor.py:829} INFO - Processing file /opt/airflow/dags/my_first_dag.py for tasks to queue
[2026-03-14T02:34:02.901+0000] {logging_mixin.py:154} INFO - [2026-03-14T02:34:02.901+0000] {dagbag.py:536} INFO - Filling up the DagBag from /opt/airflow/dags/my_first_dag.py
[2026-03-14T02:34:02.912+0000] {processor.py:839} INFO - DAG(s) dict_keys(['my_first_pipeline']) retrieved from /opt/airflow/dags/my_first_dag.py
[2026-03-14T02:34:02.939+0000] {logging_mixin.py:154} INFO - [2026-03-14T02:34:02.939+0000] {dag.py:2941} INFO - Sync 1 DAGs
[2026-03-14T02:34:02.951+0000] {logging_mixin.py:154} INFO - [2026-03-14T02:34:02.951+0000] {dag.py:3722} INFO - Setting next_dagrun for my_first_pipeline to None, run_after=None
[2026-03-14T02:34:02.973+0000] {processor.py:179} INFO - Processing /opt/airflow/dags/my_first_dag.py took 0.078 seconds
[2026-03-14T02:34:33.131+0000] {processor.py:157} INFO - Started process (PID=3853) to work on /opt/airflow/dags/my_first_dag.py
[2026-03-14T02:34:33.133+0000] {processor.py:829} INFO - Processing file /opt/airflow/dags/my_first_dag.py for tasks to queue
[2026-03-14T02:34:33.133+0000] {logging_mixin.py:154} INFO - [2026-03-14T02:34:33.133+0000] {dagbag.py:536} INFO - Filling up the DagBag from /opt/airflow/dags/my_first_dag.py
[2026-03-14T02:34:33.142+0000] {processor.py:839} INFO - DAG(s) dict_keys(['my_first_pipeline']) retrieved from /opt/airflow/dags/my_first_dag.py
[2026-03-14T02:34:33.165+0000] {logging_mixin.py:154} INFO - [2026-03-14T02:34:33.165+0000] {dag.py:2941} INFO - Sync 1 DAGs
[2026-03-14T02:34:33.176+0000] {logging_mixin.py:154} INFO - [2026-03-14T02:34:33.175+0000] {dag.py:3722} INFO - Setting next_dagrun for my_first_pipeline to None, run_after=None
[2026-03-14T02:34:33.192+0000] {processor.py:179} INFO - Processing /opt/airflow/dags/my_first_dag.py took 0.063 seconds
[2026-03-14T02:35:03.344+0000] {processor.py:157} INFO - Started process (PID=3865) to work on /opt/airflow/dags/my_first_dag.py
[2026-03-14T02:35:03.346+0000] {processor.py:829} INFO - Processing file /opt/airflow/dags/my_first_dag.py for tasks to queue
[2026-03-14T02:35:03.346+0000] {logging_mixin.py:154} INFO - [2026-03-14T02:35:03.346+0000] {dagbag.py:536} INFO - Filling up the DagBag from /opt/airflow/dags/my_first_dag.py
[2026-03-14T02:35:03.355+0000] {processor.py:839} INFO - DAG(s) dict_keys(['my_first_pipeline']) retrieved from /opt/airflow/dags/my_first_dag.py
[2026-03-14T02:35:03.378+0000] {logging_mixin.py:154} INFO - [2026-03-14T02:35:03.378+0000] {dag.py:2941} INFO - Sync 1 DAGs
[2026-03-14T02:35:03.388+0000] {logging_mixin.py:154} INFO - [2026-03-14T02:35:03.388+0000] {dag.py:3722} INFO - Setting next_dagrun for my_first_pipeline to None, run_after=None
[2026-03-14T02:35:03.404+0000] {processor.py:179} INFO - Processing /opt/airflow/dags/my_first_dag.py took 0.063 seconds
[2026-03-14T02:35:33.548+0000] {processor.py:157} INFO - Started process (PID=3877) to work on /opt/airflow/dags/my_first_dag.py
[2026-03-14T02:35:34.265+0000] {processor.py:829} INFO - Processing file /opt/airflow/dags/my_first_dag.py for tasks to queue
[2026-03-14T02:35:34.266+0000] {logging_mixin.py:154} INFO - [2026-03-14T02:35:34.266+0000] {dagbag.py:536} INFO - Filling up the DagBag from /opt/airflow/dags/my_first_dag.py
[2026-03-14T02:35:34.275+0000] {processor.py:839} INFO - DAG(s) dict_keys(['my_first_pipeline']) retrieved from /opt/airflow/dags/my_first_dag.py
[2026-03-14T02:35:34.297+0000] {logging_mixin.py:154} INFO - [2026-03-14T02:35:34.297+0000] {dag.py:2941} INFO - Sync 1 DAGs
[2026-03-14T02:35:34.309+0000] {logging_mixin.py:154} INFO - [2026-03-14T02:35:34.309+0000] {dag.py:3722} INFO - Setting next_dagrun for my_first_pipeline to None, run_after=None
[2026-03-14T02:35:34.325+0000] {processor.py:179} INFO - Processing /opt/airflow/dags/my_first_dag.py took 0.780 seconds
[2026-03-14T02:36:04.542+0000] {processor.py:157} INFO - Started process (PID=3889) to work on /opt/airflow/dags/my_first_dag.py
[2026-03-14T02:36:04.544+0000] {processor.py:829} INFO - Processing file /opt/airflow/dags/my_first_dag.py for tasks to queue
[2026-03-14T02:36:04.544+0000] {logging_mixin.py:154} INFO - [2026-03-14T02:36:04.544+0000] {dagbag.py:536} INFO - Filling up the DagBag from /opt/airflow/dags/my_first_dag.py
[2026-03-14T02:36:04.554+0000] {processor.py:839} INFO - DAG(s) dict_keys(['my_first_pipeline']) retrieved from /opt/airflow/dags/my_first_dag.py
[2026-03-14T02:36:04.579+0000] {logging_mixin.py:154} INFO - [2026-03-14T02:36:04.579+0000] {dag.py:2941} INFO - Sync 1 DAGs
[2026-03-14T02:36:04.591+0000] {logging_mixin.py:154} INFO - [2026-03-14T02:36:04.591+0000] {dag.py:3722} INFO - Setting next_dagrun for my_first_pipeline to None, run_after=None
[2026-03-14T02:36:04.606+0000] {processor.py:179} INFO - Processing /opt/airflow/dags/my_first_dag.py took 0.067 seconds
[2026-03-14T02:36:34.737+0000] {processor.py:157} INFO - Started process (PID=3901) to work on /opt/airflow/dags/my_first_dag.py
[2026-03-14T02:36:34.738+0000] {processor.py:829} INFO - Processing file /opt/airflow/dags/my_first_dag.py for tasks to queue
[2026-03-14T02:36:34.738+0000] {logging_mixin.py:154} INFO - [2026-03-14T02:36:34.738+0000] {dagbag.py:536} INFO - Filling up the DagBag from /opt/airflow/dags/my_first_dag.py
[2026-03-14T02:36:34.746+0000] {processor.py:839} INFO - DAG(s) dict_keys(['my_first_pipeline']) retrieved from /opt/airflow/dags/my_first_dag.py
[2026-03-14T02:36:34.771+0000] {logging_mixin.py:154} INFO - [2026-03-14T02:36:34.771+0000] {dag.py:2941} INFO - Sync 1 DAGs
[2026-03-14T02:36:34.781+0000] {logging_mixin.py:154} INFO - [2026-03-14T02:36:34.781+0000] {dag.py:3722} INFO - Setting next_dagrun for my_first_pipeline to None, run_after=None
[2026-03-14T02:36:34.798+0000] {processor.py:179} INFO - Processing /opt/airflow/dags/my_first_dag.py took 0.064 seconds
[2026-03-14T02:37:05.000+0000] {processor.py:157} INFO - Started process (PID=3913) to work on /opt/airflow/dags/my_first_dag.py
[2026-03-14T02:37:05.001+0000] {processor.py:829} INFO - Processing file /opt/airflow/dags/my_first_dag.py for tasks to queue
[2026-03-14T02:37:05.002+0000] {logging_mixin.py:154} INFO - [2026-03-14T02:37:05.002+0000] {dagbag.py:536} INFO - Filling up the DagBag from /opt/airflow/dags/my_first_dag.py
[2026-03-14T02:37:05.011+0000] {processor.py:839} INFO - DAG(s) dict_keys(['my_first_pipeline']) retrieved from /opt/airflow/dags/my_first_dag.py
[2026-03-14T02:37:05.035+0000] {logging_mixin.py:154} INFO - [2026-03-14T02:37:05.034+0000] {dag.py:2941} INFO - Sync 1 DAGs
[2026-03-14T02:37:05.046+0000] {logging_mixin.py:154} INFO - [2026-03-14T02:37:05.046+0000] {dag.py:3722} INFO - Setting next_dagrun for my_first_pipeline to None, run_after=None
[2026-03-14T02:37:05.063+0000] {processor.py:179} INFO - Processing /opt/airflow/dags/my_first_dag.py took 0.066 seconds
[2026-03-14T02:37:35.177+0000] {processor.py:157} INFO - Started process (PID=3925) to work on /opt/airflow/dags/my_first_dag.py
[2026-03-14T02:37:35.178+0000] {processor.py:829} INFO - Processing file /opt/airflow/dags/my_first_dag.py for tasks to queue
[2026-03-14T02:37:35.179+0000] {logging_mixin.py:154} INFO - [2026-03-14T02:37:35.178+0000] {dagbag.py:536} INFO - Filling up the DagBag from /opt/airflow/dags/my_first_dag.py
[2026-03-14T02:37:35.189+0000] {processor.py:839} INFO - DAG(s) dict_keys(['my_first_pipeline']) retrieved from /opt/airflow/dags/my_first_dag.py
[2026-03-14T02:37:35.218+0000] {logging_mixin.py:154} INFO - [2026-03-14T02:37:35.217+0000] {dag.py:2941} INFO - Sync 1 DAGs
[2026-03-14T02:37:35.229+0000] {logging_mixin.py:154} INFO - [2026-03-14T02:37:35.229+0000] {dag.py:3722} INFO - Setting next_dagrun for my_first_pipeline to None, run_after=None
[2026-03-14T02:37:35.250+0000] {processor.py:179} INFO - Processing /opt/airflow/dags/my_first_dag.py took 0.076 seconds
[2026-03-14T02:38:05.413+0000] {processor.py:157} INFO - Started process (PID=3937) to work on /opt/airflow/dags/my_first_dag.py
[2026-03-14T02:38:05.414+0000] {processor.py:829} INFO - Processing file /opt/airflow/dags/my_first_dag.py for tasks to queue
[2026-03-14T02:38:05.415+0000] {logging_mixin.py:154} INFO - [2026-03-14T02:38:05.415+0000] {dagbag.py:536} INFO - Filling up the DagBag from /opt/airflow/dags/my_first_dag.py
[2026-03-14T02:38:05.425+0000] {processor.py:839} INFO - DAG(s) dict_keys(['my_first_pipeline']) retrieved from /opt/airflow/dags/my_first_dag.py
[2026-03-14T02:38:05.454+0000] {logging_mixin.py:154} INFO - [2026-03-14T02:38:05.454+0000] {dag.py:2941} INFO - Sync 1 DAGs
[2026-03-14T02:38:05.467+0000] {logging_mixin.py:154} INFO - [2026-03-14T02:38:05.467+0000] {dag.py:3722} INFO - Setting next_dagrun for my_first_pipeline to None, run_after=None
[2026-03-14T02:38:05.490+0000] {processor.py:179} INFO - Processing /opt/airflow/dags/my_first_dag.py took 0.080 seconds
[2026-03-14T02:38:35.606+0000] {processor.py:157} INFO - Started process (PID=3948) to work on /opt/airflow/dags/my_first_dag.py
[2026-03-14T02:38:35.607+0000] {processor.py:829} INFO - Processing file /opt/airflow/dags/my_first_dag.py for tasks to queue
[2026-03-14T02:38:35.608+0000] {logging_mixin.py:154} INFO - [2026-03-14T02:38:35.608+0000] {dagbag.py:536} INFO - Filling up the DagBag from /opt/airflow/dags/my_first_dag.py
[2026-03-14T02:38:35.617+0000] {processor.py:839} INFO - DAG(s) dict_keys(['my_first_pipeline']) retrieved from /opt/airflow/dags/my_first_dag.py
[2026-03-14T02:38:35.641+0000] {logging_mixin.py:154} INFO - [2026-03-14T02:38:35.641+0000] {dag.py:2941} INFO - Sync 1 DAGs
[2026-03-14T02:38:35.652+0000] {logging_mixin.py:154} INFO - [2026-03-14T02:38:35.652+0000] {dag.py:3722} INFO - Setting next_dagrun for my_first_pipeline to None, run_after=None
[2026-03-14T02:38:35.669+0000] {processor.py:179} INFO - Processing /opt/airflow/dags/my_first_dag.py took 0.066 seconds
[2026-03-14T02:39:05.874+0000] {processor.py:157} INFO - Started process (PID=3960) to work on /opt/airflow/dags/my_first_dag.py
[2026-03-14T02:39:05.875+0000] {processor.py:829} INFO - Processing file /opt/airflow/dags/my_first_dag.py for tasks to queue
[2026-03-14T02:39:05.876+0000] {logging_mixin.py:154} INFO - [2026-03-14T02:39:05.876+0000] {dagbag.py:536} INFO - Filling up the DagBag from /opt/airflow/dags/my_first_dag.py
[2026-03-14T02:39:05.885+0000] {processor.py:839} INFO - DAG(s) dict_keys(['my_first_pipeline']) retrieved from /opt/airflow/dags/my_first_dag.py
[2026-03-14T02:39:05.908+0000] {logging_mixin.py:154} INFO - [2026-03-14T02:39:05.908+0000] {dag.py:2941} INFO - Sync 1 DAGs
[2026-03-14T02:39:05.920+0000] {logging_mixin.py:154} INFO - [2026-03-14T02:39:05.919+0000] {dag.py:3722} INFO - Setting next_dagrun for my_first_pipeline to None, run_after=None
[2026-03-14T02:39:05.935+0000] {processor.py:179} INFO - Processing /opt/airflow/dags/my_first_dag.py took 0.063 seconds
[2026-03-14T02:39:36.060+0000] {processor.py:157} INFO - Started process (PID=3971) to work on /opt/airflow/dags/my_first_dag.py
[2026-03-14T02:39:36.062+0000] {processor.py:829} INFO - Processing file /opt/airflow/dags/my_first_dag.py for tasks to queue
[2026-03-14T02:39:36.062+0000] {logging_mixin.py:154} INFO - [2026-03-14T02:39:36.062+0000] {dagbag.py:536} INFO - Filling up the DagBag from /opt/airflow/dags/my_first_dag.py
[2026-03-14T02:39:36.071+0000] {processor.py:839} INFO - DAG(s) dict_keys(['my_first_pipeline']) retrieved from /opt/airflow/dags/my_first_dag.py
[2026-03-14T02:39:36.095+0000] {logging_mixin.py:154} INFO - [2026-03-14T02:39:36.095+0000] {dag.py:2941} INFO - Sync 1 DAGs
[2026-03-14T02:39:36.105+0000] {logging_mixin.py:154} INFO - [2026-03-14T02:39:36.105+0000] {dag.py:3722} INFO - Setting next_dagrun for my_first_pipeline to None, run_after=None
[2026-03-14T02:39:36.122+0000] {processor.py:179} INFO - Processing /opt/airflow/dags/my_first_dag.py took 0.064 seconds
[2026-03-14T02:40:06.330+0000] {processor.py:157} INFO - Started process (PID=3983) to work on /opt/airflow/dags/my_first_dag.py
[2026-03-14T02:40:06.331+0000] {processor.py:829} INFO - Processing file /opt/airflow/dags/my_first_dag.py for tasks to queue
[2026-03-14T02:40:06.332+0000] {logging_mixin.py:154} INFO - [2026-03-14T02:40:06.332+0000] {dagbag.py:536} INFO - Filling up the DagBag from /opt/airflow/dags/my_first_dag.py
[2026-03-14T02:40:06.344+0000] {processor.py:839} INFO - DAG(s) dict_keys(['my_first_pipeline']) retrieved from /opt/airflow/dags/my_first_dag.py
[2026-03-14T02:40:06.368+0000] {logging_mixin.py:154} INFO - [2026-03-14T02:40:06.368+0000] {dag.py:2941} INFO - Sync 1 DAGs
[2026-03-14T02:40:06.378+0000] {logging_mixin.py:154} INFO - [2026-03-14T02:40:06.378+0000] {dag.py:3722} INFO - Setting next_dagrun for my_first_pipeline to None, run_after=None
[2026-03-14T02:40:06.394+0000] {processor.py:179} INFO - Processing /opt/airflow/dags/my_first_dag.py took 0.069 seconds
[2026-03-14T02:40:36.549+0000] {processor.py:157} INFO - Started process (PID=3995) to work on /opt/airflow/dags/my_first_dag.py
[2026-03-14T02:40:36.550+0000] {processor.py:829} INFO - Processing file /opt/airflow/dags/my_first_dag.py for tasks to queue
[2026-03-14T02:40:36.550+0000] {logging_mixin.py:154} INFO - [2026-03-14T02:40:36.550+0000] {dagbag.py:536} INFO - Filling up the DagBag from /opt/airflow/dags/my_first_dag.py
[2026-03-14T02:40:36.559+0000] {processor.py:839} INFO - DAG(s) dict_keys(['my_first_pipeline']) retrieved from /opt/airflow/dags/my_first_dag.py
[2026-03-14T02:40:36.583+0000] {logging_mixin.py:154} INFO - [2026-03-14T02:40:36.583+0000] {dag.py:2941} INFO - Sync 1 DAGs
[2026-03-14T02:40:36.594+0000] {logging_mixin.py:154} INFO - [2026-03-14T02:40:36.594+0000] {dag.py:3722} INFO - Setting next_dagrun for my_first_pipeline to None, run_after=None
[2026-03-14T02:40:36.609+0000] {processor.py:179} INFO - Processing /opt/airflow/dags/my_first_dag.py took 0.063 seconds
[2026-03-14T02:41:06.781+0000] {processor.py:157} INFO - Started process (PID=4007) to work on /opt/airflow/dags/my_first_dag.py
[2026-03-14T02:41:06.783+0000] {processor.py:829} INFO - Processing file /opt/airflow/dags/my_first_dag.py for tasks to queue
[2026-03-14T02:41:06.783+0000] {logging_mixin.py:154} INFO - [2026-03-14T02:41:06.783+0000] {dagbag.py:536} INFO - Filling up the DagBag from /opt/airflow/dags/my_first_dag.py
[2026-03-14T02:41:06.793+0000] {processor.py:839} INFO - DAG(s) dict_keys(['my_first_pipeline']) retrieved from /opt/airflow/dags/my_first_dag.py
[2026-03-14T02:41:06.817+0000] {logging_mixin.py:154} INFO - [2026-03-14T02:41:06.817+0000] {dag.py:2941} INFO - Sync 1 DAGs
[2026-03-14T02:41:06.829+0000] {logging_mixin.py:154} INFO - [2026-03-14T02:41:06.829+0000] {dag.py:3722} INFO - Setting next_dagrun for my_first_pipeline to None, run_after=None
[2026-03-14T02:41:06.845+0000] {processor.py:179} INFO - Processing /opt/airflow/dags/my_first_dag.py took 0.068 seconds
[2026-03-14T02:41:36.984+0000] {processor.py:157} INFO - Started process (PID=4019) to work on /opt/airflow/dags/my_first_dag.py
[2026-03-14T02:41:36.985+0000] {processor.py:829} INFO - Processing file /opt/airflow/dags/my_first_dag.py for tasks to queue
[2026-03-14T02:41:36.986+0000] {logging_mixin.py:154} INFO - [2026-03-14T02:41:36.986+0000] {dagbag.py:536} INFO - Filling up the DagBag from /opt/airflow/dags/my_first_dag.py
[2026-03-14T02:41:36.996+0000] {processor.py:839} INFO - DAG(s) dict_keys(['my_first_pipeline']) retrieved from /opt/airflow/dags/my_first_dag.py
[2026-03-14T02:41:37.024+0000] {logging_mixin.py:154} INFO - [2026-03-14T02:41:37.024+0000] {dag.py:2941} INFO - Sync 1 DAGs
[2026-03-14T02:41:37.037+0000] {logging_mixin.py:154} INFO - [2026-03-14T02:41:37.036+0000] {dag.py:3722} INFO - Setting next_dagrun for my_first_pipeline to None, run_after=None
[2026-03-14T02:41:37.059+0000] {processor.py:179} INFO - Processing /opt/airflow/dags/my_first_dag.py took 0.078 seconds
[2026-03-14T02:42:07.184+0000] {processor.py:157} INFO - Started process (PID=4031) to work on /opt/airflow/dags/my_first_dag.py
[2026-03-14T02:42:07.186+0000] {processor.py:829} INFO - Processing file /opt/airflow/dags/my_first_dag.py for tasks to queue
[2026-03-14T02:42:07.187+0000] {logging_mixin.py:154} INFO - [2026-03-14T02:42:07.187+0000] {dagbag.py:536} INFO - Filling up the DagBag from /opt/airflow/dags/my_first_dag.py
[2026-03-14T02:42:07.197+0000] {processor.py:839} INFO - DAG(s) dict_keys(['my_first_pipeline']) retrieved from /opt/airflow/dags/my_first_dag.py
[2026-03-14T02:42:07.225+0000] {logging_mixin.py:154} INFO - [2026-03-14T02:42:07.225+0000] {dag.py:2941} INFO - Sync 1 DAGs
[2026-03-14T02:42:07.237+0000] {logging_mixin.py:154} INFO - [2026-03-14T02:42:07.237+0000] {dag.py:3722} INFO - Setting next_dagrun for my_first_pipeline to None, run_after=None
[2026-03-14T02:42:07.262+0000] {processor.py:179} INFO - Processing /opt/airflow/dags/my_first_dag.py took 0.081 seconds
[2026-03-14T02:42:37.424+0000] {processor.py:157} INFO - Started process (PID=4043) to work on /opt/airflow/dags/my_first_dag.py
[2026-03-14T02:42:37.425+0000] {processor.py:829} INFO - Processing file /opt/airflow/dags/my_first_dag.py for tasks to queue
[2026-03-14T02:42:37.426+0000] {logging_mixin.py:154} INFO - [2026-03-14T02:42:37.425+0000] {dagbag.py:536} INFO - Filling up the DagBag from /opt/airflow/dags/my_first_dag.py
[2026-03-14T02:42:37.434+0000] {processor.py:839} INFO - DAG(s) dict_keys(['my_first_pipeline']) retrieved from /opt/airflow/dags/my_first_dag.py
[2026-03-14T02:42:37.458+0000] {logging_mixin.py:154} INFO - [2026-03-14T02:42:37.457+0000] {dag.py:2941} INFO - Sync 1 DAGs
[2026-03-14T02:42:37.468+0000] {logging_mixin.py:154} INFO - [2026-03-14T02:42:37.468+0000] {dag.py:3722} INFO - Setting next_dagrun for my_first_pipeline to None, run_after=None
[2026-03-14T02:42:37.485+0000] {processor.py:179} INFO - Processing /opt/airflow/dags/my_first_dag.py took 0.066 seconds
[2026-03-14T02:43:07.655+0000] {processor.py:157} INFO - Started process (PID=4055) to work on /opt/airflow/dags/my_first_dag.py
[2026-03-14T02:43:07.655+0000] {processor.py:829} INFO - Processing file /opt/airflow/dags/my_first_dag.py for tasks to queue
[2026-03-14T02:43:07.656+0000] {logging_mixin.py:154} INFO - [2026-03-14T02:43:07.656+0000] {dagbag.py:536} INFO - Filling up the DagBag from /opt/airflow/dags/my_first_dag.py
[2026-03-14T02:43:07.664+0000] {processor.py:839} INFO - DAG(s) dict_keys(['my_first_pipeline']) retrieved from /opt/airflow/dags/my_first_dag.py
[2026-03-14T02:43:07.688+0000] {logging_mixin.py:154} INFO - [2026-03-14T02:43:07.688+0000] {dag.py:2941} INFO - Sync 1 DAGs
[2026-03-14T02:43:07.700+0000] {logging_mixin.py:154} INFO - [2026-03-14T02:43:07.699+0000] {dag.py:3722} INFO - Setting next_dagrun for my_first_pipeline to None, run_after=None
[2026-03-14T02:43:07.718+0000] {processor.py:179} INFO - Processing /opt/airflow/dags/my_first_dag.py took 0.067 seconds
[2026-03-14T02:43:37.856+0000] {processor.py:157} INFO - Started process (PID=4067) to work on /opt/airflow/dags/my_first_dag.py
[2026-03-14T02:43:37.857+0000] {processor.py:829} INFO - Processing file /opt/airflow/dags/my_first_dag.py for tasks to queue
[2026-03-14T02:43:37.858+0000] {logging_mixin.py:154} INFO - [2026-03-14T02:43:37.858+0000] {dagbag.py:536} INFO - Filling up the DagBag from /opt/airflow/dags/my_first_dag.py
[2026-03-14T02:43:37.866+0000] {processor.py:839} INFO - DAG(s) dict_keys(['my_first_pipeline']) retrieved from /opt/airflow/dags/my_first_dag.py
[2026-03-14T02:43:37.889+0000] {logging_mixin.py:154} INFO - [2026-03-14T02:43:37.889+0000] {dag.py:2941} INFO - Sync 1 DAGs
[2026-03-14T02:43:37.899+0000] {logging_mixin.py:154} INFO - [2026-03-14T02:43:37.899+0000] {dag.py:3722} INFO - Setting next_dagrun for my_first_pipeline to None, run_after=None
[2026-03-14T02:43:37.913+0000] {processor.py:179} INFO - Processing /opt/airflow/dags/my_first_dag.py took 0.060 seconds
[2026-03-14T02:44:08.089+0000] {processor.py:157} INFO - Started process (PID=4079) to work on /opt/airflow/dags/my_first_dag.py
[2026-03-14T02:44:08.090+0000] {processor.py:829} INFO - Processing file /opt/airflow/dags/my_first_dag.py for tasks to queue
[2026-03-14T02:44:08.091+0000] {logging_mixin.py:154} INFO - [2026-03-14T02:44:08.091+0000] {dagbag.py:536} INFO - Filling up the DagBag from /opt/airflow/dags/my_first_dag.py
[2026-03-14T02:44:08.099+0000] {processor.py:839} INFO - DAG(s) dict_keys(['my_first_pipeline']) retrieved from /opt/airflow/dags/my_first_dag.py
[2026-03-14T02:44:08.122+0000] {logging_mixin.py:154} INFO - [2026-03-14T02:44:08.122+0000] {dag.py:2941} INFO - Sync 1 DAGs
[2026-03-14T02:44:08.133+0000] {logging_mixin.py:154} INFO - [2026-03-14T02:44:08.133+0000] {dag.py:3722} INFO - Setting next_dagrun for my_first_pipeline to None, run_after=None
[2026-03-14T02:44:08.150+0000] {processor.py:179} INFO - Processing /opt/airflow/dags/my_first_dag.py took 0.063 seconds
[2026-03-14T02:44:38.305+0000] {processor.py:157} INFO - Started process (PID=4091) to work on /opt/airflow/dags/my_first_dag.py
[2026-03-14T02:44:38.306+0000] {processor.py:829} INFO - Processing file /opt/airflow/dags/my_first_dag.py for tasks to queue
[2026-03-14T02:44:38.307+0000] {logging_mixin.py:154} INFO - [2026-03-14T02:44:38.306+0000] {dagbag.py:536} INFO - Filling up the DagBag from /opt/airflow/dags/my_first_dag.py
[2026-03-14T02:44:38.315+0000] {processor.py:839} INFO - DAG(s) dict_keys(['my_first_pipeline']) retrieved from /opt/airflow/dags/my_first_dag.py
[2026-03-14T02:44:38.339+0000] {logging_mixin.py:154} INFO - [2026-03-14T02:44:38.339+0000] {dag.py:2941} INFO - Sync 1 DAGs
[2026-03-14T02:44:38.349+0000] {logging_mixin.py:154} INFO - [2026-03-14T02:44:38.349+0000] {dag.py:3722} INFO - Setting next_dagrun for my_first_pipeline to None, run_after=None
[2026-03-14T02:44:38.365+0000] {processor.py:179} INFO - Processing /opt/airflow/dags/my_first_dag.py took 0.064 seconds
[2026-03-14T02:45:08.526+0000] {processor.py:157} INFO - Started process (PID=4103) to work on /opt/airflow/dags/my_first_dag.py
[2026-03-14T02:45:08.527+0000] {processor.py:829} INFO - Processing file /opt/airflow/dags/my_first_dag.py for tasks to queue
[2026-03-14T02:45:08.528+0000] {logging_mixin.py:154} INFO - [2026-03-14T02:45:08.528+0000] {dagbag.py:536} INFO - Filling up the DagBag from /opt/airflow/dags/my_first_dag.py
[2026-03-14T02:45:08.537+0000] {processor.py:839} INFO - DAG(s) dict_keys(['my_first_pipeline']) retrieved from /opt/airflow/dags/my_first_dag.py
[2026-03-14T02:45:08.561+0000] {logging_mixin.py:154} INFO - [2026-03-14T02:45:08.561+0000] {dag.py:2941} INFO - Sync 1 DAGs
[2026-03-14T02:45:08.572+0000] {logging_mixin.py:154} INFO - [2026-03-14T02:45:08.572+0000] {dag.py:3722} INFO - Setting next_dagrun for my_first_pipeline to None, run_after=None
[2026-03-14T02:45:08.588+0000] {processor.py:179} INFO - Processing /opt/airflow/dags/my_first_dag.py took 0.065 seconds
[2026-03-14T02:45:38.721+0000] {processor.py:157} INFO - Started process (PID=4115) to work on /opt/airflow/dags/my_first_dag.py
[2026-03-14T02:45:38.722+0000] {processor.py:829} INFO - Processing file /opt/airflow/dags/my_first_dag.py for tasks to queue
[2026-03-14T02:45:38.723+0000] {logging_mixin.py:154} INFO - [2026-03-14T02:45:38.722+0000] {dagbag.py:536} INFO - Filling up the DagBag from /opt/airflow/dags/my_first_dag.py
[2026-03-14T02:45:38.733+0000] {processor.py:839} INFO - DAG(s) dict_keys(['my_first_pipeline']) retrieved from /opt/airflow/dags/my_first_dag.py
[2026-03-14T02:45:38.762+0000] {logging_mixin.py:154} INFO - [2026-03-14T02:45:38.762+0000] {dag.py:2941} INFO - Sync 1 DAGs
[2026-03-14T02:45:38.775+0000] {logging_mixin.py:154} INFO - [2026-03-14T02:45:38.775+0000] {dag.py:3722} INFO - Setting next_dagrun for my_first_pipeline to None, run_after=None
[2026-03-14T02:45:38.798+0000] {processor.py:179} INFO - Processing /opt/airflow/dags/my_first_dag.py took 0.081 seconds
[2026-03-14T02:46:08.929+0000] {processor.py:157} INFO - Started process (PID=4126) to work on /opt/airflow/dags/my_first_dag.py
[2026-03-14T02:46:08.930+0000] {processor.py:829} INFO - Processing file /opt/airflow/dags/my_first_dag.py for tasks to queue
[2026-03-14T02:46:08.931+0000] {logging_mixin.py:154} INFO - [2026-03-14T02:46:08.931+0000] {dagbag.py:536} INFO - Filling up the DagBag from /opt/airflow/dags/my_first_dag.py
[2026-03-14T02:46:08.941+0000] {processor.py:839} INFO - DAG(s) dict_keys(['my_first_pipeline']) retrieved from /opt/airflow/dags/my_first_dag.py
[2026-03-14T02:46:08.970+0000] {logging_mixin.py:154} INFO - [2026-03-14T02:46:08.970+0000] {dag.py:2941} INFO - Sync 1 DAGs
[2026-03-14T02:46:08.983+0000] {logging_mixin.py:154} INFO - [2026-03-14T02:46:08.983+0000] {dag.py:3722} INFO - Setting next_dagrun for my_first_pipeline to None, run_after=None
[2026-03-14T02:46:09.006+0000] {processor.py:179} INFO - Processing /opt/airflow/dags/my_first_dag.py took 0.081 seconds
[2026-03-14T02:46:39.161+0000] {processor.py:157} INFO - Started process (PID=4138) to work on /opt/airflow/dags/my_first_dag.py
[2026-03-14T02:46:39.162+0000] {processor.py:829} INFO - Processing file /opt/airflow/dags/my_first_dag.py for tasks to queue
[2026-03-14T02:46:39.163+0000] {logging_mixin.py:154} INFO - [2026-03-14T02:46:39.162+0000] {dagbag.py:536} INFO - Filling up the DagBag from /opt/airflow/dags/my_first_dag.py
[2026-03-14T02:46:39.171+0000] {processor.py:839} INFO - DAG(s) dict_keys(['my_first_pipeline']) retrieved from /opt/airflow/dags/my_first_dag.py
[2026-03-14T02:46:39.194+0000] {logging_mixin.py:154} INFO - [2026-03-14T02:46:39.193+0000] {dag.py:2941} INFO - Sync 1 DAGs
[2026-03-14T02:46:39.205+0000] {logging_mixin.py:154} INFO - [2026-03-14T02:46:39.205+0000] {dag.py:3722} INFO - Setting next_dagrun for my_first_pipeline to None, run_after=None
[2026-03-14T02:46:39.223+0000] {processor.py:179} INFO - Processing /opt/airflow/dags/my_first_dag.py took 0.065 seconds
[2026-03-14T02:47:09.378+0000] {processor.py:157} INFO - Started process (PID=4150) to work on /opt/airflow/dags/my_first_dag.py
[2026-03-14T02:47:09.379+0000] {processor.py:829} INFO - Processing file /opt/airflow/dags/my_first_dag.py for tasks to queue
[2026-03-14T02:47:09.380+0000] {logging_mixin.py:154} INFO - [2026-03-14T02:47:09.380+0000] {dagbag.py:536} INFO - Filling up the DagBag from /opt/airflow/dags/my_first_dag.py
[2026-03-14T02:47:09.388+0000] {processor.py:839} INFO - DAG(s) dict_keys(['my_first_pipeline']) retrieved from /opt/airflow/dags/my_first_dag.py
[2026-03-14T02:47:09.411+0000] {logging_mixin.py:154} INFO - [2026-03-14T02:47:09.411+0000] {dag.py:2941} INFO - Sync 1 DAGs
[2026-03-14T02:47:09.422+0000] {logging_mixin.py:154} INFO - [2026-03-14T02:47:09.422+0000] {dag.py:3722} INFO - Setting next_dagrun for my_first_pipeline to None, run_after=None
[2026-03-14T02:47:09.439+0000] {processor.py:179} INFO - Processing /opt/airflow/dags/my_first_dag.py took 0.064 seconds
[2026-03-14T02:47:39.600+0000] {processor.py:157} INFO - Started process (PID=4163) to work on /opt/airflow/dags/my_first_dag.py
[2026-03-14T02:47:39.601+0000] {processor.py:829} INFO - Processing file /opt/airflow/dags/my_first_dag.py for tasks to queue
[2026-03-14T02:47:39.601+0000] {logging_mixin.py:154} INFO - [2026-03-14T02:47:39.601+0000] {dagbag.py:536} INFO - Filling up the DagBag from /opt/airflow/dags/my_first_dag.py
[2026-03-14T02:47:39.610+0000] {processor.py:839} INFO - DAG(s) dict_keys(['my_first_pipeline']) retrieved from /opt/airflow/dags/my_first_dag.py
[2026-03-14T02:47:39.635+0000] {logging_mixin.py:154} INFO - [2026-03-14T02:47:39.635+0000] {dag.py:2941} INFO - Sync 1 DAGs
[2026-03-14T02:47:39.647+0000] {logging_mixin.py:154} INFO - [2026-03-14T02:47:39.647+0000] {dag.py:3722} INFO - Setting next_dagrun for my_first_pipeline to None, run_after=None
[2026-03-14T02:47:39.666+0000] {processor.py:179} INFO - Processing /opt/airflow/dags/my_first_dag.py took 0.069 seconds
[2026-03-14T02:48:09.799+0000] {processor.py:157} INFO - Started process (PID=4175) to work on /opt/airflow/dags/my_first_dag.py
[2026-03-14T02:48:09.800+0000] {processor.py:829} INFO - Processing file /opt/airflow/dags/my_first_dag.py for tasks to queue
[2026-03-14T02:48:09.800+0000] {logging_mixin.py:154} INFO - [2026-03-14T02:48:09.800+0000] {dagbag.py:536} INFO - Filling up the DagBag from /opt/airflow/dags/my_first_dag.py
[2026-03-14T02:48:09.809+0000] {processor.py:839} INFO - DAG(s) dict_keys(['my_first_pipeline']) retrieved from /opt/airflow/dags/my_first_dag.py
[2026-03-14T02:48:09.833+0000] {logging_mixin.py:154} INFO - [2026-03-14T02:48:09.833+0000] {dag.py:2941} INFO - Sync 1 DAGs
[2026-03-14T02:48:09.845+0000] {logging_mixin.py:154} INFO - [2026-03-14T02:48:09.845+0000] {dag.py:3722} INFO - Setting next_dagrun for my_first_pipeline to None, run_after=None
[2026-03-14T02:48:09.861+0000] {processor.py:179} INFO - Processing /opt/airflow/dags/my_first_dag.py took 0.066 seconds
[2026-03-14T02:48:40.019+0000] {processor.py:157} INFO - Started process (PID=4187) to work on /opt/airflow/dags/my_first_dag.py
[2026-03-14T02:48:40.020+0000] {processor.py:829} INFO - Processing file /opt/airflow/dags/my_first_dag.py for tasks to queue
[2026-03-14T02:48:40.020+0000] {logging_mixin.py:154} INFO - [2026-03-14T02:48:40.020+0000] {dagbag.py:536} INFO - Filling up the DagBag from /opt/airflow/dags/my_first_dag.py
[2026-03-14T02:48:40.029+0000] {processor.py:839} INFO - DAG(s) dict_keys(['my_first_pipeline']) retrieved from /opt/airflow/dags/my_first_dag.py
[2026-03-14T02:48:40.052+0000] {logging_mixin.py:154} INFO - [2026-03-14T02:48:40.052+0000] {dag.py:2941} INFO - Sync 1 DAGs
[2026-03-14T02:48:40.063+0000] {logging_mixin.py:154} INFO - [2026-03-14T02:48:40.063+0000] {dag.py:3722} INFO - Setting next_dagrun for my_first_pipeline to None, run_after=None
[2026-03-14T02:48:40.079+0000] {processor.py:179} INFO - Processing /opt/airflow/dags/my_first_dag.py took 0.063 seconds
[2026-03-14T02:49:10.256+0000] {processor.py:157} INFO - Started process (PID=4199) to work on /opt/airflow/dags/my_first_dag.py
[2026-03-14T02:49:10.258+0000] {processor.py:829} INFO - Processing file /opt/airflow/dags/my_first_dag.py for tasks to queue
[2026-03-14T02:49:10.259+0000] {logging_mixin.py:154} INFO - [2026-03-14T02:49:10.258+0000] {dagbag.py:536} INFO - Filling up the DagBag from /opt/airflow/dags/my_first_dag.py
[2026-03-14T02:49:10.270+0000] {processor.py:839} INFO - DAG(s) dict_keys(['my_first_pipeline']) retrieved from /opt/airflow/dags/my_first_dag.py
[2026-03-14T02:49:10.295+0000] {logging_mixin.py:154} INFO - [2026-03-14T02:49:10.295+0000] {dag.py:2941} INFO - Sync 1 DAGs
[2026-03-14T02:49:10.305+0000] {logging_mixin.py:154} INFO - [2026-03-14T02:49:10.305+0000] {dag.py:3722} INFO - Setting next_dagrun for my_first_pipeline to None, run_after=None
[2026-03-14T02:49:10.323+0000] {processor.py:179} INFO - Processing /opt/airflow/dags/my_first_dag.py took 0.071 seconds
[2026-03-14T02:49:40.443+0000] {processor.py:157} INFO - Started process (PID=4211) to work on /opt/airflow/dags/my_first_dag.py
[2026-03-14T02:49:40.445+0000] {processor.py:829} INFO - Processing file /opt/airflow/dags/my_first_dag.py for tasks to queue
[2026-03-14T02:49:40.445+0000] {logging_mixin.py:154} INFO - [2026-03-14T02:49:40.445+0000] {dagbag.py:536} INFO - Filling up the DagBag from /opt/airflow/dags/my_first_dag.py
[2026-03-14T02:49:40.455+0000] {processor.py:839} INFO - DAG(s) dict_keys(['my_first_pipeline']) retrieved from /opt/airflow/dags/my_first_dag.py
[2026-03-14T02:49:40.485+0000] {logging_mixin.py:154} INFO - [2026-03-14T02:49:40.485+0000] {dag.py:2941} INFO - Sync 1 DAGs
[2026-03-14T02:49:40.497+0000] {logging_mixin.py:154} INFO - [2026-03-14T02:49:40.497+0000] {dag.py:3722} INFO - Setting next_dagrun for my_first_pipeline to None, run_after=None
[2026-03-14T02:49:40.521+0000] {processor.py:179} INFO - Processing /opt/airflow/dags/my_first_dag.py took 0.081 seconds
[2026-03-14T02:50:10.662+0000] {processor.py:157} INFO - Started process (PID=4223) to work on /opt/airflow/dags/my_first_dag.py
[2026-03-14T02:50:10.663+0000] {processor.py:829} INFO - Processing file /opt/airflow/dags/my_first_dag.py for tasks to queue
[2026-03-14T02:50:10.664+0000] {logging_mixin.py:154} INFO - [2026-03-14T02:50:10.664+0000] {dagbag.py:536} INFO - Filling up the DagBag from /opt/airflow/dags/my_first_dag.py
[2026-03-14T02:50:10.674+0000] {processor.py:839} INFO - DAG(s) dict_keys(['my_first_pipeline']) retrieved from /opt/airflow/dags/my_first_dag.py
[2026-03-14T02:50:10.704+0000] {logging_mixin.py:154} INFO - [2026-03-14T02:50:10.704+0000] {dag.py:2941} INFO - Sync 1 DAGs
[2026-03-14T02:50:10.718+0000] {logging_mixin.py:154} INFO - [2026-03-14T02:50:10.718+0000] {dag.py:3722} INFO - Setting next_dagrun for my_first_pipeline to None, run_after=None
[2026-03-14T02:50:10.742+0000] {processor.py:179} INFO - Processing /opt/airflow/dags/my_first_dag.py took 0.083 seconds
[2026-03-14T02:50:40.867+0000] {processor.py:157} INFO - Started process (PID=4235) to work on /opt/airflow/dags/my_first_dag.py
[2026-03-14T02:50:40.868+0000] {processor.py:829} INFO - Processing file /opt/airflow/dags/my_first_dag.py for tasks to queue
[2026-03-14T02:50:40.869+0000] {logging_mixin.py:154} INFO - [2026-03-14T02:50:40.869+0000] {dagbag.py:536} INFO - Filling up the DagBag from /opt/airflow/dags/my_first_dag.py
[2026-03-14T02:50:40.878+0000] {processor.py:839} INFO - DAG(s) dict_keys(['my_first_pipeline']) retrieved from /opt/airflow/dags/my_first_dag.py
[2026-03-14T02:50:40.901+0000] {logging_mixin.py:154} INFO - [2026-03-14T02:50:40.901+0000] {dag.py:2941} INFO - Sync 1 DAGs
[2026-03-14T02:50:40.913+0000] {logging_mixin.py:154} INFO - [2026-03-14T02:50:40.912+0000] {dag.py:3722} INFO - Setting next_dagrun for my_first_pipeline to None, run_after=None
[2026-03-14T02:50:40.929+0000] {processor.py:179} INFO - Processing /opt/airflow/dags/my_first_dag.py took 0.065 seconds
[2026-03-14T02:51:11.087+0000] {processor.py:157} INFO - Started process (PID=4247) to work on /opt/airflow/dags/my_first_dag.py
[2026-03-14T02:51:11.088+0000] {processor.py:829} INFO - Processing file /opt/airflow/dags/my_first_dag.py for tasks to queue
[2026-03-14T02:51:11.089+0000] {logging_mixin.py:154} INFO - [2026-03-14T02:51:11.088+0000] {dagbag.py:536} INFO - Filling up the DagBag from /opt/airflow/dags/my_first_dag.py
[2026-03-14T02:51:11.097+0000] {processor.py:839} INFO - DAG(s) dict_keys(['my_first_pipeline']) retrieved from /opt/airflow/dags/my_first_dag.py
[2026-03-14T02:51:11.122+0000] {logging_mixin.py:154} INFO - [2026-03-14T02:51:11.122+0000] {dag.py:2941} INFO - Sync 1 DAGs
[2026-03-14T02:51:11.132+0000] {logging_mixin.py:154} INFO - [2026-03-14T02:51:11.132+0000] {dag.py:3722} INFO - Setting next_dagrun for my_first_pipeline to None, run_after=None
[2026-03-14T02:51:11.150+0000] {processor.py:179} INFO - Processing /opt/airflow/dags/my_first_dag.py took 0.066 seconds
[2026-03-14T02:51:41.315+0000] {processor.py:157} INFO - Started process (PID=4259) to work on /opt/airflow/dags/my_first_dag.py
[2026-03-14T02:51:41.316+0000] {processor.py:829} INFO - Processing file /opt/airflow/dags/my_first_dag.py for tasks to queue
[2026-03-14T02:51:41.317+0000] {logging_mixin.py:154} INFO - [2026-03-14T02:51:41.316+0000] {dagbag.py:536} INFO - Filling up the DagBag from /opt/airflow/dags/my_first_dag.py
[2026-03-14T02:51:41.326+0000] {processor.py:839} INFO - DAG(s) dict_keys(['my_first_pipeline']) retrieved from /opt/airflow/dags/my_first_dag.py
[2026-03-14T02:51:41.349+0000] {logging_mixin.py:154} INFO - [2026-03-14T02:51:41.349+0000] {dag.py:2941} INFO - Sync 1 DAGs
[2026-03-14T02:51:41.359+0000] {logging_mixin.py:154} INFO - [2026-03-14T02:51:41.359+0000] {dag.py:3722} INFO - Setting next_dagrun for my_first_pipeline to None, run_after=None
[2026-03-14T02:51:41.375+0000] {processor.py:179} INFO - Processing /opt/airflow/dags/my_first_dag.py took 0.063 seconds
[2026-03-14T02:52:11.543+0000] {processor.py:157} INFO - Started process (PID=4271) to work on /opt/airflow/dags/my_first_dag.py
[2026-03-14T02:52:11.544+0000] {processor.py:829} INFO - Processing file /opt/airflow/dags/my_first_dag.py for tasks to queue
[2026-03-14T02:52:11.545+0000] {logging_mixin.py:154} INFO - [2026-03-14T02:52:11.545+0000] {dagbag.py:536} INFO - Filling up the DagBag from /opt/airflow/dags/my_first_dag.py
[2026-03-14T02:52:11.556+0000] {processor.py:839} INFO - DAG(s) dict_keys(['my_first_pipeline']) retrieved from /opt/airflow/dags/my_first_dag.py
[2026-03-14T02:52:11.578+0000] {logging_mixin.py:154} INFO - [2026-03-14T02:52:11.578+0000] {dag.py:2941} INFO - Sync 1 DAGs
[2026-03-14T02:52:11.589+0000] {logging_mixin.py:154} INFO - [2026-03-14T02:52:11.588+0000] {dag.py:3722} INFO - Setting next_dagrun for my_first_pipeline to None, run_after=None
[2026-03-14T02:52:11.603+0000] {processor.py:179} INFO - Processing /opt/airflow/dags/my_first_dag.py took 0.066 seconds
[2026-03-14T02:52:41.760+0000] {processor.py:157} INFO - Started process (PID=4284) to work on /opt/airflow/dags/my_first_dag.py
[2026-03-14T02:52:41.761+0000] {processor.py:829} INFO - Processing file /opt/airflow/dags/my_first_dag.py for tasks to queue
[2026-03-14T02:52:41.762+0000] {logging_mixin.py:154} INFO - [2026-03-14T02:52:41.762+0000] {dagbag.py:536} INFO - Filling up the DagBag from /opt/airflow/dags/my_first_dag.py
[2026-03-14T02:52:41.771+0000] {processor.py:839} INFO - DAG(s) dict_keys(['my_first_pipeline']) retrieved from /opt/airflow/dags/my_first_dag.py
[2026-03-14T02:52:41.794+0000] {logging_mixin.py:154} INFO - [2026-03-14T02:52:41.794+0000] {dag.py:2941} INFO - Sync 1 DAGs
[2026-03-14T02:52:41.805+0000] {logging_mixin.py:154} INFO - [2026-03-14T02:52:41.805+0000] {dag.py:3722} INFO - Setting next_dagrun for my_first_pipeline to None, run_after=None
[2026-03-14T02:52:41.822+0000] {processor.py:179} INFO - Processing /opt/airflow/dags/my_first_dag.py took 0.065 seconds
[2026-03-14T02:53:11.980+0000] {processor.py:157} INFO - Started process (PID=4296) to work on /opt/airflow/dags/my_first_dag.py
[2026-03-14T02:53:11.981+0000] {processor.py:829} INFO - Processing file /opt/airflow/dags/my_first_dag.py for tasks to queue
[2026-03-14T02:53:11.981+0000] {logging_mixin.py:154} INFO - [2026-03-14T02:53:11.981+0000] {dagbag.py:536} INFO - Filling up the DagBag from /opt/airflow/dags/my_first_dag.py
[2026-03-14T02:53:11.989+0000] {processor.py:839} INFO - DAG(s) dict_keys(['my_first_pipeline']) retrieved from /opt/airflow/dags/my_first_dag.py
[2026-03-14T02:53:12.014+0000] {logging_mixin.py:154} INFO - [2026-03-14T02:53:12.013+0000] {dag.py:2941} INFO - Sync 1 DAGs
[2026-03-14T02:53:12.024+0000] {logging_mixin.py:154} INFO - [2026-03-14T02:53:12.024+0000] {dag.py:3722} INFO - Setting next_dagrun for my_first_pipeline to None, run_after=None
[2026-03-14T02:53:12.044+0000] {processor.py:179} INFO - Processing /opt/airflow/dags/my_first_dag.py took 0.069 seconds
[2026-03-14T02:53:42.163+0000] {processor.py:157} INFO - Started process (PID=4308) to work on /opt/airflow/dags/my_first_dag.py
[2026-03-14T02:53:42.164+0000] {processor.py:829} INFO - Processing file /opt/airflow/dags/my_first_dag.py for tasks to queue
[2026-03-14T02:53:42.164+0000] {logging_mixin.py:154} INFO - [2026-03-14T02:53:42.164+0000] {dagbag.py:536} INFO - Filling up the DagBag from /opt/airflow/dags/my_first_dag.py
[2026-03-14T02:53:42.174+0000] {processor.py:839} INFO - DAG(s) dict_keys(['my_first_pipeline']) retrieved from /opt/airflow/dags/my_first_dag.py
[2026-03-14T02:53:42.202+0000] {logging_mixin.py:154} INFO - [2026-03-14T02:53:42.202+0000] {dag.py:2941} INFO - Sync 1 DAGs
[2026-03-14T02:53:42.215+0000] {logging_mixin.py:154} INFO - [2026-03-14T02:53:42.215+0000] {dag.py:3722} INFO - Setting next_dagrun for my_first_pipeline to None, run_after=None
[2026-03-14T02:53:42.236+0000] {processor.py:179} INFO - Processing /opt/airflow/dags/my_first_dag.py took 0.077 seconds
[2026-03-14T02:54:12.386+0000] {processor.py:157} INFO - Started process (PID=4320) to work on /opt/airflow/dags/my_first_dag.py
[2026-03-14T02:54:12.388+0000] {processor.py:829} INFO - Processing file /opt/airflow/dags/my_first_dag.py for tasks to queue
[2026-03-14T02:54:12.389+0000] {logging_mixin.py:154} INFO - [2026-03-14T02:54:12.388+0000] {dagbag.py:536} INFO - Filling up the DagBag from /opt/airflow/dags/my_first_dag.py
[2026-03-14T02:54:12.399+0000] {processor.py:839} INFO - DAG(s) dict_keys(['my_first_pipeline']) retrieved from /opt/airflow/dags/my_first_dag.py
[2026-03-14T02:54:12.434+0000] {logging_mixin.py:154} INFO - [2026-03-14T02:54:12.433+0000] {dag.py:2941} INFO - Sync 1 DAGs
[2026-03-14T02:54:12.448+0000] {logging_mixin.py:154} INFO - [2026-03-14T02:54:12.448+0000] {dag.py:3722} INFO - Setting next_dagrun for my_first_pipeline to None, run_after=None
[2026-03-14T02:54:12.471+0000] {processor.py:179} INFO - Processing /opt/airflow/dags/my_first_dag.py took 0.088 seconds
[2026-03-14T02:54:42.590+0000] {processor.py:157} INFO - Started process (PID=4332) to work on /opt/airflow/dags/my_first_dag.py
[2026-03-14T02:54:42.592+0000] {processor.py:829} INFO - Processing file /opt/airflow/dags/my_first_dag.py for tasks to queue
[2026-03-14T02:54:42.592+0000] {logging_mixin.py:154} INFO - [2026-03-14T02:54:42.592+0000] {dagbag.py:536} INFO - Filling up the DagBag from /opt/airflow/dags/my_first_dag.py
[2026-03-14T02:54:42.601+0000] {processor.py:839} INFO - DAG(s) dict_keys(['my_first_pipeline']) retrieved from /opt/airflow/dags/my_first_dag.py
[2026-03-14T02:54:42.625+0000] {logging_mixin.py:154} INFO - [2026-03-14T02:54:42.625+0000] {dag.py:2941} INFO - Sync 1 DAGs
[2026-03-14T02:54:42.636+0000] {logging_mixin.py:154} INFO - [2026-03-14T02:54:42.636+0000] {dag.py:3722} INFO - Setting next_dagrun for my_first_pipeline to None, run_after=None
[2026-03-14T02:54:42.652+0000] {processor.py:179} INFO - Processing /opt/airflow/dags/my_first_dag.py took 0.065 seconds
[2026-03-14T02:55:12.822+0000] {processor.py:157} INFO - Started process (PID=4344) to work on /opt/airflow/dags/my_first_dag.py
[2026-03-14T02:55:12.823+0000] {processor.py:829} INFO - Processing file /opt/airflow/dags/my_first_dag.py for tasks to queue
[2026-03-14T02:55:12.824+0000] {logging_mixin.py:154} INFO - [2026-03-14T02:55:12.824+0000] {dagbag.py:536} INFO - Filling up the DagBag from /opt/airflow/dags/my_first_dag.py
[2026-03-14T02:55:12.832+0000] {processor.py:839} INFO - DAG(s) dict_keys(['my_first_pipeline']) retrieved from /opt/airflow/dags/my_first_dag.py
[2026-03-14T02:55:12.857+0000] {logging_mixin.py:154} INFO - [2026-03-14T02:55:12.856+0000] {dag.py:2941} INFO - Sync 1 DAGs
[2026-03-14T02:55:12.867+0000] {logging_mixin.py:154} INFO - [2026-03-14T02:55:12.867+0000] {dag.py:3722} INFO - Setting next_dagrun for my_first_pipeline to None, run_after=None
[2026-03-14T02:55:12.886+0000] {processor.py:179} INFO - Processing /opt/airflow/dags/my_first_dag.py took 0.068 seconds
[2026-03-14T02:55:43.004+0000] {processor.py:157} INFO - Started process (PID=4356) to work on /opt/airflow/dags/my_first_dag.py
[2026-03-14T02:55:43.006+0000] {processor.py:829} INFO - Processing file /opt/airflow/dags/my_first_dag.py for tasks to queue
[2026-03-14T02:55:43.006+0000] {logging_mixin.py:154} INFO - [2026-03-14T02:55:43.006+0000] {dagbag.py:536} INFO - Filling up the DagBag from /opt/airflow/dags/my_first_dag.py
[2026-03-14T02:55:43.015+0000] {processor.py:839} INFO - DAG(s) dict_keys(['my_first_pipeline']) retrieved from /opt/airflow/dags/my_first_dag.py
[2026-03-14T02:55:43.040+0000] {logging_mixin.py:154} INFO - [2026-03-14T02:55:43.040+0000] {dag.py:2941} INFO - Sync 1 DAGs
[2026-03-14T02:55:43.052+0000] {logging_mixin.py:154} INFO - [2026-03-14T02:55:43.052+0000] {dag.py:3722} INFO - Setting next_dagrun for my_first_pipeline to None, run_after=None
[2026-03-14T02:55:43.070+0000] {processor.py:179} INFO - Processing /opt/airflow/dags/my_first_dag.py took 0.069 seconds
[2026-03-14T02:56:13.236+0000] {processor.py:157} INFO - Started process (PID=4368) to work on /opt/airflow/dags/my_first_dag.py
[2026-03-14T02:56:13.237+0000] {processor.py:829} INFO - Processing file /opt/airflow/dags/my_first_dag.py for tasks to queue
[2026-03-14T02:56:13.238+0000] {logging_mixin.py:154} INFO - [2026-03-14T02:56:13.238+0000] {dagbag.py:536} INFO - Filling up the DagBag from /opt/airflow/dags/my_first_dag.py
[2026-03-14T02:56:13.246+0000] {processor.py:839} INFO - DAG(s) dict_keys(['my_first_pipeline']) retrieved from /opt/airflow/dags/my_first_dag.py
[2026-03-14T02:56:13.270+0000] {logging_mixin.py:154} INFO - [2026-03-14T02:56:13.270+0000] {dag.py:2941} INFO - Sync 1 DAGs
[2026-03-14T02:56:13.281+0000] {logging_mixin.py:154} INFO - [2026-03-14T02:56:13.281+0000] {dag.py:3722} INFO - Setting next_dagrun for my_first_pipeline to None, run_after=None
[2026-03-14T02:56:13.296+0000] {processor.py:179} INFO - Processing /opt/airflow/dags/my_first_dag.py took 0.063 seconds
[2026-03-14T02:56:43.429+0000] {processor.py:157} INFO - Started process (PID=4380) to work on /opt/airflow/dags/my_first_dag.py
[2026-03-14T02:56:43.430+0000] {processor.py:829} INFO - Processing file /opt/airflow/dags/my_first_dag.py for tasks to queue
[2026-03-14T02:56:43.431+0000] {logging_mixin.py:154} INFO - [2026-03-14T02:56:43.431+0000] {dagbag.py:536} INFO - Filling up the DagBag from /opt/airflow/dags/my_first_dag.py
[2026-03-14T02:56:43.440+0000] {processor.py:839} INFO - DAG(s) dict_keys(['my_first_pipeline']) retrieved from /opt/airflow/dags/my_first_dag.py
[2026-03-14T02:56:43.466+0000] {logging_mixin.py:154} INFO - [2026-03-14T02:56:43.466+0000] {dag.py:2941} INFO - Sync 1 DAGs
[2026-03-14T02:56:43.477+0000] {logging_mixin.py:154} INFO - [2026-03-14T02:56:43.477+0000] {dag.py:3722} INFO - Setting next_dagrun for my_first_pipeline to None, run_after=None
[2026-03-14T02:56:43.494+0000] {processor.py:179} INFO - Processing /opt/airflow/dags/my_first_dag.py took 0.068 seconds
[2026-03-14T02:57:13.653+0000] {processor.py:157} INFO - Started process (PID=4392) to work on /opt/airflow/dags/my_first_dag.py
[2026-03-14T02:57:13.655+0000] {processor.py:829} INFO - Processing file /opt/airflow/dags/my_first_dag.py for tasks to queue
[2026-03-14T02:57:13.655+0000] {logging_mixin.py:154} INFO - [2026-03-14T02:57:13.655+0000] {dagbag.py:536} INFO - Filling up the DagBag from /opt/airflow/dags/my_first_dag.py
[2026-03-14T02:57:13.666+0000] {processor.py:839} INFO - DAG(s) dict_keys(['my_first_pipeline']) retrieved from /opt/airflow/dags/my_first_dag.py
[2026-03-14T02:57:13.695+0000] {logging_mixin.py:154} INFO - [2026-03-14T02:57:13.695+0000] {dag.py:2941} INFO - Sync 1 DAGs
[2026-03-14T02:57:13.709+0000] {logging_mixin.py:154} INFO - [2026-03-14T02:57:13.709+0000] {dag.py:3722} INFO - Setting next_dagrun for my_first_pipeline to None, run_after=None
[2026-03-14T02:57:13.733+0000] {processor.py:179} INFO - Processing /opt/airflow/dags/my_first_dag.py took 0.083 seconds
[2026-03-14T02:57:43.846+0000] {processor.py:157} INFO - Started process (PID=4404) to work on /opt/airflow/dags/my_first_dag.py
[2026-03-14T02:57:43.847+0000] {processor.py:829} INFO - Processing file /opt/airflow/dags/my_first_dag.py for tasks to queue
[2026-03-14T02:57:43.848+0000] {logging_mixin.py:154} INFO - [2026-03-14T02:57:43.848+0000] {dagbag.py:536} INFO - Filling up the DagBag from /opt/airflow/dags/my_first_dag.py
[2026-03-14T02:57:43.858+0000] {processor.py:839} INFO - DAG(s) dict_keys(['my_first_pipeline']) retrieved from /opt/airflow/dags/my_first_dag.py
[2026-03-14T02:57:43.888+0000] {logging_mixin.py:154} INFO - [2026-03-14T02:57:43.888+0000] {dag.py:2941} INFO - Sync 1 DAGs
[2026-03-14T02:57:43.901+0000] {logging_mixin.py:154} INFO - [2026-03-14T02:57:43.901+0000] {dag.py:3722} INFO - Setting next_dagrun for my_first_pipeline to None, run_after=None
[2026-03-14T02:57:43.925+0000] {processor.py:179} INFO - Processing /opt/airflow/dags/my_first_dag.py took 0.083 seconds
[2026-03-14T02:58:14.087+0000] {processor.py:157} INFO - Started process (PID=4416) to work on /opt/airflow/dags/my_first_dag.py
[2026-03-14T02:58:14.088+0000] {processor.py:829} INFO - Processing file /opt/airflow/dags/my_first_dag.py for tasks to queue
[2026-03-14T02:58:14.089+0000] {logging_mixin.py:154} INFO - [2026-03-14T02:58:14.089+0000] {dagbag.py:536} INFO - Filling up the DagBag from /opt/airflow/dags/my_first_dag.py
[2026-03-14T02:58:14.100+0000] {processor.py:839} INFO - DAG(s) dict_keys(['my_first_pipeline']) retrieved from /opt/airflow/dags/my_first_dag.py
[2026-03-14T02:58:14.132+0000] {logging_mixin.py:154} INFO - [2026-03-14T02:58:14.131+0000] {dag.py:2941} INFO - Sync 1 DAGs
[2026-03-14T02:58:14.145+0000] {logging_mixin.py:154} INFO - [2026-03-14T02:58:14.145+0000] {dag.py:3722} INFO - Setting next_dagrun for my_first_pipeline to None, run_after=None
[2026-03-14T02:58:14.171+0000] {processor.py:179} INFO - Processing /opt/airflow/dags/my_first_dag.py took 0.088 seconds
[2026-03-14T02:58:44.285+0000] {processor.py:157} INFO - Started process (PID=4428) to work on /opt/airflow/dags/my_first_dag.py
[2026-03-14T02:58:44.286+0000] {processor.py:829} INFO - Processing file /opt/airflow/dags/my_first_dag.py for tasks to queue
[2026-03-14T02:58:44.287+0000] {logging_mixin.py:154} INFO - [2026-03-14T02:58:44.287+0000] {dagbag.py:536} INFO - Filling up the DagBag from /opt/airflow/dags/my_first_dag.py
[2026-03-14T02:58:44.296+0000] {processor.py:839} INFO - DAG(s) dict_keys(['my_first_pipeline']) retrieved from /opt/airflow/dags/my_first_dag.py
[2026-03-14T02:58:44.322+0000] {logging_mixin.py:154} INFO - [2026-03-14T02:58:44.321+0000] {dag.py:2941} INFO - Sync 1 DAGs
[2026-03-14T02:58:44.333+0000] {logging_mixin.py:154} INFO - [2026-03-14T02:58:44.333+0000] {dag.py:3722} INFO - Setting next_dagrun for my_first_pipeline to None, run_after=None
[2026-03-14T02:58:44.349+0000] {processor.py:179} INFO - Processing /opt/airflow/dags/my_first_dag.py took 0.067 seconds
[2026-03-14T02:59:14.531+0000] {processor.py:157} INFO - Started process (PID=4440) to work on /opt/airflow/dags/my_first_dag.py
[2026-03-14T02:59:14.532+0000] {processor.py:829} INFO - Processing file /opt/airflow/dags/my_first_dag.py for tasks to queue
[2026-03-14T02:59:14.533+0000] {logging_mixin.py:154} INFO - [2026-03-14T02:59:14.533+0000] {dagbag.py:536} INFO - Filling up the DagBag from /opt/airflow/dags/my_first_dag.py
[2026-03-14T02:59:14.541+0000] {processor.py:839} INFO - DAG(s) dict_keys(['my_first_pipeline']) retrieved from /opt/airflow/dags/my_first_dag.py
[2026-03-14T02:59:14.565+0000] {logging_mixin.py:154} INFO - [2026-03-14T02:59:14.564+0000] {dag.py:2941} INFO - Sync 1 DAGs
[2026-03-14T02:59:14.575+0000] {logging_mixin.py:154} INFO - [2026-03-14T02:59:14.574+0000] {dag.py:3722} INFO - Setting next_dagrun for my_first_pipeline to None, run_after=None
[2026-03-14T02:59:14.590+0000] {processor.py:179} INFO - Processing /opt/airflow/dags/my_first_dag.py took 0.062 seconds
[2026-03-14T02:59:44.711+0000] {processor.py:157} INFO - Started process (PID=4452) to work on /opt/airflow/dags/my_first_dag.py
[2026-03-14T02:59:44.714+0000] {processor.py:829} INFO - Processing file /opt/airflow/dags/my_first_dag.py for tasks to queue
[2026-03-14T02:59:44.714+0000] {logging_mixin.py:154} INFO - [2026-03-14T02:59:44.714+0000] {dagbag.py:536} INFO - Filling up the DagBag from /opt/airflow/dags/my_first_dag.py
[2026-03-14T02:59:44.723+0000] {processor.py:839} INFO - DAG(s) dict_keys(['my_first_pipeline']) retrieved from /opt/airflow/dags/my_first_dag.py
[2026-03-14T02:59:44.747+0000] {logging_mixin.py:154} INFO - [2026-03-14T02:59:44.747+0000] {dag.py:2941} INFO - Sync 1 DAGs
[2026-03-14T02:59:44.759+0000] {logging_mixin.py:154} INFO - [2026-03-14T02:59:44.759+0000] {dag.py:3722} INFO - Setting next_dagrun for my_first_pipeline to None, run_after=None
[2026-03-14T02:59:44.776+0000] {processor.py:179} INFO - Processing /opt/airflow/dags/my_first_dag.py took 0.068 seconds
[2026-03-14T03:00:14.936+0000] {processor.py:157} INFO - Started process (PID=4464) to work on /opt/airflow/dags/my_first_dag.py
[2026-03-14T03:00:14.937+0000] {processor.py:829} INFO - Processing file /opt/airflow/dags/my_first_dag.py for tasks to queue
[2026-03-14T03:00:14.938+0000] {logging_mixin.py:154} INFO - [2026-03-14T03:00:14.938+0000] {dagbag.py:536} INFO - Filling up the DagBag from /opt/airflow/dags/my_first_dag.py
[2026-03-14T03:00:14.947+0000] {processor.py:839} INFO - DAG(s) dict_keys(['my_first_pipeline']) retrieved from /opt/airflow/dags/my_first_dag.py
[2026-03-14T03:00:14.973+0000] {logging_mixin.py:154} INFO - [2026-03-14T03:00:14.972+0000] {dag.py:2941} INFO - Sync 1 DAGs
[2026-03-14T03:00:14.984+0000] {logging_mixin.py:154} INFO - [2026-03-14T03:00:14.984+0000] {dag.py:3722} INFO - Setting next_dagrun for my_first_pipeline to None, run_after=None
[2026-03-14T03:00:15.001+0000] {processor.py:179} INFO - Processing /opt/airflow/dags/my_first_dag.py took 0.067 seconds
[2026-03-14T03:00:45.127+0000] {processor.py:157} INFO - Started process (PID=4476) to work on /opt/airflow/dags/my_first_dag.py
[2026-03-14T03:00:45.128+0000] {processor.py:829} INFO - Processing file /opt/airflow/dags/my_first_dag.py for tasks to queue
[2026-03-14T03:00:45.128+0000] {logging_mixin.py:154} INFO - [2026-03-14T03:00:45.128+0000] {dagbag.py:536} INFO - Filling up the DagBag from /opt/airflow/dags/my_first_dag.py
[2026-03-14T03:00:45.138+0000] {processor.py:839} INFO - DAG(s) dict_keys(['my_first_pipeline']) retrieved from /opt/airflow/dags/my_first_dag.py
[2026-03-14T03:00:45.161+0000] {logging_mixin.py:154} INFO - [2026-03-14T03:00:45.161+0000] {dag.py:2941} INFO - Sync 1 DAGs
[2026-03-14T03:00:45.172+0000] {logging_mixin.py:154} INFO - [2026-03-14T03:00:45.172+0000] {dag.py:3722} INFO - Setting next_dagrun for my_first_pipeline to None, run_after=None
[2026-03-14T03:00:45.187+0000] {processor.py:179} INFO - Processing /opt/airflow/dags/my_first_dag.py took 0.063 seconds
[2026-03-14T03:01:15.339+0000] {processor.py:157} INFO - Started process (PID=4488) to work on /opt/airflow/dags/my_first_dag.py
[2026-03-14T03:01:15.340+0000] {processor.py:829} INFO - Processing file /opt/airflow/dags/my_first_dag.py for tasks to queue
[2026-03-14T03:01:15.342+0000] {logging_mixin.py:154} INFO - [2026-03-14T03:01:15.341+0000] {dagbag.py:536} INFO - Filling up the DagBag from /opt/airflow/dags/my_first_dag.py
[2026-03-14T03:01:15.352+0000] {processor.py:839} INFO - DAG(s) dict_keys(['my_first_pipeline']) retrieved from /opt/airflow/dags/my_first_dag.py
[2026-03-14T03:01:15.380+0000] {logging_mixin.py:154} INFO - [2026-03-14T03:01:15.380+0000] {dag.py:2941} INFO - Sync 1 DAGs
[2026-03-14T03:01:15.393+0000] {logging_mixin.py:154} INFO - [2026-03-14T03:01:15.393+0000] {dag.py:3722} INFO - Setting next_dagrun for my_first_pipeline to None, run_after=None
[2026-03-14T03:01:15.415+0000] {processor.py:179} INFO - Processing /opt/airflow/dags/my_first_dag.py took 0.079 seconds
[2026-03-14T03:01:45.537+0000] {processor.py:157} INFO - Started process (PID=4500) to work on /opt/airflow/dags/my_first_dag.py
[2026-03-14T03:01:45.538+0000] {processor.py:829} INFO - Processing file /opt/airflow/dags/my_first_dag.py for tasks to queue
[2026-03-14T03:01:45.539+0000] {logging_mixin.py:154} INFO - [2026-03-14T03:01:45.538+0000] {dagbag.py:536} INFO - Filling up the DagBag from /opt/airflow/dags/my_first_dag.py
[2026-03-14T03:01:45.548+0000] {processor.py:839} INFO - DAG(s) dict_keys(['my_first_pipeline']) retrieved from /opt/airflow/dags/my_first_dag.py
[2026-03-14T03:01:45.580+0000] {logging_mixin.py:154} INFO - [2026-03-14T03:01:45.580+0000] {dag.py:2941} INFO - Sync 1 DAGs
[2026-03-14T03:01:45.593+0000] {logging_mixin.py:154} INFO - [2026-03-14T03:01:45.593+0000] {dag.py:3722} INFO - Setting next_dagrun for my_first_pipeline to None, run_after=None
[2026-03-14T03:01:45.615+0000] {processor.py:179} INFO - Processing /opt/airflow/dags/my_first_dag.py took 0.082 seconds
[2026-03-14T03:02:15.773+0000] {processor.py:157} INFO - Started process (PID=4513) to work on /opt/airflow/dags/my_first_dag.py
[2026-03-14T03:02:15.774+0000] {processor.py:829} INFO - Processing file /opt/airflow/dags/my_first_dag.py for tasks to queue
[2026-03-14T03:02:15.775+0000] {logging_mixin.py:154} INFO - [2026-03-14T03:02:15.775+0000] {dagbag.py:536} INFO - Filling up the DagBag from /opt/airflow/dags/my_first_dag.py
[2026-03-14T03:02:15.785+0000] {processor.py:839} INFO - DAG(s) dict_keys(['my_first_pipeline']) retrieved from /opt/airflow/dags/my_first_dag.py
[2026-03-14T03:02:15.814+0000] {logging_mixin.py:154} INFO - [2026-03-14T03:02:15.814+0000] {dag.py:2941} INFO - Sync 1 DAGs
[2026-03-14T03:02:15.827+0000] {logging_mixin.py:154} INFO - [2026-03-14T03:02:15.826+0000] {dag.py:3722} INFO - Setting next_dagrun for my_first_pipeline to None, run_after=None
[2026-03-14T03:02:15.849+0000] {processor.py:179} INFO - Processing /opt/airflow/dags/my_first_dag.py took 0.079 seconds
[2026-03-14T03:02:45.967+0000] {processor.py:157} INFO - Started process (PID=4525) to work on /opt/airflow/dags/my_first_dag.py
[2026-03-14T03:02:45.968+0000] {processor.py:829} INFO - Processing file /opt/airflow/dags/my_first_dag.py for tasks to queue
[2026-03-14T03:02:45.969+0000] {logging_mixin.py:154} INFO - [2026-03-14T03:02:45.969+0000] {dagbag.py:536} INFO - Filling up the DagBag from /opt/airflow/dags/my_first_dag.py
[2026-03-14T03:02:45.979+0000] {processor.py:839} INFO - DAG(s) dict_keys(['my_first_pipeline']) retrieved from /opt/airflow/dags/my_first_dag.py
[2026-03-14T03:02:46.006+0000] {logging_mixin.py:154} INFO - [2026-03-14T03:02:46.005+0000] {dag.py:2941} INFO - Sync 1 DAGs
[2026-03-14T03:02:46.016+0000] {logging_mixin.py:154} INFO - [2026-03-14T03:02:46.016+0000] {dag.py:3722} INFO - Setting next_dagrun for my_first_pipeline to None, run_after=None
[2026-03-14T03:02:46.032+0000] {processor.py:179} INFO - Processing /opt/airflow/dags/my_first_dag.py took 0.069 seconds
[2026-03-14T03:03:16.242+0000] {processor.py:157} INFO - Started process (PID=4537) to work on /opt/airflow/dags/my_first_dag.py
[2026-03-14T03:03:16.243+0000] {processor.py:829} INFO - Processing file /opt/airflow/dags/my_first_dag.py for tasks to queue
[2026-03-14T03:03:16.244+0000] {logging_mixin.py:154} INFO - [2026-03-14T03:03:16.244+0000] {dagbag.py:536} INFO - Filling up the DagBag from /opt/airflow/dags/my_first_dag.py
[2026-03-14T03:03:16.253+0000] {processor.py:839} INFO - DAG(s) dict_keys(['my_first_pipeline']) retrieved from /opt/airflow/dags/my_first_dag.py
[2026-03-14T03:03:16.276+0000] {logging_mixin.py:154} INFO - [2026-03-14T03:03:16.276+0000] {dag.py:2941} INFO - Sync 1 DAGs
[2026-03-14T03:03:16.286+0000] {logging_mixin.py:154} INFO - [2026-03-14T03:03:16.286+0000] {dag.py:3722} INFO - Setting next_dagrun for my_first_pipeline to None, run_after=None
[2026-03-14T03:03:16.301+0000] {processor.py:179} INFO - Processing /opt/airflow/dags/my_first_dag.py took 0.064 seconds
[2026-03-14T03:03:46.444+0000] {processor.py:157} INFO - Started process (PID=4549) to work on /opt/airflow/dags/my_first_dag.py
[2026-03-14T03:03:46.445+0000] {processor.py:829} INFO - Processing file /opt/airflow/dags/my_first_dag.py for tasks to queue
[2026-03-14T03:03:46.446+0000] {logging_mixin.py:154} INFO - [2026-03-14T03:03:46.445+0000] {dagbag.py:536} INFO - Filling up the DagBag from /opt/airflow/dags/my_first_dag.py
[2026-03-14T03:03:46.454+0000] {processor.py:839} INFO - DAG(s) dict_keys(['my_first_pipeline']) retrieved from /opt/airflow/dags/my_first_dag.py
[2026-03-14T03:03:46.482+0000] {logging_mixin.py:154} INFO - [2026-03-14T03:03:46.481+0000] {dag.py:2941} INFO - Sync 1 DAGs
[2026-03-14T03:03:46.494+0000] {logging_mixin.py:154} INFO - [2026-03-14T03:03:46.493+0000] {dag.py:3722} INFO - Setting next_dagrun for my_first_pipeline to None, run_after=None
[2026-03-14T03:03:46.512+0000] {processor.py:179} INFO - Processing /opt/airflow/dags/my_first_dag.py took 0.070 seconds
[2026-03-14T03:04:16.678+0000] {processor.py:157} INFO - Started process (PID=4561) to work on /opt/airflow/dags/my_first_dag.py
[2026-03-14T03:04:16.679+0000] {processor.py:829} INFO - Processing file /opt/airflow/dags/my_first_dag.py for tasks to queue
[2026-03-14T03:04:16.680+0000] {logging_mixin.py:154} INFO - [2026-03-14T03:04:16.680+0000] {dagbag.py:536} INFO - Filling up the DagBag from /opt/airflow/dags/my_first_dag.py
[2026-03-14T03:04:16.690+0000] {processor.py:839} INFO - DAG(s) dict_keys(['my_first_pipeline']) retrieved from /opt/airflow/dags/my_first_dag.py
[2026-03-14T03:04:16.713+0000] {logging_mixin.py:154} INFO - [2026-03-14T03:04:16.712+0000] {dag.py:2941} INFO - Sync 1 DAGs
[2026-03-14T03:04:16.724+0000] {logging_mixin.py:154} INFO - [2026-03-14T03:04:16.723+0000] {dag.py:3722} INFO - Setting next_dagrun for my_first_pipeline to None, run_after=None
[2026-03-14T03:04:16.738+0000] {processor.py:179} INFO - Processing /opt/airflow/dags/my_first_dag.py took 0.065 seconds
[2026-03-14T03:04:46.876+0000] {processor.py:157} INFO - Started process (PID=4573) to work on /opt/airflow/dags/my_first_dag.py
[2026-03-14T03:04:46.877+0000] {processor.py:829} INFO - Processing file /opt/airflow/dags/my_first_dag.py for tasks to queue
[2026-03-14T03:04:46.878+0000] {logging_mixin.py:154} INFO - [2026-03-14T03:04:46.878+0000] {dagbag.py:536} INFO - Filling up the DagBag from /opt/airflow/dags/my_first_dag.py
[2026-03-14T03:04:46.886+0000] {processor.py:839} INFO - DAG(s) dict_keys(['my_first_pipeline']) retrieved from /opt/airflow/dags/my_first_dag.py
[2026-03-14T03:04:46.910+0000] {logging_mixin.py:154} INFO - [2026-03-14T03:04:46.910+0000] {dag.py:2941} INFO - Sync 1 DAGs
[2026-03-14T03:04:46.921+0000] {logging_mixin.py:154} INFO - [2026-03-14T03:04:46.921+0000] {dag.py:3722} INFO - Setting next_dagrun for my_first_pipeline to None, run_after=None
[2026-03-14T03:04:46.935+0000] {processor.py:179} INFO - Processing /opt/airflow/dags/my_first_dag.py took 0.062 seconds
[2026-03-14T03:05:17.116+0000] {processor.py:157} INFO - Started process (PID=4585) to work on /opt/airflow/dags/my_first_dag.py
[2026-03-14T03:05:17.117+0000] {processor.py:829} INFO - Processing file /opt/airflow/dags/my_first_dag.py for tasks to queue
[2026-03-14T03:05:17.118+0000] {logging_mixin.py:154} INFO - [2026-03-14T03:05:17.118+0000] {dagbag.py:536} INFO - Filling up the DagBag from /opt/airflow/dags/my_first_dag.py
[2026-03-14T03:05:17.128+0000] {processor.py:839} INFO - DAG(s) dict_keys(['my_first_pipeline']) retrieved from /opt/airflow/dags/my_first_dag.py
[2026-03-14T03:05:17.156+0000] {logging_mixin.py:154} INFO - [2026-03-14T03:05:17.156+0000] {dag.py:2941} INFO - Sync 1 DAGs
[2026-03-14T03:05:17.169+0000] {logging_mixin.py:154} INFO - [2026-03-14T03:05:17.168+0000] {dag.py:3722} INFO - Setting next_dagrun for my_first_pipeline to None, run_after=None
[2026-03-14T03:05:17.190+0000] {processor.py:179} INFO - Processing /opt/airflow/dags/my_first_dag.py took 0.077 seconds
[2026-03-14T03:05:47.291+0000] {processor.py:157} INFO - Started process (PID=4597) to work on /opt/airflow/dags/my_first_dag.py
[2026-03-14T03:05:47.292+0000] {processor.py:829} INFO - Processing file /opt/airflow/dags/my_first_dag.py for tasks to queue
[2026-03-14T03:05:47.293+0000] {logging_mixin.py:154} INFO - [2026-03-14T03:05:47.293+0000] {dagbag.py:536} INFO - Filling up the DagBag from /opt/airflow/dags/my_first_dag.py
[2026-03-14T03:05:47.303+0000] {processor.py:839} INFO - DAG(s) dict_keys(['my_first_pipeline']) retrieved from /opt/airflow/dags/my_first_dag.py
[2026-03-14T03:05:47.331+0000] {logging_mixin.py:154} INFO - [2026-03-14T03:05:47.331+0000] {dag.py:2941} INFO - Sync 1 DAGs
[2026-03-14T03:05:47.343+0000] {logging_mixin.py:154} INFO - [2026-03-14T03:05:47.342+0000] {dag.py:3722} INFO - Setting next_dagrun for my_first_pipeline to None, run_after=None
[2026-03-14T03:05:47.364+0000] {processor.py:179} INFO - Processing /opt/airflow/dags/my_first_dag.py took 0.076 seconds
[2026-03-14T03:06:17.463+0000] {processor.py:157} INFO - Started process (PID=4609) to work on /opt/airflow/dags/my_first_dag.py
[2026-03-14T03:06:17.464+0000] {processor.py:829} INFO - Processing file /opt/airflow/dags/my_first_dag.py for tasks to queue
[2026-03-14T03:06:17.465+0000] {logging_mixin.py:154} INFO - [2026-03-14T03:06:17.464+0000] {dagbag.py:536} INFO - Filling up the DagBag from /opt/airflow/dags/my_first_dag.py
[2026-03-14T03:06:17.473+0000] {processor.py:839} INFO - DAG(s) dict_keys(['my_first_pipeline']) retrieved from /opt/airflow/dags/my_first_dag.py
[2026-03-14T03:06:17.497+0000] {logging_mixin.py:154} INFO - [2026-03-14T03:06:17.497+0000] {dag.py:2941} INFO - Sync 1 DAGs
[2026-03-14T03:06:17.507+0000] {logging_mixin.py:154} INFO - [2026-03-14T03:06:17.507+0000] {dag.py:3722} INFO - Setting next_dagrun for my_first_pipeline to None, run_after=None
[2026-03-14T03:06:17.523+0000] {processor.py:179} INFO - Processing /opt/airflow/dags/my_first_dag.py took 0.063 seconds
[2026-03-14T03:06:47.662+0000] {processor.py:157} INFO - Started process (PID=4621) to work on /opt/airflow/dags/my_first_dag.py
[2026-03-14T03:06:47.663+0000] {processor.py:829} INFO - Processing file /opt/airflow/dags/my_first_dag.py for tasks to queue
[2026-03-14T03:06:47.663+0000] {logging_mixin.py:154} INFO - [2026-03-14T03:06:47.663+0000] {dagbag.py:536} INFO - Filling up the DagBag from /opt/airflow/dags/my_first_dag.py
[2026-03-14T03:06:47.671+0000] {processor.py:839} INFO - DAG(s) dict_keys(['my_first_pipeline']) retrieved from /opt/airflow/dags/my_first_dag.py
[2026-03-14T03:06:47.695+0000] {logging_mixin.py:154} INFO - [2026-03-14T03:06:47.695+0000] {dag.py:2941} INFO - Sync 1 DAGs
[2026-03-14T03:06:47.706+0000] {logging_mixin.py:154} INFO - [2026-03-14T03:06:47.706+0000] {dag.py:3722} INFO - Setting next_dagrun for my_first_pipeline to None, run_after=None
[2026-03-14T03:06:47.723+0000] {processor.py:179} INFO - Processing /opt/airflow/dags/my_first_dag.py took 0.064 seconds
[2026-03-14T03:07:17.882+0000] {processor.py:157} INFO - Started process (PID=4633) to work on /opt/airflow/dags/my_first_dag.py
[2026-03-14T03:07:17.883+0000] {processor.py:829} INFO - Processing file /opt/airflow/dags/my_first_dag.py for tasks to queue
[2026-03-14T03:07:17.883+0000] {logging_mixin.py:154} INFO - [2026-03-14T03:07:17.883+0000] {dagbag.py:536} INFO - Filling up the DagBag from /opt/airflow/dags/my_first_dag.py
[2026-03-14T03:07:17.892+0000] {processor.py:839} INFO - DAG(s) dict_keys(['my_first_pipeline']) retrieved from /opt/airflow/dags/my_first_dag.py
[2026-03-14T03:07:17.915+0000] {logging_mixin.py:154} INFO - [2026-03-14T03:07:17.915+0000] {dag.py:2941} INFO - Sync 1 DAGs
[2026-03-14T03:07:17.926+0000] {logging_mixin.py:154} INFO - [2026-03-14T03:07:17.926+0000] {dag.py:3722} INFO - Setting next_dagrun for my_first_pipeline to None, run_after=None
[2026-03-14T03:07:17.943+0000] {processor.py:179} INFO - Processing /opt/airflow/dags/my_first_dag.py took 0.065 seconds
[2026-03-14T03:07:48.092+0000] {processor.py:157} INFO - Started process (PID=4645) to work on /opt/airflow/dags/my_first_dag.py
[2026-03-14T03:07:48.093+0000] {processor.py:829} INFO - Processing file /opt/airflow/dags/my_first_dag.py for tasks to queue
[2026-03-14T03:07:48.094+0000] {logging_mixin.py:154} INFO - [2026-03-14T03:07:48.094+0000] {dagbag.py:536} INFO - Filling up the DagBag from /opt/airflow/dags/my_first_dag.py
[2026-03-14T03:07:48.103+0000] {processor.py:839} INFO - DAG(s) dict_keys(['my_first_pipeline']) retrieved from /opt/airflow/dags/my_first_dag.py
[2026-03-14T03:07:48.125+0000] {logging_mixin.py:154} INFO - [2026-03-14T03:07:48.125+0000] {dag.py:2941} INFO - Sync 1 DAGs
[2026-03-14T03:07:48.135+0000] {logging_mixin.py:154} INFO - [2026-03-14T03:07:48.135+0000] {dag.py:3722} INFO - Setting next_dagrun for my_first_pipeline to None, run_after=None
[2026-03-14T03:07:48.151+0000] {processor.py:179} INFO - Processing /opt/airflow/dags/my_first_dag.py took 0.062 seconds
[2026-03-14T03:08:18.314+0000] {processor.py:157} INFO - Started process (PID=4656) to work on /opt/airflow/dags/my_first_dag.py
[2026-03-14T03:08:18.315+0000] {processor.py:829} INFO - Processing file /opt/airflow/dags/my_first_dag.py for tasks to queue
[2026-03-14T03:08:18.315+0000] {logging_mixin.py:154} INFO - [2026-03-14T03:08:18.315+0000] {dagbag.py:536} INFO - Filling up the DagBag from /opt/airflow/dags/my_first_dag.py
[2026-03-14T03:08:18.324+0000] {processor.py:839} INFO - DAG(s) dict_keys(['my_first_pipeline']) retrieved from /opt/airflow/dags/my_first_dag.py
[2026-03-14T03:08:18.347+0000] {logging_mixin.py:154} INFO - [2026-03-14T03:08:18.347+0000] {dag.py:2941} INFO - Sync 1 DAGs
[2026-03-14T03:08:18.359+0000] {logging_mixin.py:154} INFO - [2026-03-14T03:08:18.359+0000] {dag.py:3722} INFO - Setting next_dagrun for my_first_pipeline to None, run_after=None
[2026-03-14T03:08:18.374+0000] {processor.py:179} INFO - Processing /opt/airflow/dags/my_first_dag.py took 0.063 seconds
[2026-03-14T03:08:48.491+0000] {processor.py:157} INFO - Started process (PID=4668) to work on /opt/airflow/dags/my_first_dag.py
[2026-03-14T03:08:48.492+0000] {processor.py:829} INFO - Processing file /opt/airflow/dags/my_first_dag.py for tasks to queue
[2026-03-14T03:08:48.493+0000] {logging_mixin.py:154} INFO - [2026-03-14T03:08:48.493+0000] {dagbag.py:536} INFO - Filling up the DagBag from /opt/airflow/dags/my_first_dag.py
[2026-03-14T03:08:48.501+0000] {processor.py:839} INFO - DAG(s) dict_keys(['my_first_pipeline']) retrieved from /opt/airflow/dags/my_first_dag.py
[2026-03-14T03:08:48.526+0000] {logging_mixin.py:154} INFO - [2026-03-14T03:08:48.526+0000] {dag.py:2941} INFO - Sync 1 DAGs
[2026-03-14T03:08:48.537+0000] {logging_mixin.py:154} INFO - [2026-03-14T03:08:48.537+0000] {dag.py:3722} INFO - Setting next_dagrun for my_first_pipeline to None, run_after=None
[2026-03-14T03:08:48.553+0000] {processor.py:179} INFO - Processing /opt/airflow/dags/my_first_dag.py took 0.065 seconds
[2026-03-14T03:09:18.739+0000] {processor.py:157} INFO - Started process (PID=4679) to work on /opt/airflow/dags/my_first_dag.py
[2026-03-14T03:09:18.740+0000] {processor.py:829} INFO - Processing file /opt/airflow/dags/my_first_dag.py for tasks to queue
[2026-03-14T03:09:18.741+0000] {logging_mixin.py:154} INFO - [2026-03-14T03:09:18.741+0000] {dagbag.py:536} INFO - Filling up the DagBag from /opt/airflow/dags/my_first_dag.py
[2026-03-14T03:09:18.750+0000] {processor.py:839} INFO - DAG(s) dict_keys(['my_first_pipeline']) retrieved from /opt/airflow/dags/my_first_dag.py
[2026-03-14T03:09:18.777+0000] {logging_mixin.py:154} INFO - [2026-03-14T03:09:18.777+0000] {dag.py:2941} INFO - Sync 1 DAGs
[2026-03-14T03:09:18.790+0000] {logging_mixin.py:154} INFO - [2026-03-14T03:09:18.790+0000] {dag.py:3722} INFO - Setting next_dagrun for my_first_pipeline to None, run_after=None
[2026-03-14T03:09:18.811+0000] {processor.py:179} INFO - Processing /opt/airflow/dags/my_first_dag.py took 0.075 seconds
[2026-03-14T03:09:48.926+0000] {processor.py:157} INFO - Started process (PID=4691) to work on /opt/airflow/dags/my_first_dag.py
[2026-03-14T03:09:48.927+0000] {processor.py:829} INFO - Processing file /opt/airflow/dags/my_first_dag.py for tasks to queue
[2026-03-14T03:09:48.928+0000] {logging_mixin.py:154} INFO - [2026-03-14T03:09:48.928+0000] {dagbag.py:536} INFO - Filling up the DagBag from /opt/airflow/dags/my_first_dag.py
[2026-03-14T03:09:48.938+0000] {processor.py:839} INFO - DAG(s) dict_keys(['my_first_pipeline']) retrieved from /opt/airflow/dags/my_first_dag.py
[2026-03-14T03:09:48.966+0000] {logging_mixin.py:154} INFO - [2026-03-14T03:09:48.966+0000] {dag.py:2941} INFO - Sync 1 DAGs
[2026-03-14T03:09:48.978+0000] {logging_mixin.py:154} INFO - [2026-03-14T03:09:48.978+0000] {dag.py:3722} INFO - Setting next_dagrun for my_first_pipeline to None, run_after=None
[2026-03-14T03:09:49.001+0000] {processor.py:179} INFO - Processing /opt/airflow/dags/my_first_dag.py took 0.078 seconds
[2026-03-14T03:10:19.147+0000] {processor.py:157} INFO - Started process (PID=4703) to work on /opt/airflow/dags/my_first_dag.py
[2026-03-14T03:10:19.148+0000] {processor.py:829} INFO - Processing file /opt/airflow/dags/my_first_dag.py for tasks to queue
[2026-03-14T03:10:19.149+0000] {logging_mixin.py:154} INFO - [2026-03-14T03:10:19.148+0000] {dagbag.py:536} INFO - Filling up the DagBag from /opt/airflow/dags/my_first_dag.py
[2026-03-14T03:10:19.158+0000] {processor.py:839} INFO - DAG(s) dict_keys(['my_first_pipeline']) retrieved from /opt/airflow/dags/my_first_dag.py
[2026-03-14T03:10:19.183+0000] {logging_mixin.py:154} INFO - [2026-03-14T03:10:19.183+0000] {dag.py:2941} INFO - Sync 1 DAGs
[2026-03-14T03:10:19.196+0000] {logging_mixin.py:154} INFO - [2026-03-14T03:10:19.196+0000] {dag.py:3722} INFO - Setting next_dagrun for my_first_pipeline to None, run_after=None
[2026-03-14T03:10:19.225+0000] {processor.py:179} INFO - Processing /opt/airflow/dags/my_first_dag.py took 0.082 seconds
[2026-03-14T03:10:49.364+0000] {processor.py:157} INFO - Started process (PID=4715) to work on /opt/airflow/dags/my_first_dag.py
[2026-03-14T03:10:49.366+0000] {processor.py:829} INFO - Processing file /opt/airflow/dags/my_first_dag.py for tasks to queue
[2026-03-14T03:10:49.366+0000] {logging_mixin.py:154} INFO - [2026-03-14T03:10:49.366+0000] {dagbag.py:536} INFO - Filling up the DagBag from /opt/airflow/dags/my_first_dag.py
[2026-03-14T03:10:49.375+0000] {processor.py:839} INFO - DAG(s) dict_keys(['my_first_pipeline']) retrieved from /opt/airflow/dags/my_first_dag.py
[2026-03-14T03:10:49.399+0000] {logging_mixin.py:154} INFO - [2026-03-14T03:10:49.399+0000] {dag.py:2941} INFO - Sync 1 DAGs
[2026-03-14T03:10:49.410+0000] {logging_mixin.py:154} INFO - [2026-03-14T03:10:49.410+0000] {dag.py:3722} INFO - Setting next_dagrun for my_first_pipeline to None, run_after=None
[2026-03-14T03:10:49.425+0000] {processor.py:179} INFO - Processing /opt/airflow/dags/my_first_dag.py took 0.064 seconds
[2026-03-14T03:11:19.648+0000] {processor.py:157} INFO - Started process (PID=4726) to work on /opt/airflow/dags/my_first_dag.py
[2026-03-14T03:11:19.650+0000] {processor.py:829} INFO - Processing file /opt/airflow/dags/my_first_dag.py for tasks to queue
[2026-03-14T03:11:19.651+0000] {logging_mixin.py:154} INFO - [2026-03-14T03:11:19.651+0000] {dagbag.py:536} INFO - Filling up the DagBag from /opt/airflow/dags/my_first_dag.py
[2026-03-14T03:11:19.662+0000] {processor.py:839} INFO - DAG(s) dict_keys(['my_first_pipeline']) retrieved from /opt/airflow/dags/my_first_dag.py
[2026-03-14T03:11:19.685+0000] {logging_mixin.py:154} INFO - [2026-03-14T03:11:19.685+0000] {dag.py:2941} INFO - Sync 1 DAGs
[2026-03-14T03:11:19.697+0000] {logging_mixin.py:154} INFO - [2026-03-14T03:11:19.697+0000] {dag.py:3722} INFO - Setting next_dagrun for my_first_pipeline to None, run_after=None
[2026-03-14T03:11:19.712+0000] {processor.py:179} INFO - Processing /opt/airflow/dags/my_first_dag.py took 0.068 seconds
[2026-03-14T03:11:49.878+0000] {processor.py:157} INFO - Started process (PID=4738) to work on /opt/airflow/dags/my_first_dag.py
[2026-03-14T03:11:49.880+0000] {processor.py:829} INFO - Processing file /opt/airflow/dags/my_first_dag.py for tasks to queue
[2026-03-14T03:11:49.880+0000] {logging_mixin.py:154} INFO - [2026-03-14T03:11:49.880+0000] {dagbag.py:536} INFO - Filling up the DagBag from /opt/airflow/dags/my_first_dag.py
[2026-03-14T03:11:49.890+0000] {processor.py:839} INFO - DAG(s) dict_keys(['my_first_pipeline']) retrieved from /opt/airflow/dags/my_first_dag.py
[2026-03-14T03:11:49.914+0000] {logging_mixin.py:154} INFO - [2026-03-14T03:11:49.913+0000] {dag.py:2941} INFO - Sync 1 DAGs
[2026-03-14T03:11:49.924+0000] {logging_mixin.py:154} INFO - [2026-03-14T03:11:49.923+0000] {dag.py:3722} INFO - Setting next_dagrun for my_first_pipeline to None, run_after=None
[2026-03-14T03:11:49.939+0000] {processor.py:179} INFO - Processing /opt/airflow/dags/my_first_dag.py took 0.065 seconds
[2026-03-14T03:12:20.111+0000] {processor.py:157} INFO - Started process (PID=4750) to work on /opt/airflow/dags/my_first_dag.py
[2026-03-14T03:12:20.112+0000] {processor.py:829} INFO - Processing file /opt/airflow/dags/my_first_dag.py for tasks to queue
[2026-03-14T03:12:20.113+0000] {logging_mixin.py:154} INFO - [2026-03-14T03:12:20.112+0000] {dagbag.py:536} INFO - Filling up the DagBag from /opt/airflow/dags/my_first_dag.py
[2026-03-14T03:12:20.121+0000] {processor.py:839} INFO - DAG(s) dict_keys(['my_first_pipeline']) retrieved from /opt/airflow/dags/my_first_dag.py
[2026-03-14T03:12:20.144+0000] {logging_mixin.py:154} INFO - [2026-03-14T03:12:20.144+0000] {dag.py:2941} INFO - Sync 1 DAGs
[2026-03-14T03:12:20.154+0000] {logging_mixin.py:154} INFO - [2026-03-14T03:12:20.154+0000] {dag.py:3722} INFO - Setting next_dagrun for my_first_pipeline to None, run_after=None
[2026-03-14T03:12:20.171+0000] {processor.py:179} INFO - Processing /opt/airflow/dags/my_first_dag.py took 0.063 seconds
[2026-03-14T03:12:50.358+0000] {processor.py:157} INFO - Started process (PID=4762) to work on /opt/airflow/dags/my_first_dag.py
[2026-03-14T03:12:50.360+0000] {processor.py:829} INFO - Processing file /opt/airflow/dags/my_first_dag.py for tasks to queue
[2026-03-14T03:12:50.362+0000] {logging_mixin.py:154} INFO - [2026-03-14T03:12:50.361+0000] {dagbag.py:536} INFO - Filling up the DagBag from /opt/airflow/dags/my_first_dag.py
[2026-03-14T03:12:50.376+0000] {processor.py:839} INFO - DAG(s) dict_keys(['my_first_pipeline']) retrieved from /opt/airflow/dags/my_first_dag.py
[2026-03-14T03:12:50.399+0000] {logging_mixin.py:154} INFO - [2026-03-14T03:12:50.399+0000] {dag.py:2941} INFO - Sync 1 DAGs
[2026-03-14T03:12:50.411+0000] {logging_mixin.py:154} INFO - [2026-03-14T03:12:50.411+0000] {dag.py:3722} INFO - Setting next_dagrun for my_first_pipeline to None, run_after=None
[2026-03-14T03:12:50.426+0000] {processor.py:179} INFO - Processing /opt/airflow/dags/my_first_dag.py took 0.072 seconds
[2026-03-14T03:13:20.569+0000] {processor.py:157} INFO - Started process (PID=4774) to work on /opt/airflow/dags/my_first_dag.py
[2026-03-14T03:13:20.570+0000] {processor.py:829} INFO - Processing file /opt/airflow/dags/my_first_dag.py for tasks to queue
[2026-03-14T03:13:20.571+0000] {logging_mixin.py:154} INFO - [2026-03-14T03:13:20.570+0000] {dagbag.py:536} INFO - Filling up the DagBag from /opt/airflow/dags/my_first_dag.py
[2026-03-14T03:13:20.581+0000] {processor.py:839} INFO - DAG(s) dict_keys(['my_first_pipeline']) retrieved from /opt/airflow/dags/my_first_dag.py
[2026-03-14T03:13:20.608+0000] {logging_mixin.py:154} INFO - [2026-03-14T03:13:20.608+0000] {dag.py:2941} INFO - Sync 1 DAGs
[2026-03-14T03:13:20.621+0000] {logging_mixin.py:154} INFO - [2026-03-14T03:13:20.621+0000] {dag.py:3722} INFO - Setting next_dagrun for my_first_pipeline to None, run_after=None
[2026-03-14T03:13:20.643+0000] {processor.py:179} INFO - Processing /opt/airflow/dags/my_first_dag.py took 0.077 seconds
[2026-03-14T03:13:50.776+0000] {processor.py:157} INFO - Started process (PID=4785) to work on /opt/airflow/dags/my_first_dag.py
[2026-03-14T03:13:50.778+0000] {processor.py:829} INFO - Processing file /opt/airflow/dags/my_first_dag.py for tasks to queue
[2026-03-14T03:13:50.778+0000] {logging_mixin.py:154} INFO - [2026-03-14T03:13:50.778+0000] {dagbag.py:536} INFO - Filling up the DagBag from /opt/airflow/dags/my_first_dag.py
[2026-03-14T03:13:50.788+0000] {processor.py:839} INFO - DAG(s) dict_keys(['my_first_pipeline']) retrieved from /opt/airflow/dags/my_first_dag.py
[2026-03-14T03:13:50.815+0000] {logging_mixin.py:154} INFO - [2026-03-14T03:13:50.815+0000] {dag.py:2941} INFO - Sync 1 DAGs
[2026-03-14T03:13:50.827+0000] {logging_mixin.py:154} INFO - [2026-03-14T03:13:50.827+0000] {dag.py:3722} INFO - Setting next_dagrun for my_first_pipeline to None, run_after=None
[2026-03-14T03:13:50.847+0000] {processor.py:179} INFO - Processing /opt/airflow/dags/my_first_dag.py took 0.074 seconds
[2026-03-14T03:14:21.003+0000] {processor.py:157} INFO - Started process (PID=4798) to work on /opt/airflow/dags/my_first_dag.py
[2026-03-14T03:14:21.004+0000] {processor.py:829} INFO - Processing file /opt/airflow/dags/my_first_dag.py for tasks to queue
[2026-03-14T03:14:21.005+0000] {logging_mixin.py:154} INFO - [2026-03-14T03:14:21.004+0000] {dagbag.py:536} INFO - Filling up the DagBag from /opt/airflow/dags/my_first_dag.py
[2026-03-14T03:14:21.013+0000] {processor.py:839} INFO - DAG(s) dict_keys(['my_first_pipeline']) retrieved from /opt/airflow/dags/my_first_dag.py
[2026-03-14T03:14:21.037+0000] {logging_mixin.py:154} INFO - [2026-03-14T03:14:21.037+0000] {dag.py:2941} INFO - Sync 1 DAGs
[2026-03-14T03:14:21.047+0000] {logging_mixin.py:154} INFO - [2026-03-14T03:14:21.047+0000] {dag.py:3722} INFO - Setting next_dagrun for my_first_pipeline to None, run_after=None
[2026-03-14T03:14:21.063+0000] {processor.py:179} INFO - Processing /opt/airflow/dags/my_first_dag.py took 0.063 seconds
[2026-03-14T03:14:51.217+0000] {processor.py:157} INFO - Started process (PID=4810) to work on /opt/airflow/dags/my_first_dag.py
[2026-03-14T03:14:51.218+0000] {processor.py:829} INFO - Processing file /opt/airflow/dags/my_first_dag.py for tasks to queue
[2026-03-14T03:14:51.219+0000] {logging_mixin.py:154} INFO - [2026-03-14T03:14:51.218+0000] {dagbag.py:536} INFO - Filling up the DagBag from /opt/airflow/dags/my_first_dag.py
[2026-03-14T03:14:51.227+0000] {processor.py:839} INFO - DAG(s) dict_keys(['my_first_pipeline']) retrieved from /opt/airflow/dags/my_first_dag.py
[2026-03-14T03:14:51.251+0000] {logging_mixin.py:154} INFO - [2026-03-14T03:14:51.251+0000] {dag.py:2941} INFO - Sync 1 DAGs
[2026-03-14T03:14:51.262+0000] {logging_mixin.py:154} INFO - [2026-03-14T03:14:51.261+0000] {dag.py:3722} INFO - Setting next_dagrun for my_first_pipeline to None, run_after=None
[2026-03-14T03:14:51.278+0000] {processor.py:179} INFO - Processing /opt/airflow/dags/my_first_dag.py took 0.064 seconds
[2026-03-14T03:15:21.481+0000] {processor.py:157} INFO - Started process (PID=4822) to work on /opt/airflow/dags/my_first_dag.py
[2026-03-14T03:15:21.482+0000] {processor.py:829} INFO - Processing file /opt/airflow/dags/my_first_dag.py for tasks to queue
[2026-03-14T03:15:21.483+0000] {logging_mixin.py:154} INFO - [2026-03-14T03:15:21.482+0000] {dagbag.py:536} INFO - Filling up the DagBag from /opt/airflow/dags/my_first_dag.py
[2026-03-14T03:15:21.491+0000] {processor.py:839} INFO - DAG(s) dict_keys(['my_first_pipeline']) retrieved from /opt/airflow/dags/my_first_dag.py
[2026-03-14T03:15:21.514+0000] {logging_mixin.py:154} INFO - [2026-03-14T03:15:21.514+0000] {dag.py:2941} INFO - Sync 1 DAGs
[2026-03-14T03:15:21.524+0000] {logging_mixin.py:154} INFO - [2026-03-14T03:15:21.524+0000] {dag.py:3722} INFO - Setting next_dagrun for my_first_pipeline to None, run_after=None
[2026-03-14T03:15:21.540+0000] {processor.py:179} INFO - Processing /opt/airflow/dags/my_first_dag.py took 0.062 seconds
[2026-03-14T03:15:51.669+0000] {processor.py:157} INFO - Started process (PID=4834) to work on /opt/airflow/dags/my_first_dag.py
[2026-03-14T03:15:51.669+0000] {processor.py:829} INFO - Processing file /opt/airflow/dags/my_first_dag.py for tasks to queue
[2026-03-14T03:15:51.670+0000] {logging_mixin.py:154} INFO - [2026-03-14T03:15:51.670+0000] {dagbag.py:536} INFO - Filling up the DagBag from /opt/airflow/dags/my_first_dag.py
[2026-03-14T03:15:51.678+0000] {processor.py:839} INFO - DAG(s) dict_keys(['my_first_pipeline']) retrieved from /opt/airflow/dags/my_first_dag.py
[2026-03-14T03:15:51.703+0000] {logging_mixin.py:154} INFO - [2026-03-14T03:15:51.703+0000] {dag.py:2941} INFO - Sync 1 DAGs
[2026-03-14T03:15:51.715+0000] {logging_mixin.py:154} INFO - [2026-03-14T03:15:51.715+0000] {dag.py:3722} INFO - Setting next_dagrun for my_first_pipeline to None, run_after=None
[2026-03-14T03:15:51.732+0000] {processor.py:179} INFO - Processing /opt/airflow/dags/my_first_dag.py took 0.067 seconds
[2026-03-14T03:16:21.949+0000] {processor.py:157} INFO - Started process (PID=4846) to work on /opt/airflow/dags/my_first_dag.py
[2026-03-14T03:16:21.950+0000] {processor.py:829} INFO - Processing file /opt/airflow/dags/my_first_dag.py for tasks to queue
[2026-03-14T03:16:21.951+0000] {logging_mixin.py:154} INFO - [2026-03-14T03:16:21.951+0000] {dagbag.py:536} INFO - Filling up the DagBag from /opt/airflow/dags/my_first_dag.py
[2026-03-14T03:16:21.959+0000] {processor.py:839} INFO - DAG(s) dict_keys(['my_first_pipeline']) retrieved from /opt/airflow/dags/my_first_dag.py
[2026-03-14T03:16:21.982+0000] {logging_mixin.py:154} INFO - [2026-03-14T03:16:21.982+0000] {dag.py:2941} INFO - Sync 1 DAGs
[2026-03-14T03:16:21.992+0000] {logging_mixin.py:154} INFO - [2026-03-14T03:16:21.992+0000] {dag.py:3722} INFO - Setting next_dagrun for my_first_pipeline to None, run_after=None
[2026-03-14T03:16:22.007+0000] {processor.py:179} INFO - Processing /opt/airflow/dags/my_first_dag.py took 0.061 seconds
[2026-03-14T03:16:52.166+0000] {processor.py:157} INFO - Started process (PID=4857) to work on /opt/airflow/dags/my_first_dag.py
[2026-03-14T03:16:52.167+0000] {processor.py:829} INFO - Processing file /opt/airflow/dags/my_first_dag.py for tasks to queue
[2026-03-14T03:16:52.168+0000] {logging_mixin.py:154} INFO - [2026-03-14T03:16:52.167+0000] {dagbag.py:536} INFO - Filling up the DagBag from /opt/airflow/dags/my_first_dag.py
[2026-03-14T03:16:52.176+0000] {processor.py:839} INFO - DAG(s) dict_keys(['my_first_pipeline']) retrieved from /opt/airflow/dags/my_first_dag.py
[2026-03-14T03:16:52.201+0000] {logging_mixin.py:154} INFO - [2026-03-14T03:16:52.200+0000] {dag.py:2941} INFO - Sync 1 DAGs
[2026-03-14T03:16:52.210+0000] {logging_mixin.py:154} INFO - [2026-03-14T03:16:52.210+0000] {dag.py:3722} INFO - Setting next_dagrun for my_first_pipeline to None, run_after=None
[2026-03-14T03:16:52.226+0000] {processor.py:179} INFO - Processing /opt/airflow/dags/my_first_dag.py took 0.064 seconds
[2026-03-14T03:17:22.389+0000] {processor.py:157} INFO - Started process (PID=4869) to work on /opt/airflow/dags/my_first_dag.py
[2026-03-14T03:17:22.390+0000] {processor.py:829} INFO - Processing file /opt/airflow/dags/my_first_dag.py for tasks to queue
[2026-03-14T03:17:22.391+0000] {logging_mixin.py:154} INFO - [2026-03-14T03:17:22.391+0000] {dagbag.py:536} INFO - Filling up the DagBag from /opt/airflow/dags/my_first_dag.py
[2026-03-14T03:17:22.400+0000] {processor.py:839} INFO - DAG(s) dict_keys(['my_first_pipeline']) retrieved from /opt/airflow/dags/my_first_dag.py
[2026-03-14T03:17:22.427+0000] {logging_mixin.py:154} INFO - [2026-03-14T03:17:22.427+0000] {dag.py:2941} INFO - Sync 1 DAGs
[2026-03-14T03:17:22.440+0000] {logging_mixin.py:154} INFO - [2026-03-14T03:17:22.439+0000] {dag.py:3722} INFO - Setting next_dagrun for my_first_pipeline to None, run_after=None
[2026-03-14T03:17:22.461+0000] {processor.py:179} INFO - Processing /opt/airflow/dags/my_first_dag.py took 0.075 seconds
[2026-03-14T03:17:52.590+0000] {processor.py:157} INFO - Started process (PID=4881) to work on /opt/airflow/dags/my_first_dag.py
[2026-03-14T03:17:52.591+0000] {processor.py:829} INFO - Processing file /opt/airflow/dags/my_first_dag.py for tasks to queue
[2026-03-14T03:17:52.591+0000] {logging_mixin.py:154} INFO - [2026-03-14T03:17:52.591+0000] {dagbag.py:536} INFO - Filling up the DagBag from /opt/airflow/dags/my_first_dag.py
[2026-03-14T03:17:52.601+0000] {processor.py:839} INFO - DAG(s) dict_keys(['my_first_pipeline']) retrieved from /opt/airflow/dags/my_first_dag.py
[2026-03-14T03:17:52.628+0000] {logging_mixin.py:154} INFO - [2026-03-14T03:17:52.628+0000] {dag.py:2941} INFO - Sync 1 DAGs
[2026-03-14T03:17:52.641+0000] {logging_mixin.py:154} INFO - [2026-03-14T03:17:52.641+0000] {dag.py:3722} INFO - Setting next_dagrun for my_first_pipeline to None, run_after=None
[2026-03-14T03:17:52.663+0000] {processor.py:179} INFO - Processing /opt/airflow/dags/my_first_dag.py took 0.077 seconds
[2026-03-14T03:18:22.796+0000] {processor.py:157} INFO - Started process (PID=4893) to work on /opt/airflow/dags/my_first_dag.py
[2026-03-14T03:18:22.796+0000] {processor.py:829} INFO - Processing file /opt/airflow/dags/my_first_dag.py for tasks to queue
[2026-03-14T03:18:22.797+0000] {logging_mixin.py:154} INFO - [2026-03-14T03:18:22.797+0000] {dagbag.py:536} INFO - Filling up the DagBag from /opt/airflow/dags/my_first_dag.py
[2026-03-14T03:18:22.806+0000] {processor.py:839} INFO - DAG(s) dict_keys(['my_first_pipeline']) retrieved from /opt/airflow/dags/my_first_dag.py
[2026-03-14T03:18:22.830+0000] {logging_mixin.py:154} INFO - [2026-03-14T03:18:22.830+0000] {dag.py:2941} INFO - Sync 1 DAGs
[2026-03-14T03:18:22.840+0000] {logging_mixin.py:154} INFO - [2026-03-14T03:18:22.840+0000] {dag.py:3722} INFO - Setting next_dagrun for my_first_pipeline to None, run_after=None
[2026-03-14T03:18:22.858+0000] {processor.py:179} INFO - Processing /opt/airflow/dags/my_first_dag.py took 0.065 seconds
[2026-03-14T03:18:53.078+0000] {processor.py:157} INFO - Started process (PID=4904) to work on /opt/airflow/dags/my_first_dag.py
[2026-03-14T03:18:53.079+0000] {processor.py:829} INFO - Processing file /opt/airflow/dags/my_first_dag.py for tasks to queue
[2026-03-14T03:18:53.080+0000] {logging_mixin.py:154} INFO - [2026-03-14T03:18:53.080+0000] {dagbag.py:536} INFO - Filling up the DagBag from /opt/airflow/dags/my_first_dag.py
[2026-03-14T03:18:53.090+0000] {processor.py:839} INFO - DAG(s) dict_keys(['my_first_pipeline']) retrieved from /opt/airflow/dags/my_first_dag.py
[2026-03-14T03:18:53.113+0000] {logging_mixin.py:154} INFO - [2026-03-14T03:18:53.113+0000] {dag.py:2941} INFO - Sync 1 DAGs
[2026-03-14T03:18:53.124+0000] {logging_mixin.py:154} INFO - [2026-03-14T03:18:53.124+0000] {dag.py:3722} INFO - Setting next_dagrun for my_first_pipeline to None, run_after=None
[2026-03-14T03:18:53.140+0000] {processor.py:179} INFO - Processing /opt/airflow/dags/my_first_dag.py took 0.067 seconds
[2026-03-14T03:19:23.273+0000] {processor.py:157} INFO - Started process (PID=4915) to work on /opt/airflow/dags/my_first_dag.py
[2026-03-14T03:19:23.274+0000] {processor.py:829} INFO - Processing file /opt/airflow/dags/my_first_dag.py for tasks to queue
[2026-03-14T03:19:23.275+0000] {logging_mixin.py:154} INFO - [2026-03-14T03:19:23.275+0000] {dagbag.py:536} INFO - Filling up the DagBag from /opt/airflow/dags/my_first_dag.py
[2026-03-14T03:19:23.283+0000] {processor.py:839} INFO - DAG(s) dict_keys(['my_first_pipeline']) retrieved from /opt/airflow/dags/my_first_dag.py
[2026-03-14T03:19:23.310+0000] {logging_mixin.py:154} INFO - [2026-03-14T03:19:23.310+0000] {dag.py:2941} INFO - Sync 1 DAGs
[2026-03-14T03:19:23.321+0000] {logging_mixin.py:154} INFO - [2026-03-14T03:19:23.321+0000] {dag.py:3722} INFO - Setting next_dagrun for my_first_pipeline to None, run_after=None
[2026-03-14T03:19:23.338+0000] {processor.py:179} INFO - Processing /opt/airflow/dags/my_first_dag.py took 0.069 seconds
[2026-03-14T03:19:53.538+0000] {processor.py:157} INFO - Started process (PID=4927) to work on /opt/airflow/dags/my_first_dag.py
[2026-03-14T03:19:53.540+0000] {processor.py:829} INFO - Processing file /opt/airflow/dags/my_first_dag.py for tasks to queue
[2026-03-14T03:19:53.540+0000] {logging_mixin.py:154} INFO - [2026-03-14T03:19:53.540+0000] {dagbag.py:536} INFO - Filling up the DagBag from /opt/airflow/dags/my_first_dag.py
[2026-03-14T03:19:53.548+0000] {processor.py:839} INFO - DAG(s) dict_keys(['my_first_pipeline']) retrieved from /opt/airflow/dags/my_first_dag.py
[2026-03-14T03:19:53.572+0000] {logging_mixin.py:154} INFO - [2026-03-14T03:19:53.572+0000] {dag.py:2941} INFO - Sync 1 DAGs
[2026-03-14T03:19:53.582+0000] {logging_mixin.py:154} INFO - [2026-03-14T03:19:53.582+0000] {dag.py:3722} INFO - Setting next_dagrun for my_first_pipeline to None, run_after=None
[2026-03-14T03:19:53.599+0000] {processor.py:179} INFO - Processing /opt/airflow/dags/my_first_dag.py took 0.063 seconds
[2026-03-14T03:20:23.759+0000] {processor.py:157} INFO - Started process (PID=4939) to work on /opt/airflow/dags/my_first_dag.py
[2026-03-14T03:20:23.760+0000] {processor.py:829} INFO - Processing file /opt/airflow/dags/my_first_dag.py for tasks to queue
[2026-03-14T03:20:23.761+0000] {logging_mixin.py:154} INFO - [2026-03-14T03:20:23.761+0000] {dagbag.py:536} INFO - Filling up the DagBag from /opt/airflow/dags/my_first_dag.py
[2026-03-14T03:20:23.769+0000] {processor.py:839} INFO - DAG(s) dict_keys(['my_first_pipeline']) retrieved from /opt/airflow/dags/my_first_dag.py
[2026-03-14T03:20:23.794+0000] {logging_mixin.py:154} INFO - [2026-03-14T03:20:23.794+0000] {dag.py:2941} INFO - Sync 1 DAGs
[2026-03-14T03:20:23.806+0000] {logging_mixin.py:154} INFO - [2026-03-14T03:20:23.805+0000] {dag.py:3722} INFO - Setting next_dagrun for my_first_pipeline to None, run_after=None
[2026-03-14T03:20:23.822+0000] {processor.py:179} INFO - Processing /opt/airflow/dags/my_first_dag.py took 0.066 seconds
[2026-03-14T03:20:53.939+0000] {processor.py:157} INFO - Started process (PID=4951) to work on /opt/airflow/dags/my_first_dag.py
[2026-03-14T03:20:53.940+0000] {processor.py:829} INFO - Processing file /opt/airflow/dags/my_first_dag.py for tasks to queue
[2026-03-14T03:20:53.941+0000] {logging_mixin.py:154} INFO - [2026-03-14T03:20:53.941+0000] {dagbag.py:536} INFO - Filling up the DagBag from /opt/airflow/dags/my_first_dag.py
[2026-03-14T03:20:53.949+0000] {processor.py:839} INFO - DAG(s) dict_keys(['my_first_pipeline']) retrieved from /opt/airflow/dags/my_first_dag.py
[2026-03-14T03:20:53.972+0000] {logging_mixin.py:154} INFO - [2026-03-14T03:20:53.972+0000] {dag.py:2941} INFO - Sync 1 DAGs
[2026-03-14T03:20:53.982+0000] {logging_mixin.py:154} INFO - [2026-03-14T03:20:53.982+0000] {dag.py:3722} INFO - Setting next_dagrun for my_first_pipeline to None, run_after=None
[2026-03-14T03:20:53.997+0000] {processor.py:179} INFO - Processing /opt/airflow/dags/my_first_dag.py took 0.061 seconds
[2026-03-14T03:21:24.134+0000] {processor.py:157} INFO - Started process (PID=4963) to work on /opt/airflow/dags/my_first_dag.py
[2026-03-14T03:21:24.135+0000] {processor.py:829} INFO - Processing file /opt/airflow/dags/my_first_dag.py for tasks to queue
[2026-03-14T03:21:24.135+0000] {logging_mixin.py:154} INFO - [2026-03-14T03:21:24.135+0000] {dagbag.py:536} INFO - Filling up the DagBag from /opt/airflow/dags/my_first_dag.py
[2026-03-14T03:21:24.146+0000] {processor.py:839} INFO - DAG(s) dict_keys(['my_first_pipeline']) retrieved from /opt/airflow/dags/my_first_dag.py
[2026-03-14T03:21:24.176+0000] {logging_mixin.py:154} INFO - [2026-03-14T03:21:24.176+0000] {dag.py:2941} INFO - Sync 1 DAGs
[2026-03-14T03:21:24.191+0000] {logging_mixin.py:154} INFO - [2026-03-14T03:21:24.191+0000] {dag.py:3722} INFO - Setting next_dagrun for my_first_pipeline to None, run_after=None
[2026-03-14T03:21:24.215+0000] {processor.py:179} INFO - Processing /opt/airflow/dags/my_first_dag.py took 0.084 seconds
[2026-03-14T03:21:54.367+0000] {processor.py:157} INFO - Started process (PID=4975) to work on /opt/airflow/dags/my_first_dag.py
[2026-03-14T03:21:54.368+0000] {processor.py:829} INFO - Processing file /opt/airflow/dags/my_first_dag.py for tasks to queue
[2026-03-14T03:21:54.368+0000] {logging_mixin.py:154} INFO - [2026-03-14T03:21:54.368+0000] {dagbag.py:536} INFO - Filling up the DagBag from /opt/airflow/dags/my_first_dag.py
[2026-03-14T03:21:54.378+0000] {processor.py:839} INFO - DAG(s) dict_keys(['my_first_pipeline']) retrieved from /opt/airflow/dags/my_first_dag.py
[2026-03-14T03:21:54.405+0000] {logging_mixin.py:154} INFO - [2026-03-14T03:21:54.405+0000] {dag.py:2941} INFO - Sync 1 DAGs
[2026-03-14T03:21:54.419+0000] {logging_mixin.py:154} INFO - [2026-03-14T03:21:54.418+0000] {dag.py:3722} INFO - Setting next_dagrun for my_first_pipeline to None, run_after=None
[2026-03-14T03:21:54.439+0000] {processor.py:179} INFO - Processing /opt/airflow/dags/my_first_dag.py took 0.076 seconds
[2026-03-14T03:22:24.575+0000] {processor.py:157} INFO - Started process (PID=4987) to work on /opt/airflow/dags/my_first_dag.py
[2026-03-14T03:22:24.577+0000] {processor.py:829} INFO - Processing file /opt/airflow/dags/my_first_dag.py for tasks to queue
[2026-03-14T03:22:24.578+0000] {logging_mixin.py:154} INFO - [2026-03-14T03:22:24.577+0000] {dagbag.py:536} INFO - Filling up the DagBag from /opt/airflow/dags/my_first_dag.py
[2026-03-14T03:22:24.588+0000] {processor.py:839} INFO - DAG(s) dict_keys(['my_first_pipeline']) retrieved from /opt/airflow/dags/my_first_dag.py
[2026-03-14T03:22:24.613+0000] {logging_mixin.py:154} INFO - [2026-03-14T03:22:24.613+0000] {dag.py:2941} INFO - Sync 1 DAGs
[2026-03-14T03:22:24.623+0000] {logging_mixin.py:154} INFO - [2026-03-14T03:22:24.623+0000] {dag.py:3722} INFO - Setting next_dagrun for my_first_pipeline to None, run_after=None
[2026-03-14T03:22:24.639+0000] {processor.py:179} INFO - Processing /opt/airflow/dags/my_first_dag.py took 0.069 seconds
[2026-03-14T03:22:54.862+0000] {processor.py:157} INFO - Started process (PID=4999) to work on /opt/airflow/dags/my_first_dag.py
[2026-03-14T03:22:54.863+0000] {processor.py:829} INFO - Processing file /opt/airflow/dags/my_first_dag.py for tasks to queue
[2026-03-14T03:22:54.864+0000] {logging_mixin.py:154} INFO - [2026-03-14T03:22:54.864+0000] {dagbag.py:536} INFO - Filling up the DagBag from /opt/airflow/dags/my_first_dag.py
[2026-03-14T03:22:54.875+0000] {processor.py:839} INFO - DAG(s) dict_keys(['my_first_pipeline']) retrieved from /opt/airflow/dags/my_first_dag.py
[2026-03-14T03:22:54.899+0000] {logging_mixin.py:154} INFO - [2026-03-14T03:22:54.898+0000] {dag.py:2941} INFO - Sync 1 DAGs
[2026-03-14T03:22:54.910+0000] {logging_mixin.py:154} INFO - [2026-03-14T03:22:54.910+0000] {dag.py:3722} INFO - Setting next_dagrun for my_first_pipeline to None, run_after=None
[2026-03-14T03:22:54.927+0000] {processor.py:179} INFO - Processing /opt/airflow/dags/my_first_dag.py took 0.070 seconds
[2026-03-14T03:23:25.051+0000] {processor.py:157} INFO - Started process (PID=5011) to work on /opt/airflow/dags/my_first_dag.py
[2026-03-14T03:23:25.053+0000] {processor.py:829} INFO - Processing file /opt/airflow/dags/my_first_dag.py for tasks to queue
[2026-03-14T03:23:25.053+0000] {logging_mixin.py:154} INFO - [2026-03-14T03:23:25.053+0000] {dagbag.py:536} INFO - Filling up the DagBag from /opt/airflow/dags/my_first_dag.py
[2026-03-14T03:23:25.062+0000] {processor.py:839} INFO - DAG(s) dict_keys(['my_first_pipeline']) retrieved from /opt/airflow/dags/my_first_dag.py
[2026-03-14T03:23:25.086+0000] {logging_mixin.py:154} INFO - [2026-03-14T03:23:25.086+0000] {dag.py:2941} INFO - Sync 1 DAGs
[2026-03-14T03:23:25.097+0000] {logging_mixin.py:154} INFO - [2026-03-14T03:23:25.097+0000] {dag.py:3722} INFO - Setting next_dagrun for my_first_pipeline to None, run_after=None
[2026-03-14T03:23:25.114+0000] {processor.py:179} INFO - Processing /opt/airflow/dags/my_first_dag.py took 0.066 seconds
[2026-03-14T03:23:55.302+0000] {processor.py:157} INFO - Started process (PID=5023) to work on /opt/airflow/dags/my_first_dag.py
[2026-03-14T03:23:55.303+0000] {processor.py:829} INFO - Processing file /opt/airflow/dags/my_first_dag.py for tasks to queue
[2026-03-14T03:23:55.304+0000] {logging_mixin.py:154} INFO - [2026-03-14T03:23:55.304+0000] {dagbag.py:536} INFO - Filling up the DagBag from /opt/airflow/dags/my_first_dag.py
[2026-03-14T03:23:55.315+0000] {processor.py:839} INFO - DAG(s) dict_keys(['my_first_pipeline']) retrieved from /opt/airflow/dags/my_first_dag.py
[2026-03-14T03:23:55.339+0000] {logging_mixin.py:154} INFO - [2026-03-14T03:23:55.339+0000] {dag.py:2941} INFO - Sync 1 DAGs
[2026-03-14T03:23:55.350+0000] {logging_mixin.py:154} INFO - [2026-03-14T03:23:55.349+0000] {dag.py:3722} INFO - Setting next_dagrun for my_first_pipeline to None, run_after=None
[2026-03-14T03:23:55.366+0000] {processor.py:179} INFO - Processing /opt/airflow/dags/my_first_dag.py took 0.069 seconds
[2026-03-14T03:24:25.494+0000] {processor.py:157} INFO - Started process (PID=5034) to work on /opt/airflow/dags/my_first_dag.py
[2026-03-14T03:24:25.495+0000] {processor.py:829} INFO - Processing file /opt/airflow/dags/my_first_dag.py for tasks to queue
[2026-03-14T03:24:25.496+0000] {logging_mixin.py:154} INFO - [2026-03-14T03:24:25.496+0000] {dagbag.py:536} INFO - Filling up the DagBag from /opt/airflow/dags/my_first_dag.py
[2026-03-14T03:24:25.504+0000] {processor.py:839} INFO - DAG(s) dict_keys(['my_first_pipeline']) retrieved from /opt/airflow/dags/my_first_dag.py
[2026-03-14T03:24:25.527+0000] {logging_mixin.py:154} INFO - [2026-03-14T03:24:25.527+0000] {dag.py:2941} INFO - Sync 1 DAGs
[2026-03-14T03:24:25.538+0000] {logging_mixin.py:154} INFO - [2026-03-14T03:24:25.538+0000] {dag.py:3722} INFO - Setting next_dagrun for my_first_pipeline to None, run_after=None
[2026-03-14T03:24:25.554+0000] {processor.py:179} INFO - Processing /opt/airflow/dags/my_first_dag.py took 0.063 seconds
[2026-03-14T03:24:55.739+0000] {processor.py:157} INFO - Started process (PID=5046) to work on /opt/airflow/dags/my_first_dag.py
[2026-03-14T03:24:55.739+0000] {processor.py:829} INFO - Processing file /opt/airflow/dags/my_first_dag.py for tasks to queue
[2026-03-14T03:24:55.740+0000] {logging_mixin.py:154} INFO - [2026-03-14T03:24:55.740+0000] {dagbag.py:536} INFO - Filling up the DagBag from /opt/airflow/dags/my_first_dag.py
[2026-03-14T03:24:55.749+0000] {processor.py:839} INFO - DAG(s) dict_keys(['my_first_pipeline']) retrieved from /opt/airflow/dags/my_first_dag.py
[2026-03-14T03:24:55.773+0000] {logging_mixin.py:154} INFO - [2026-03-14T03:24:55.773+0000] {dag.py:2941} INFO - Sync 1 DAGs
[2026-03-14T03:24:55.784+0000] {logging_mixin.py:154} INFO - [2026-03-14T03:24:55.784+0000] {dag.py:3722} INFO - Setting next_dagrun for my_first_pipeline to None, run_after=None
[2026-03-14T03:24:55.801+0000] {processor.py:179} INFO - Processing /opt/airflow/dags/my_first_dag.py took 0.065 seconds
[2026-03-14T03:25:25.945+0000] {processor.py:157} INFO - Started process (PID=5059) to work on /opt/airflow/dags/my_first_dag.py
[2026-03-14T03:25:25.946+0000] {processor.py:829} INFO - Processing file /opt/airflow/dags/my_first_dag.py for tasks to queue
[2026-03-14T03:25:25.946+0000] {logging_mixin.py:154} INFO - [2026-03-14T03:25:25.946+0000] {dagbag.py:536} INFO - Filling up the DagBag from /opt/airflow/dags/my_first_dag.py
[2026-03-14T03:25:25.956+0000] {processor.py:839} INFO - DAG(s) dict_keys(['my_first_pipeline']) retrieved from /opt/airflow/dags/my_first_dag.py
[2026-03-14T03:25:25.984+0000] {logging_mixin.py:154} INFO - [2026-03-14T03:25:25.984+0000] {dag.py:2941} INFO - Sync 1 DAGs
[2026-03-14T03:25:25.996+0000] {logging_mixin.py:154} INFO - [2026-03-14T03:25:25.996+0000] {dag.py:3722} INFO - Setting next_dagrun for my_first_pipeline to None, run_after=None
[2026-03-14T03:25:26.019+0000] {processor.py:179} INFO - Processing /opt/airflow/dags/my_first_dag.py took 0.077 seconds
[2026-03-14T03:25:56.155+0000] {processor.py:157} INFO - Started process (PID=5071) to work on /opt/airflow/dags/my_first_dag.py
[2026-03-14T03:25:56.155+0000] {processor.py:829} INFO - Processing file /opt/airflow/dags/my_first_dag.py for tasks to queue
[2026-03-14T03:25:56.156+0000] {logging_mixin.py:154} INFO - [2026-03-14T03:25:56.156+0000] {dagbag.py:536} INFO - Filling up the DagBag from /opt/airflow/dags/my_first_dag.py
[2026-03-14T03:25:56.166+0000] {processor.py:839} INFO - DAG(s) dict_keys(['my_first_pipeline']) retrieved from /opt/airflow/dags/my_first_dag.py
[2026-03-14T03:25:56.196+0000] {logging_mixin.py:154} INFO - [2026-03-14T03:25:56.196+0000] {dag.py:2941} INFO - Sync 1 DAGs
[2026-03-14T03:25:56.208+0000] {logging_mixin.py:154} INFO - [2026-03-14T03:25:56.208+0000] {dag.py:3722} INFO - Setting next_dagrun for my_first_pipeline to None, run_after=None
[2026-03-14T03:25:56.233+0000] {processor.py:179} INFO - Processing /opt/airflow/dags/my_first_dag.py took 0.081 seconds
[2026-03-14T03:26:26.403+0000] {processor.py:157} INFO - Started process (PID=5083) to work on /opt/airflow/dags/my_first_dag.py
[2026-03-14T03:26:26.404+0000] {processor.py:829} INFO - Processing file /opt/airflow/dags/my_first_dag.py for tasks to queue
[2026-03-14T03:26:26.405+0000] {logging_mixin.py:154} INFO - [2026-03-14T03:26:26.405+0000] {dagbag.py:536} INFO - Filling up the DagBag from /opt/airflow/dags/my_first_dag.py
[2026-03-14T03:26:26.415+0000] {processor.py:839} INFO - DAG(s) dict_keys(['my_first_pipeline']) retrieved from /opt/airflow/dags/my_first_dag.py
[2026-03-14T03:26:26.438+0000] {logging_mixin.py:154} INFO - [2026-03-14T03:26:26.438+0000] {dag.py:2941} INFO - Sync 1 DAGs
[2026-03-14T03:26:26.449+0000] {logging_mixin.py:154} INFO - [2026-03-14T03:26:26.448+0000] {dag.py:3722} INFO - Setting next_dagrun for my_first_pipeline to None, run_after=None
[2026-03-14T03:26:26.465+0000] {processor.py:179} INFO - Processing /opt/airflow/dags/my_first_dag.py took 0.066 seconds
[2026-03-14T03:26:56.617+0000] {processor.py:157} INFO - Started process (PID=5095) to work on /opt/airflow/dags/my_first_dag.py
[2026-03-14T03:26:56.617+0000] {processor.py:829} INFO - Processing file /opt/airflow/dags/my_first_dag.py for tasks to queue
[2026-03-14T03:26:56.618+0000] {logging_mixin.py:154} INFO - [2026-03-14T03:26:56.618+0000] {dagbag.py:536} INFO - Filling up the DagBag from /opt/airflow/dags/my_first_dag.py
[2026-03-14T03:26:56.628+0000] {processor.py:839} INFO - DAG(s) dict_keys(['my_first_pipeline']) retrieved from /opt/airflow/dags/my_first_dag.py
[2026-03-14T03:26:56.652+0000] {logging_mixin.py:154} INFO - [2026-03-14T03:26:56.652+0000] {dag.py:2941} INFO - Sync 1 DAGs
[2026-03-14T03:26:56.662+0000] {logging_mixin.py:154} INFO - [2026-03-14T03:26:56.662+0000] {dag.py:3722} INFO - Setting next_dagrun for my_first_pipeline to None, run_after=None
[2026-03-14T03:26:56.678+0000] {processor.py:179} INFO - Processing /opt/airflow/dags/my_first_dag.py took 0.064 seconds
[2026-03-14T03:27:26.865+0000] {processor.py:157} INFO - Started process (PID=5107) to work on /opt/airflow/dags/my_first_dag.py
[2026-03-14T03:27:26.866+0000] {processor.py:829} INFO - Processing file /opt/airflow/dags/my_first_dag.py for tasks to queue
[2026-03-14T03:27:26.866+0000] {logging_mixin.py:154} INFO - [2026-03-14T03:27:26.866+0000] {dagbag.py:536} INFO - Filling up the DagBag from /opt/airflow/dags/my_first_dag.py
[2026-03-14T03:27:26.876+0000] {processor.py:839} INFO - DAG(s) dict_keys(['my_first_pipeline']) retrieved from /opt/airflow/dags/my_first_dag.py
[2026-03-14T03:27:26.902+0000] {logging_mixin.py:154} INFO - [2026-03-14T03:27:26.901+0000] {dag.py:2941} INFO - Sync 1 DAGs
[2026-03-14T03:27:26.913+0000] {logging_mixin.py:154} INFO - [2026-03-14T03:27:26.913+0000] {dag.py:3722} INFO - Setting next_dagrun for my_first_pipeline to None, run_after=None
[2026-03-14T03:27:26.930+0000] {processor.py:179} INFO - Processing /opt/airflow/dags/my_first_dag.py took 0.069 seconds
[2026-03-14T03:27:57.071+0000] {processor.py:157} INFO - Started process (PID=5119) to work on /opt/airflow/dags/my_first_dag.py
[2026-03-14T03:27:57.071+0000] {processor.py:829} INFO - Processing file /opt/airflow/dags/my_first_dag.py for tasks to queue
[2026-03-14T03:27:57.072+0000] {logging_mixin.py:154} INFO - [2026-03-14T03:27:57.072+0000] {dagbag.py:536} INFO - Filling up the DagBag from /opt/airflow/dags/my_first_dag.py
[2026-03-14T03:27:57.080+0000] {processor.py:839} INFO - DAG(s) dict_keys(['my_first_pipeline']) retrieved from /opt/airflow/dags/my_first_dag.py
[2026-03-14T03:27:57.105+0000] {logging_mixin.py:154} INFO - [2026-03-14T03:27:57.104+0000] {dag.py:2941} INFO - Sync 1 DAGs
[2026-03-14T03:27:57.115+0000] {logging_mixin.py:154} INFO - [2026-03-14T03:27:57.115+0000] {dag.py:3722} INFO - Setting next_dagrun for my_first_pipeline to None, run_after=None
[2026-03-14T03:27:57.130+0000] {processor.py:179} INFO - Processing /opt/airflow/dags/my_first_dag.py took 0.062 seconds
[2026-03-14T03:28:27.318+0000] {processor.py:157} INFO - Started process (PID=5130) to work on /opt/airflow/dags/my_first_dag.py
[2026-03-14T03:28:27.318+0000] {processor.py:829} INFO - Processing file /opt/airflow/dags/my_first_dag.py for tasks to queue
[2026-03-14T03:28:27.319+0000] {logging_mixin.py:154} INFO - [2026-03-14T03:28:27.318+0000] {dagbag.py:536} INFO - Filling up the DagBag from /opt/airflow/dags/my_first_dag.py
[2026-03-14T03:28:27.327+0000] {processor.py:839} INFO - DAG(s) dict_keys(['my_first_pipeline']) retrieved from /opt/airflow/dags/my_first_dag.py
[2026-03-14T03:28:27.351+0000] {logging_mixin.py:154} INFO - [2026-03-14T03:28:27.350+0000] {dag.py:2941} INFO - Sync 1 DAGs
[2026-03-14T03:28:27.361+0000] {logging_mixin.py:154} INFO - [2026-03-14T03:28:27.361+0000] {dag.py:3722} INFO - Setting next_dagrun for my_first_pipeline to None, run_after=None
[2026-03-14T03:28:27.377+0000] {processor.py:179} INFO - Processing /opt/airflow/dags/my_first_dag.py took 0.062 seconds
[2026-03-14T03:28:57.578+0000] {processor.py:157} INFO - Started process (PID=5142) to work on /opt/airflow/dags/my_first_dag.py
[2026-03-14T03:28:57.579+0000] {processor.py:829} INFO - Processing file /opt/airflow/dags/my_first_dag.py for tasks to queue
[2026-03-14T03:28:57.580+0000] {logging_mixin.py:154} INFO - [2026-03-14T03:28:57.580+0000] {dagbag.py:536} INFO - Filling up the DagBag from /opt/airflow/dags/my_first_dag.py
[2026-03-14T03:28:57.588+0000] {processor.py:839} INFO - DAG(s) dict_keys(['my_first_pipeline']) retrieved from /opt/airflow/dags/my_first_dag.py
[2026-03-14T03:28:57.612+0000] {logging_mixin.py:154} INFO - [2026-03-14T03:28:57.611+0000] {dag.py:2941} INFO - Sync 1 DAGs
[2026-03-14T03:28:57.622+0000] {logging_mixin.py:154} INFO - [2026-03-14T03:28:57.622+0000] {dag.py:3722} INFO - Setting next_dagrun for my_first_pipeline to None, run_after=None
[2026-03-14T03:28:57.638+0000] {processor.py:179} INFO - Processing /opt/airflow/dags/my_first_dag.py took 0.063 seconds
[2026-03-14T03:29:27.785+0000] {processor.py:157} INFO - Started process (PID=5154) to work on /opt/airflow/dags/my_first_dag.py
[2026-03-14T03:29:27.787+0000] {processor.py:829} INFO - Processing file /opt/airflow/dags/my_first_dag.py for tasks to queue
[2026-03-14T03:29:27.787+0000] {logging_mixin.py:154} INFO - [2026-03-14T03:29:27.787+0000] {dagbag.py:536} INFO - Filling up the DagBag from /opt/airflow/dags/my_first_dag.py
[2026-03-14T03:29:27.797+0000] {processor.py:839} INFO - DAG(s) dict_keys(['my_first_pipeline']) retrieved from /opt/airflow/dags/my_first_dag.py
[2026-03-14T03:29:27.825+0000] {logging_mixin.py:154} INFO - [2026-03-14T03:29:27.825+0000] {dag.py:2941} INFO - Sync 1 DAGs
[2026-03-14T03:29:27.838+0000] {logging_mixin.py:154} INFO - [2026-03-14T03:29:27.838+0000] {dag.py:3722} INFO - Setting next_dagrun for my_first_pipeline to None, run_after=None
[2026-03-14T03:29:27.858+0000] {processor.py:179} INFO - Processing /opt/airflow/dags/my_first_dag.py took 0.077 seconds
[2026-03-14T03:29:57.954+0000] {processor.py:157} INFO - Started process (PID=5166) to work on /opt/airflow/dags/my_first_dag.py
[2026-03-14T03:29:57.956+0000] {processor.py:829} INFO - Processing file /opt/airflow/dags/my_first_dag.py for tasks to queue
[2026-03-14T03:29:57.956+0000] {logging_mixin.py:154} INFO - [2026-03-14T03:29:57.956+0000] {dagbag.py:536} INFO - Filling up the DagBag from /opt/airflow/dags/my_first_dag.py
[2026-03-14T03:29:57.966+0000] {processor.py:839} INFO - DAG(s) dict_keys(['my_first_pipeline']) retrieved from /opt/airflow/dags/my_first_dag.py
[2026-03-14T03:29:57.993+0000] {logging_mixin.py:154} INFO - [2026-03-14T03:29:57.993+0000] {dag.py:2941} INFO - Sync 1 DAGs
[2026-03-14T03:29:58.005+0000] {logging_mixin.py:154} INFO - [2026-03-14T03:29:58.005+0000] {dag.py:3722} INFO - Setting next_dagrun for my_first_pipeline to None, run_after=None
[2026-03-14T03:29:58.025+0000] {processor.py:179} INFO - Processing /opt/airflow/dags/my_first_dag.py took 0.074 seconds
[2026-03-14T03:30:28.162+0000] {processor.py:157} INFO - Started process (PID=5178) to work on /opt/airflow/dags/my_first_dag.py
[2026-03-14T03:30:28.164+0000] {processor.py:829} INFO - Processing file /opt/airflow/dags/my_first_dag.py for tasks to queue
[2026-03-14T03:30:28.165+0000] {logging_mixin.py:154} INFO - [2026-03-14T03:30:28.164+0000] {dagbag.py:536} INFO - Filling up the DagBag from /opt/airflow/dags/my_first_dag.py
[2026-03-14T03:30:28.175+0000] {processor.py:839} INFO - DAG(s) dict_keys(['my_first_pipeline']) retrieved from /opt/airflow/dags/my_first_dag.py
[2026-03-14T03:30:28.200+0000] {logging_mixin.py:154} INFO - [2026-03-14T03:30:28.200+0000] {dag.py:2941} INFO - Sync 1 DAGs
[2026-03-14T03:30:28.210+0000] {logging_mixin.py:154} INFO - [2026-03-14T03:30:28.210+0000] {dag.py:3722} INFO - Setting next_dagrun for my_first_pipeline to None, run_after=None
[2026-03-14T03:30:28.227+0000] {processor.py:179} INFO - Processing /opt/airflow/dags/my_first_dag.py took 0.069 seconds
[2026-03-14T03:30:58.422+0000] {processor.py:157} INFO - Started process (PID=5190) to work on /opt/airflow/dags/my_first_dag.py
[2026-03-14T03:30:58.423+0000] {processor.py:829} INFO - Processing file /opt/airflow/dags/my_first_dag.py for tasks to queue
[2026-03-14T03:30:58.424+0000] {logging_mixin.py:154} INFO - [2026-03-14T03:30:58.423+0000] {dagbag.py:536} INFO - Filling up the DagBag from /opt/airflow/dags/my_first_dag.py
[2026-03-14T03:30:58.432+0000] {processor.py:839} INFO - DAG(s) dict_keys(['my_first_pipeline']) retrieved from /opt/airflow/dags/my_first_dag.py
[2026-03-14T03:30:58.455+0000] {logging_mixin.py:154} INFO - [2026-03-14T03:30:58.455+0000] {dag.py:2941} INFO - Sync 1 DAGs
[2026-03-14T03:30:58.465+0000] {logging_mixin.py:154} INFO - [2026-03-14T03:30:58.465+0000] {dag.py:3722} INFO - Setting next_dagrun for my_first_pipeline to None, run_after=None
[2026-03-14T03:30:58.482+0000] {processor.py:179} INFO - Processing /opt/airflow/dags/my_first_dag.py took 0.063 seconds
[2026-03-14T03:31:28.662+0000] {processor.py:157} INFO - Started process (PID=5202) to work on /opt/airflow/dags/my_first_dag.py
[2026-03-14T03:31:28.663+0000] {processor.py:829} INFO - Processing file /opt/airflow/dags/my_first_dag.py for tasks to queue
[2026-03-14T03:31:28.664+0000] {logging_mixin.py:154} INFO - [2026-03-14T03:31:28.663+0000] {dagbag.py:536} INFO - Filling up the DagBag from /opt/airflow/dags/my_first_dag.py
[2026-03-14T03:31:28.673+0000] {processor.py:839} INFO - DAG(s) dict_keys(['my_first_pipeline']) retrieved from /opt/airflow/dags/my_first_dag.py
[2026-03-14T03:31:28.697+0000] {logging_mixin.py:154} INFO - [2026-03-14T03:31:28.697+0000] {dag.py:2941} INFO - Sync 1 DAGs
[2026-03-14T03:31:28.707+0000] {logging_mixin.py:154} INFO - [2026-03-14T03:31:28.707+0000] {dag.py:3722} INFO - Setting next_dagrun for my_first_pipeline to None, run_after=None
[2026-03-14T03:31:28.722+0000] {processor.py:179} INFO - Processing /opt/airflow/dags/my_first_dag.py took 0.064 seconds
[2026-03-14T03:31:58.886+0000] {processor.py:157} INFO - Started process (PID=5214) to work on /opt/airflow/dags/my_first_dag.py
[2026-03-14T03:31:58.888+0000] {processor.py:829} INFO - Processing file /opt/airflow/dags/my_first_dag.py for tasks to queue
[2026-03-14T03:31:58.888+0000] {logging_mixin.py:154} INFO - [2026-03-14T03:31:58.888+0000] {dagbag.py:536} INFO - Filling up the DagBag from /opt/airflow/dags/my_first_dag.py
[2026-03-14T03:31:58.896+0000] {processor.py:839} INFO - DAG(s) dict_keys(['my_first_pipeline']) retrieved from /opt/airflow/dags/my_first_dag.py
[2026-03-14T03:31:58.921+0000] {logging_mixin.py:154} INFO - [2026-03-14T03:31:58.921+0000] {dag.py:2941} INFO - Sync 1 DAGs
[2026-03-14T03:31:58.931+0000] {logging_mixin.py:154} INFO - [2026-03-14T03:31:58.931+0000] {dag.py:3722} INFO - Setting next_dagrun for my_first_pipeline to None, run_after=None
[2026-03-14T03:31:58.948+0000] {processor.py:179} INFO - Processing /opt/airflow/dags/my_first_dag.py took 0.065 seconds
[2026-03-14T03:32:29.143+0000] {processor.py:157} INFO - Started process (PID=5226) to work on /opt/airflow/dags/my_first_dag.py
[2026-03-14T03:32:29.144+0000] {processor.py:829} INFO - Processing file /opt/airflow/dags/my_first_dag.py for tasks to queue
[2026-03-14T03:32:29.145+0000] {logging_mixin.py:154} INFO - [2026-03-14T03:32:29.144+0000] {dagbag.py:536} INFO - Filling up the DagBag from /opt/airflow/dags/my_first_dag.py
[2026-03-14T03:32:29.153+0000] {processor.py:839} INFO - DAG(s) dict_keys(['my_first_pipeline']) retrieved from /opt/airflow/dags/my_first_dag.py
[2026-03-14T03:32:29.176+0000] {logging_mixin.py:154} INFO - [2026-03-14T03:32:29.176+0000] {dag.py:2941} INFO - Sync 1 DAGs
[2026-03-14T03:32:29.186+0000] {logging_mixin.py:154} INFO - [2026-03-14T03:32:29.186+0000] {dag.py:3722} INFO - Setting next_dagrun for my_first_pipeline to None, run_after=None
[2026-03-14T03:32:29.202+0000] {processor.py:179} INFO - Processing /opt/airflow/dags/my_first_dag.py took 0.062 seconds
[2026-03-14T03:32:59.374+0000] {processor.py:157} INFO - Started process (PID=5238) to work on /opt/airflow/dags/my_first_dag.py
[2026-03-14T03:32:59.375+0000] {processor.py:829} INFO - Processing file /opt/airflow/dags/my_first_dag.py for tasks to queue
[2026-03-14T03:32:59.376+0000] {logging_mixin.py:154} INFO - [2026-03-14T03:32:59.375+0000] {dagbag.py:536} INFO - Filling up the DagBag from /opt/airflow/dags/my_first_dag.py
[2026-03-14T03:32:59.385+0000] {processor.py:839} INFO - DAG(s) dict_keys(['my_first_pipeline']) retrieved from /opt/airflow/dags/my_first_dag.py
[2026-03-14T03:32:59.409+0000] {logging_mixin.py:154} INFO - [2026-03-14T03:32:59.409+0000] {dag.py:2941} INFO - Sync 1 DAGs
[2026-03-14T03:32:59.420+0000] {logging_mixin.py:154} INFO - [2026-03-14T03:32:59.420+0000] {dag.py:3722} INFO - Setting next_dagrun for my_first_pipeline to None, run_after=None
[2026-03-14T03:32:59.436+0000] {processor.py:179} INFO - Processing /opt/airflow/dags/my_first_dag.py took 0.065 seconds
[2026-03-14T03:33:29.605+0000] {processor.py:157} INFO - Started process (PID=5250) to work on /opt/airflow/dags/my_first_dag.py
[2026-03-14T03:33:29.606+0000] {processor.py:829} INFO - Processing file /opt/airflow/dags/my_first_dag.py for tasks to queue
[2026-03-14T03:33:29.608+0000] {logging_mixin.py:154} INFO - [2026-03-14T03:33:29.607+0000] {dagbag.py:536} INFO - Filling up the DagBag from /opt/airflow/dags/my_first_dag.py
[2026-03-14T03:33:29.622+0000] {processor.py:839} INFO - DAG(s) dict_keys(['my_first_pipeline']) retrieved from /opt/airflow/dags/my_first_dag.py
[2026-03-14T03:33:29.651+0000] {logging_mixin.py:154} INFO - [2026-03-14T03:33:29.650+0000] {dag.py:2941} INFO - Sync 1 DAGs
[2026-03-14T03:33:29.664+0000] {logging_mixin.py:154} INFO - [2026-03-14T03:33:29.663+0000] {dag.py:3722} INFO - Setting next_dagrun for my_first_pipeline to None, run_after=None
[2026-03-14T03:33:29.685+0000] {processor.py:179} INFO - Processing /opt/airflow/dags/my_first_dag.py took 0.083 seconds
[2026-03-14T03:33:59.812+0000] {processor.py:157} INFO - Started process (PID=5262) to work on /opt/airflow/dags/my_first_dag.py
[2026-03-14T03:33:59.812+0000] {processor.py:829} INFO - Processing file /opt/airflow/dags/my_first_dag.py for tasks to queue
[2026-03-14T03:33:59.813+0000] {logging_mixin.py:154} INFO - [2026-03-14T03:33:59.813+0000] {dagbag.py:536} INFO - Filling up the DagBag from /opt/airflow/dags/my_first_dag.py
[2026-03-14T03:33:59.823+0000] {processor.py:839} INFO - DAG(s) dict_keys(['my_first_pipeline']) retrieved from /opt/airflow/dags/my_first_dag.py
[2026-03-14T03:33:59.851+0000] {logging_mixin.py:154} INFO - [2026-03-14T03:33:59.851+0000] {dag.py:2941} INFO - Sync 1 DAGs
[2026-03-14T03:33:59.866+0000] {logging_mixin.py:154} INFO - [2026-03-14T03:33:59.866+0000] {dag.py:3722} INFO - Setting next_dagrun for my_first_pipeline to None, run_after=None
[2026-03-14T03:33:59.889+0000] {processor.py:179} INFO - Processing /opt/airflow/dags/my_first_dag.py took 0.081 seconds
[2026-03-14T03:34:30.073+0000] {processor.py:157} INFO - Started process (PID=5274) to work on /opt/airflow/dags/my_first_dag.py
[2026-03-14T03:34:30.074+0000] {processor.py:829} INFO - Processing file /opt/airflow/dags/my_first_dag.py for tasks to queue
[2026-03-14T03:34:30.075+0000] {logging_mixin.py:154} INFO - [2026-03-14T03:34:30.075+0000] {dagbag.py:536} INFO - Filling up the DagBag from /opt/airflow/dags/my_first_dag.py
[2026-03-14T03:34:30.086+0000] {processor.py:839} INFO - DAG(s) dict_keys(['my_first_pipeline']) retrieved from /opt/airflow/dags/my_first_dag.py
[2026-03-14T03:34:30.110+0000] {logging_mixin.py:154} INFO - [2026-03-14T03:34:30.110+0000] {dag.py:2941} INFO - Sync 1 DAGs
[2026-03-14T03:34:30.120+0000] {logging_mixin.py:154} INFO - [2026-03-14T03:34:30.120+0000] {dag.py:3722} INFO - Setting next_dagrun for my_first_pipeline to None, run_after=None
[2026-03-14T03:34:30.138+0000] {processor.py:179} INFO - Processing /opt/airflow/dags/my_first_dag.py took 0.071 seconds
[2026-03-14T03:35:00.297+0000] {processor.py:157} INFO - Started process (PID=5286) to work on /opt/airflow/dags/my_first_dag.py
[2026-03-14T03:35:00.298+0000] {processor.py:829} INFO - Processing file /opt/airflow/dags/my_first_dag.py for tasks to queue
[2026-03-14T03:35:00.299+0000] {logging_mixin.py:154} INFO - [2026-03-14T03:35:00.299+0000] {dagbag.py:536} INFO - Filling up the DagBag from /opt/airflow/dags/my_first_dag.py
[2026-03-14T03:35:00.310+0000] {processor.py:839} INFO - DAG(s) dict_keys(['my_first_pipeline']) retrieved from /opt/airflow/dags/my_first_dag.py
[2026-03-14T03:35:00.334+0000] {logging_mixin.py:154} INFO - [2026-03-14T03:35:00.334+0000] {dag.py:2941} INFO - Sync 1 DAGs
[2026-03-14T03:35:00.344+0000] {logging_mixin.py:154} INFO - [2026-03-14T03:35:00.344+0000] {dag.py:3722} INFO - Setting next_dagrun for my_first_pipeline to None, run_after=None
[2026-03-14T03:35:00.361+0000] {processor.py:179} INFO - Processing /opt/airflow/dags/my_first_dag.py took 0.069 seconds
[2026-03-14T03:35:30.528+0000] {processor.py:157} INFO - Started process (PID=5298) to work on /opt/airflow/dags/my_first_dag.py
[2026-03-14T03:35:30.529+0000] {processor.py:829} INFO - Processing file /opt/airflow/dags/my_first_dag.py for tasks to queue
[2026-03-14T03:35:30.530+0000] {logging_mixin.py:154} INFO - [2026-03-14T03:35:30.530+0000] {dagbag.py:536} INFO - Filling up the DagBag from /opt/airflow/dags/my_first_dag.py
[2026-03-14T03:35:30.538+0000] {processor.py:839} INFO - DAG(s) dict_keys(['my_first_pipeline']) retrieved from /opt/airflow/dags/my_first_dag.py
[2026-03-14T03:35:30.561+0000] {logging_mixin.py:154} INFO - [2026-03-14T03:35:30.561+0000] {dag.py:2941} INFO - Sync 1 DAGs
[2026-03-14T03:35:30.572+0000] {logging_mixin.py:154} INFO - [2026-03-14T03:35:30.572+0000] {dag.py:3722} INFO - Setting next_dagrun for my_first_pipeline to None, run_after=None
[2026-03-14T03:35:30.587+0000] {processor.py:179} INFO - Processing /opt/airflow/dags/my_first_dag.py took 0.061 seconds
[2026-03-14T03:36:00.777+0000] {processor.py:157} INFO - Started process (PID=5310) to work on /opt/airflow/dags/my_first_dag.py
[2026-03-14T03:36:00.778+0000] {processor.py:829} INFO - Processing file /opt/airflow/dags/my_first_dag.py for tasks to queue
[2026-03-14T03:36:00.779+0000] {logging_mixin.py:154} INFO - [2026-03-14T03:36:00.778+0000] {dagbag.py:536} INFO - Filling up the DagBag from /opt/airflow/dags/my_first_dag.py
[2026-03-14T03:36:00.787+0000] {processor.py:839} INFO - DAG(s) dict_keys(['my_first_pipeline']) retrieved from /opt/airflow/dags/my_first_dag.py
[2026-03-14T03:36:00.810+0000] {logging_mixin.py:154} INFO - [2026-03-14T03:36:00.810+0000] {dag.py:2941} INFO - Sync 1 DAGs
[2026-03-14T03:36:00.821+0000] {logging_mixin.py:154} INFO - [2026-03-14T03:36:00.821+0000] {dag.py:3722} INFO - Setting next_dagrun for my_first_pipeline to None, run_after=None
[2026-03-14T03:36:00.837+0000] {processor.py:179} INFO - Processing /opt/airflow/dags/my_first_dag.py took 0.063 seconds
[2026-03-14T03:36:30.997+0000] {processor.py:157} INFO - Started process (PID=5322) to work on /opt/airflow/dags/my_first_dag.py
[2026-03-14T03:36:30.999+0000] {processor.py:829} INFO - Processing file /opt/airflow/dags/my_first_dag.py for tasks to queue
[2026-03-14T03:36:31.000+0000] {logging_mixin.py:154} INFO - [2026-03-14T03:36:30.999+0000] {dagbag.py:536} INFO - Filling up the DagBag from /opt/airflow/dags/my_first_dag.py
[2026-03-14T03:36:31.009+0000] {processor.py:839} INFO - DAG(s) dict_keys(['my_first_pipeline']) retrieved from /opt/airflow/dags/my_first_dag.py
[2026-03-14T03:36:31.035+0000] {logging_mixin.py:154} INFO - [2026-03-14T03:36:31.035+0000] {dag.py:2941} INFO - Sync 1 DAGs
[2026-03-14T03:36:31.045+0000] {logging_mixin.py:154} INFO - [2026-03-14T03:36:31.045+0000] {dag.py:3722} INFO - Setting next_dagrun for my_first_pipeline to None, run_after=None
[2026-03-14T03:36:31.062+0000] {processor.py:179} INFO - Processing /opt/airflow/dags/my_first_dag.py took 0.069 seconds
[2026-03-14T03:37:01.274+0000] {processor.py:157} INFO - Started process (PID=5334) to work on /opt/airflow/dags/my_first_dag.py
[2026-03-14T03:37:01.275+0000] {processor.py:829} INFO - Processing file /opt/airflow/dags/my_first_dag.py for tasks to queue
[2026-03-14T03:37:01.276+0000] {logging_mixin.py:154} INFO - [2026-03-14T03:37:01.276+0000] {dagbag.py:536} INFO - Filling up the DagBag from /opt/airflow/dags/my_first_dag.py
[2026-03-14T03:37:01.286+0000] {processor.py:839} INFO - DAG(s) dict_keys(['my_first_pipeline']) retrieved from /opt/airflow/dags/my_first_dag.py
[2026-03-14T03:37:01.310+0000] {logging_mixin.py:154} INFO - [2026-03-14T03:37:01.309+0000] {dag.py:2941} INFO - Sync 1 DAGs
[2026-03-14T03:37:01.320+0000] {logging_mixin.py:154} INFO - [2026-03-14T03:37:01.320+0000] {dag.py:3722} INFO - Setting next_dagrun for my_first_pipeline to None, run_after=None
[2026-03-14T03:37:01.335+0000] {processor.py:179} INFO - Processing /opt/airflow/dags/my_first_dag.py took 0.064 seconds
[2026-03-14T03:37:31.480+0000] {processor.py:157} INFO - Started process (PID=5346) to work on /opt/airflow/dags/my_first_dag.py
[2026-03-14T03:37:31.481+0000] {processor.py:829} INFO - Processing file /opt/airflow/dags/my_first_dag.py for tasks to queue
[2026-03-14T03:37:31.482+0000] {logging_mixin.py:154} INFO - [2026-03-14T03:37:31.481+0000] {dagbag.py:536} INFO - Filling up the DagBag from /opt/airflow/dags/my_first_dag.py
[2026-03-14T03:37:31.491+0000] {processor.py:839} INFO - DAG(s) dict_keys(['my_first_pipeline']) retrieved from /opt/airflow/dags/my_first_dag.py
[2026-03-14T03:37:31.518+0000] {logging_mixin.py:154} INFO - [2026-03-14T03:37:31.517+0000] {dag.py:2941} INFO - Sync 1 DAGs
[2026-03-14T03:37:31.531+0000] {logging_mixin.py:154} INFO - [2026-03-14T03:37:31.530+0000] {dag.py:3722} INFO - Setting next_dagrun for my_first_pipeline to None, run_after=None
[2026-03-14T03:37:31.550+0000] {processor.py:179} INFO - Processing /opt/airflow/dags/my_first_dag.py took 0.074 seconds
[2026-03-14T03:38:01.706+0000] {processor.py:157} INFO - Started process (PID=5358) to work on /opt/airflow/dags/my_first_dag.py
[2026-03-14T03:38:01.707+0000] {processor.py:829} INFO - Processing file /opt/airflow/dags/my_first_dag.py for tasks to queue
[2026-03-14T03:38:01.708+0000] {logging_mixin.py:154} INFO - [2026-03-14T03:38:01.707+0000] {dagbag.py:536} INFO - Filling up the DagBag from /opt/airflow/dags/my_first_dag.py
[2026-03-14T03:38:01.719+0000] {processor.py:839} INFO - DAG(s) dict_keys(['my_first_pipeline']) retrieved from /opt/airflow/dags/my_first_dag.py
[2026-03-14T03:38:01.747+0000] {logging_mixin.py:154} INFO - [2026-03-14T03:38:01.747+0000] {dag.py:2941} INFO - Sync 1 DAGs
[2026-03-14T03:38:01.759+0000] {logging_mixin.py:154} INFO - [2026-03-14T03:38:01.759+0000] {dag.py:3722} INFO - Setting next_dagrun for my_first_pipeline to None, run_after=None
[2026-03-14T03:38:01.782+0000] {processor.py:179} INFO - Processing /opt/airflow/dags/my_first_dag.py took 0.080 seconds
[2026-03-14T03:38:31.943+0000] {processor.py:157} INFO - Started process (PID=5369) to work on /opt/airflow/dags/my_first_dag.py
[2026-03-14T03:38:31.944+0000] {processor.py:829} INFO - Processing file /opt/airflow/dags/my_first_dag.py for tasks to queue
[2026-03-14T03:38:31.945+0000] {logging_mixin.py:154} INFO - [2026-03-14T03:38:31.945+0000] {dagbag.py:536} INFO - Filling up the DagBag from /opt/airflow/dags/my_first_dag.py
[2026-03-14T03:38:31.953+0000] {processor.py:839} INFO - DAG(s) dict_keys(['my_first_pipeline']) retrieved from /opt/airflow/dags/my_first_dag.py
[2026-03-14T03:38:31.987+0000] {logging_mixin.py:154} INFO - [2026-03-14T03:38:31.986+0000] {dag.py:2941} INFO - Sync 1 DAGs
[2026-03-14T03:38:32.002+0000] {logging_mixin.py:154} INFO - [2026-03-14T03:38:32.002+0000] {dag.py:3722} INFO - Setting next_dagrun for my_first_pipeline to None, run_after=None
[2026-03-14T03:38:32.020+0000] {processor.py:179} INFO - Processing /opt/airflow/dags/my_first_dag.py took 0.080 seconds
[2026-03-14T03:39:02.203+0000] {processor.py:157} INFO - Started process (PID=5381) to work on /opt/airflow/dags/my_first_dag.py
[2026-03-14T03:39:02.204+0000] {processor.py:829} INFO - Processing file /opt/airflow/dags/my_first_dag.py for tasks to queue
[2026-03-14T03:39:02.204+0000] {logging_mixin.py:154} INFO - [2026-03-14T03:39:02.204+0000] {dagbag.py:536} INFO - Filling up the DagBag from /opt/airflow/dags/my_first_dag.py
[2026-03-14T03:39:02.213+0000] {processor.py:839} INFO - DAG(s) dict_keys(['my_first_pipeline']) retrieved from /opt/airflow/dags/my_first_dag.py
[2026-03-14T03:39:02.236+0000] {logging_mixin.py:154} INFO - [2026-03-14T03:39:02.236+0000] {dag.py:2941} INFO - Sync 1 DAGs
[2026-03-14T03:39:02.247+0000] {logging_mixin.py:154} INFO - [2026-03-14T03:39:02.247+0000] {dag.py:3722} INFO - Setting next_dagrun for my_first_pipeline to None, run_after=None
[2026-03-14T03:39:02.265+0000] {processor.py:179} INFO - Processing /opt/airflow/dags/my_first_dag.py took 0.066 seconds
[2026-03-14T03:39:32.437+0000] {processor.py:157} INFO - Started process (PID=5393) to work on /opt/airflow/dags/my_first_dag.py
[2026-03-14T03:39:32.437+0000] {processor.py:829} INFO - Processing file /opt/airflow/dags/my_first_dag.py for tasks to queue
[2026-03-14T03:39:32.438+0000] {logging_mixin.py:154} INFO - [2026-03-14T03:39:32.438+0000] {dagbag.py:536} INFO - Filling up the DagBag from /opt/airflow/dags/my_first_dag.py
[2026-03-14T03:39:32.446+0000] {processor.py:839} INFO - DAG(s) dict_keys(['my_first_pipeline']) retrieved from /opt/airflow/dags/my_first_dag.py
[2026-03-14T03:39:32.471+0000] {logging_mixin.py:154} INFO - [2026-03-14T03:39:32.471+0000] {dag.py:2941} INFO - Sync 1 DAGs
[2026-03-14T03:39:32.482+0000] {logging_mixin.py:154} INFO - [2026-03-14T03:39:32.482+0000] {dag.py:3722} INFO - Setting next_dagrun for my_first_pipeline to None, run_after=None
[2026-03-14T03:39:32.497+0000] {processor.py:179} INFO - Processing /opt/airflow/dags/my_first_dag.py took 0.063 seconds
[2026-03-14T03:40:02.633+0000] {processor.py:157} INFO - Started process (PID=5405) to work on /opt/airflow/dags/my_first_dag.py
[2026-03-14T03:40:02.635+0000] {processor.py:829} INFO - Processing file /opt/airflow/dags/my_first_dag.py for tasks to queue
[2026-03-14T03:40:02.635+0000] {logging_mixin.py:154} INFO - [2026-03-14T03:40:02.635+0000] {dagbag.py:536} INFO - Filling up the DagBag from /opt/airflow/dags/my_first_dag.py
[2026-03-14T03:40:02.644+0000] {processor.py:839} INFO - DAG(s) dict_keys(['my_first_pipeline']) retrieved from /opt/airflow/dags/my_first_dag.py
[2026-03-14T03:40:02.666+0000] {logging_mixin.py:154} INFO - [2026-03-14T03:40:02.666+0000] {dag.py:2941} INFO - Sync 1 DAGs
[2026-03-14T03:40:02.678+0000] {logging_mixin.py:154} INFO - [2026-03-14T03:40:02.678+0000] {dag.py:3722} INFO - Setting next_dagrun for my_first_pipeline to None, run_after=None
[2026-03-14T03:40:02.695+0000] {processor.py:179} INFO - Processing /opt/airflow/dags/my_first_dag.py took 0.066 seconds
[2026-03-14T03:40:32.840+0000] {processor.py:157} INFO - Started process (PID=5417) to work on /opt/airflow/dags/my_first_dag.py
[2026-03-14T03:40:32.841+0000] {processor.py:829} INFO - Processing file /opt/airflow/dags/my_first_dag.py for tasks to queue
[2026-03-14T03:40:32.842+0000] {logging_mixin.py:154} INFO - [2026-03-14T03:40:32.842+0000] {dagbag.py:536} INFO - Filling up the DagBag from /opt/airflow/dags/my_first_dag.py
[2026-03-14T03:40:32.855+0000] {processor.py:839} INFO - DAG(s) dict_keys(['my_first_pipeline']) retrieved from /opt/airflow/dags/my_first_dag.py
[2026-03-14T03:40:32.880+0000] {logging_mixin.py:154} INFO - [2026-03-14T03:40:32.879+0000] {dag.py:2941} INFO - Sync 1 DAGs
[2026-03-14T03:40:32.890+0000] {logging_mixin.py:154} INFO - [2026-03-14T03:40:32.890+0000] {dag.py:3722} INFO - Setting next_dagrun for my_first_pipeline to None, run_after=None
[2026-03-14T03:40:32.908+0000] {processor.py:179} INFO - Processing /opt/airflow/dags/my_first_dag.py took 0.073 seconds
[2026-03-14T03:41:03.129+0000] {processor.py:157} INFO - Started process (PID=5429) to work on /opt/airflow/dags/my_first_dag.py
[2026-03-14T03:41:03.130+0000] {processor.py:829} INFO - Processing file /opt/airflow/dags/my_first_dag.py for tasks to queue
[2026-03-14T03:41:03.131+0000] {logging_mixin.py:154} INFO - [2026-03-14T03:41:03.131+0000] {dagbag.py:536} INFO - Filling up the DagBag from /opt/airflow/dags/my_first_dag.py
[2026-03-14T03:41:03.142+0000] {processor.py:839} INFO - DAG(s) dict_keys(['my_first_pipeline']) retrieved from /opt/airflow/dags/my_first_dag.py
[2026-03-14T03:41:03.166+0000] {logging_mixin.py:154} INFO - [2026-03-14T03:41:03.166+0000] {dag.py:2941} INFO - Sync 1 DAGs
[2026-03-14T03:41:03.176+0000] {logging_mixin.py:154} INFO - [2026-03-14T03:41:03.176+0000] {dag.py:3722} INFO - Setting next_dagrun for my_first_pipeline to None, run_after=None
[2026-03-14T03:41:03.192+0000] {processor.py:179} INFO - Processing /opt/airflow/dags/my_first_dag.py took 0.068 seconds
[2026-03-14T03:41:33.333+0000] {processor.py:157} INFO - Started process (PID=5441) to work on /opt/airflow/dags/my_first_dag.py
[2026-03-14T03:41:33.334+0000] {processor.py:829} INFO - Processing file /opt/airflow/dags/my_first_dag.py for tasks to queue
[2026-03-14T03:41:33.335+0000] {logging_mixin.py:154} INFO - [2026-03-14T03:41:33.334+0000] {dagbag.py:536} INFO - Filling up the DagBag from /opt/airflow/dags/my_first_dag.py
[2026-03-14T03:41:33.345+0000] {processor.py:839} INFO - DAG(s) dict_keys(['my_first_pipeline']) retrieved from /opt/airflow/dags/my_first_dag.py
[2026-03-14T03:41:33.373+0000] {logging_mixin.py:154} INFO - [2026-03-14T03:41:33.373+0000] {dag.py:2941} INFO - Sync 1 DAGs
[2026-03-14T03:41:33.386+0000] {logging_mixin.py:154} INFO - [2026-03-14T03:41:33.385+0000] {dag.py:3722} INFO - Setting next_dagrun for my_first_pipeline to None, run_after=None
[2026-03-14T03:41:33.407+0000] {processor.py:179} INFO - Processing /opt/airflow/dags/my_first_dag.py took 0.078 seconds
[2026-03-14T03:42:03.580+0000] {processor.py:157} INFO - Started process (PID=5453) to work on /opt/airflow/dags/my_first_dag.py
[2026-03-14T03:42:03.581+0000] {processor.py:829} INFO - Processing file /opt/airflow/dags/my_first_dag.py for tasks to queue
[2026-03-14T03:42:03.582+0000] {logging_mixin.py:154} INFO - [2026-03-14T03:42:03.582+0000] {dagbag.py:536} INFO - Filling up the DagBag from /opt/airflow/dags/my_first_dag.py
[2026-03-14T03:42:03.593+0000] {processor.py:839} INFO - DAG(s) dict_keys(['my_first_pipeline']) retrieved from /opt/airflow/dags/my_first_dag.py
[2026-03-14T03:42:03.619+0000] {logging_mixin.py:154} INFO - [2026-03-14T03:42:03.619+0000] {dag.py:2941} INFO - Sync 1 DAGs
[2026-03-14T03:42:03.631+0000] {logging_mixin.py:154} INFO - [2026-03-14T03:42:03.631+0000] {dag.py:3722} INFO - Setting next_dagrun for my_first_pipeline to None, run_after=None
[2026-03-14T03:42:03.653+0000] {processor.py:179} INFO - Processing /opt/airflow/dags/my_first_dag.py took 0.077 seconds
[2026-03-14T03:42:33.783+0000] {processor.py:157} INFO - Started process (PID=5464) to work on /opt/airflow/dags/my_first_dag.py
[2026-03-14T03:42:33.784+0000] {processor.py:829} INFO - Processing file /opt/airflow/dags/my_first_dag.py for tasks to queue
[2026-03-14T03:42:33.784+0000] {logging_mixin.py:154} INFO - [2026-03-14T03:42:33.784+0000] {dagbag.py:536} INFO - Filling up the DagBag from /opt/airflow/dags/my_first_dag.py
[2026-03-14T03:42:33.793+0000] {processor.py:839} INFO - DAG(s) dict_keys(['my_first_pipeline']) retrieved from /opt/airflow/dags/my_first_dag.py
[2026-03-14T03:42:33.817+0000] {logging_mixin.py:154} INFO - [2026-03-14T03:42:33.817+0000] {dag.py:2941} INFO - Sync 1 DAGs
[2026-03-14T03:42:33.827+0000] {logging_mixin.py:154} INFO - [2026-03-14T03:42:33.827+0000] {dag.py:3722} INFO - Setting next_dagrun for my_first_pipeline to None, run_after=None
[2026-03-14T03:42:33.844+0000] {processor.py:179} INFO - Processing /opt/airflow/dags/my_first_dag.py took 0.065 seconds
[2026-03-14T03:43:04.069+0000] {processor.py:157} INFO - Started process (PID=5476) to work on /opt/airflow/dags/my_first_dag.py
[2026-03-14T03:43:04.070+0000] {processor.py:829} INFO - Processing file /opt/airflow/dags/my_first_dag.py for tasks to queue
[2026-03-14T03:43:04.071+0000] {logging_mixin.py:154} INFO - [2026-03-14T03:43:04.071+0000] {dagbag.py:536} INFO - Filling up the DagBag from /opt/airflow/dags/my_first_dag.py
[2026-03-14T03:43:04.082+0000] {processor.py:839} INFO - DAG(s) dict_keys(['my_first_pipeline']) retrieved from /opt/airflow/dags/my_first_dag.py
[2026-03-14T03:43:04.106+0000] {logging_mixin.py:154} INFO - [2026-03-14T03:43:04.106+0000] {dag.py:2941} INFO - Sync 1 DAGs
[2026-03-14T03:43:04.117+0000] {logging_mixin.py:154} INFO - [2026-03-14T03:43:04.116+0000] {dag.py:3722} INFO - Setting next_dagrun for my_first_pipeline to None, run_after=None
[2026-03-14T03:43:04.132+0000] {processor.py:179} INFO - Processing /opt/airflow/dags/my_first_dag.py took 0.067 seconds
[2026-03-14T03:43:34.259+0000] {processor.py:157} INFO - Started process (PID=5488) to work on /opt/airflow/dags/my_first_dag.py
[2026-03-14T03:43:34.260+0000] {processor.py:829} INFO - Processing file /opt/airflow/dags/my_first_dag.py for tasks to queue
[2026-03-14T03:43:34.261+0000] {logging_mixin.py:154} INFO - [2026-03-14T03:43:34.260+0000] {dagbag.py:536} INFO - Filling up the DagBag from /opt/airflow/dags/my_first_dag.py
[2026-03-14T03:43:34.269+0000] {processor.py:839} INFO - DAG(s) dict_keys(['my_first_pipeline']) retrieved from /opt/airflow/dags/my_first_dag.py
[2026-03-14T03:43:34.293+0000] {logging_mixin.py:154} INFO - [2026-03-14T03:43:34.293+0000] {dag.py:2941} INFO - Sync 1 DAGs
[2026-03-14T03:43:34.304+0000] {logging_mixin.py:154} INFO - [2026-03-14T03:43:34.304+0000] {dag.py:3722} INFO - Setting next_dagrun for my_first_pipeline to None, run_after=None
[2026-03-14T03:43:34.320+0000] {processor.py:179} INFO - Processing /opt/airflow/dags/my_first_dag.py took 0.064 seconds
[2026-03-14T03:44:04.524+0000] {processor.py:157} INFO - Started process (PID=5500) to work on /opt/airflow/dags/my_first_dag.py
[2026-03-14T03:44:04.525+0000] {processor.py:829} INFO - Processing file /opt/airflow/dags/my_first_dag.py for tasks to queue
[2026-03-14T03:44:04.526+0000] {logging_mixin.py:154} INFO - [2026-03-14T03:44:04.526+0000] {dagbag.py:536} INFO - Filling up the DagBag from /opt/airflow/dags/my_first_dag.py
[2026-03-14T03:44:04.536+0000] {processor.py:839} INFO - DAG(s) dict_keys(['my_first_pipeline']) retrieved from /opt/airflow/dags/my_first_dag.py
[2026-03-14T03:44:04.563+0000] {logging_mixin.py:154} INFO - [2026-03-14T03:44:04.563+0000] {dag.py:2941} INFO - Sync 1 DAGs
[2026-03-14T03:44:04.575+0000] {logging_mixin.py:154} INFO - [2026-03-14T03:44:04.575+0000] {dag.py:3722} INFO - Setting next_dagrun for my_first_pipeline to None, run_after=None
[2026-03-14T03:44:04.593+0000] {processor.py:179} INFO - Processing /opt/airflow/dags/my_first_dag.py took 0.073 seconds
[2026-03-14T03:44:34.776+0000] {processor.py:157} INFO - Started process (PID=5513) to work on /opt/airflow/dags/my_first_dag.py
[2026-03-14T03:44:34.780+0000] {processor.py:829} INFO - Processing file /opt/airflow/dags/my_first_dag.py for tasks to queue
[2026-03-14T03:44:34.781+0000] {logging_mixin.py:154} INFO - [2026-03-14T03:44:34.781+0000] {dagbag.py:536} INFO - Filling up the DagBag from /opt/airflow/dags/my_first_dag.py
[2026-03-14T03:44:34.792+0000] {processor.py:839} INFO - DAG(s) dict_keys(['my_first_pipeline']) retrieved from /opt/airflow/dags/my_first_dag.py
[2026-03-14T03:44:34.814+0000] {logging_mixin.py:154} INFO - [2026-03-14T03:44:34.814+0000] {dag.py:2941} INFO - Sync 1 DAGs
[2026-03-14T03:44:34.825+0000] {logging_mixin.py:154} INFO - [2026-03-14T03:44:34.825+0000] {dag.py:3722} INFO - Setting next_dagrun for my_first_pipeline to None, run_after=None
[2026-03-14T03:44:34.841+0000] {processor.py:179} INFO - Processing /opt/airflow/dags/my_first_dag.py took 0.070 seconds
[2026-03-14T03:45:05.016+0000] {processor.py:157} INFO - Started process (PID=5525) to work on /opt/airflow/dags/my_first_dag.py
[2026-03-14T03:45:05.017+0000] {processor.py:829} INFO - Processing file /opt/airflow/dags/my_first_dag.py for tasks to queue
[2026-03-14T03:45:05.018+0000] {logging_mixin.py:154} INFO - [2026-03-14T03:45:05.018+0000] {dagbag.py:536} INFO - Filling up the DagBag from /opt/airflow/dags/my_first_dag.py
[2026-03-14T03:45:05.026+0000] {processor.py:839} INFO - DAG(s) dict_keys(['my_first_pipeline']) retrieved from /opt/airflow/dags/my_first_dag.py
[2026-03-14T03:45:05.049+0000] {logging_mixin.py:154} INFO - [2026-03-14T03:45:05.049+0000] {dag.py:2941} INFO - Sync 1 DAGs
[2026-03-14T03:45:05.060+0000] {logging_mixin.py:154} INFO - [2026-03-14T03:45:05.060+0000] {dag.py:3722} INFO - Setting next_dagrun for my_first_pipeline to None, run_after=None
[2026-03-14T03:45:05.075+0000] {processor.py:179} INFO - Processing /opt/airflow/dags/my_first_dag.py took 0.062 seconds
[2026-03-14T03:45:35.225+0000] {processor.py:157} INFO - Started process (PID=5537) to work on /opt/airflow/dags/my_first_dag.py
[2026-03-14T03:45:35.227+0000] {processor.py:829} INFO - Processing file /opt/airflow/dags/my_first_dag.py for tasks to queue
[2026-03-14T03:45:35.227+0000] {logging_mixin.py:154} INFO - [2026-03-14T03:45:35.227+0000] {dagbag.py:536} INFO - Filling up the DagBag from /opt/airflow/dags/my_first_dag.py
[2026-03-14T03:45:35.238+0000] {processor.py:839} INFO - DAG(s) dict_keys(['my_first_pipeline']) retrieved from /opt/airflow/dags/my_first_dag.py
[2026-03-14T03:45:35.270+0000] {logging_mixin.py:154} INFO - [2026-03-14T03:45:35.269+0000] {dag.py:2941} INFO - Sync 1 DAGs
[2026-03-14T03:45:35.285+0000] {logging_mixin.py:154} INFO - [2026-03-14T03:45:35.285+0000] {dag.py:3722} INFO - Setting next_dagrun for my_first_pipeline to None, run_after=None
[2026-03-14T03:45:35.307+0000] {processor.py:179} INFO - Processing /opt/airflow/dags/my_first_dag.py took 0.086 seconds
[2026-03-14T03:46:05.432+0000] {processor.py:157} INFO - Started process (PID=5549) to work on /opt/airflow/dags/my_first_dag.py
[2026-03-14T03:46:05.434+0000] {processor.py:829} INFO - Processing file /opt/airflow/dags/my_first_dag.py for tasks to queue
[2026-03-14T03:46:05.434+0000] {logging_mixin.py:154} INFO - [2026-03-14T03:46:05.434+0000] {dagbag.py:536} INFO - Filling up the DagBag from /opt/airflow/dags/my_first_dag.py
[2026-03-14T03:46:05.444+0000] {processor.py:839} INFO - DAG(s) dict_keys(['my_first_pipeline']) retrieved from /opt/airflow/dags/my_first_dag.py
[2026-03-14T03:46:05.472+0000] {logging_mixin.py:154} INFO - [2026-03-14T03:46:05.471+0000] {dag.py:2941} INFO - Sync 1 DAGs
[2026-03-14T03:46:05.484+0000] {logging_mixin.py:154} INFO - [2026-03-14T03:46:05.484+0000] {dag.py:3722} INFO - Setting next_dagrun for my_first_pipeline to None, run_after=None
[2026-03-14T03:46:05.504+0000] {processor.py:179} INFO - Processing /opt/airflow/dags/my_first_dag.py took 0.075 seconds
[2026-03-14T03:46:35.687+0000] {processor.py:157} INFO - Started process (PID=5561) to work on /opt/airflow/dags/my_first_dag.py
[2026-03-14T03:46:35.687+0000] {processor.py:829} INFO - Processing file /opt/airflow/dags/my_first_dag.py for tasks to queue
[2026-03-14T03:46:35.688+0000] {logging_mixin.py:154} INFO - [2026-03-14T03:46:35.688+0000] {dagbag.py:536} INFO - Filling up the DagBag from /opt/airflow/dags/my_first_dag.py
[2026-03-14T03:46:35.696+0000] {processor.py:839} INFO - DAG(s) dict_keys(['my_first_pipeline']) retrieved from /opt/airflow/dags/my_first_dag.py
[2026-03-14T03:46:35.720+0000] {logging_mixin.py:154} INFO - [2026-03-14T03:46:35.720+0000] {dag.py:2941} INFO - Sync 1 DAGs
[2026-03-14T03:46:35.732+0000] {logging_mixin.py:154} INFO - [2026-03-14T03:46:35.732+0000] {dag.py:3722} INFO - Setting next_dagrun for my_first_pipeline to None, run_after=None
[2026-03-14T03:46:35.749+0000] {processor.py:179} INFO - Processing /opt/airflow/dags/my_first_dag.py took 0.065 seconds
[2026-03-14T03:47:05.925+0000] {processor.py:157} INFO - Started process (PID=5572) to work on /opt/airflow/dags/my_first_dag.py
[2026-03-14T03:47:05.925+0000] {processor.py:829} INFO - Processing file /opt/airflow/dags/my_first_dag.py for tasks to queue
[2026-03-14T03:47:05.926+0000] {logging_mixin.py:154} INFO - [2026-03-14T03:47:05.926+0000] {dagbag.py:536} INFO - Filling up the DagBag from /opt/airflow/dags/my_first_dag.py
[2026-03-14T03:47:05.935+0000] {processor.py:839} INFO - DAG(s) dict_keys(['my_first_pipeline']) retrieved from /opt/airflow/dags/my_first_dag.py
[2026-03-14T03:47:05.958+0000] {logging_mixin.py:154} INFO - [2026-03-14T03:47:05.957+0000] {dag.py:2941} INFO - Sync 1 DAGs
[2026-03-14T03:47:05.967+0000] {logging_mixin.py:154} INFO - [2026-03-14T03:47:05.967+0000] {dag.py:3722} INFO - Setting next_dagrun for my_first_pipeline to None, run_after=None
[2026-03-14T03:47:05.984+0000] {processor.py:179} INFO - Processing /opt/airflow/dags/my_first_dag.py took 0.063 seconds
[2026-03-14T03:47:36.151+0000] {processor.py:157} INFO - Started process (PID=5583) to work on /opt/airflow/dags/my_first_dag.py
[2026-03-14T03:47:36.152+0000] {processor.py:829} INFO - Processing file /opt/airflow/dags/my_first_dag.py for tasks to queue
[2026-03-14T03:47:36.153+0000] {logging_mixin.py:154} INFO - [2026-03-14T03:47:36.153+0000] {dagbag.py:536} INFO - Filling up the DagBag from /opt/airflow/dags/my_first_dag.py
[2026-03-14T03:47:36.161+0000] {processor.py:839} INFO - DAG(s) dict_keys(['my_first_pipeline']) retrieved from /opt/airflow/dags/my_first_dag.py
[2026-03-14T03:47:36.186+0000] {logging_mixin.py:154} INFO - [2026-03-14T03:47:36.186+0000] {dag.py:2941} INFO - Sync 1 DAGs
[2026-03-14T03:47:36.197+0000] {logging_mixin.py:154} INFO - [2026-03-14T03:47:36.197+0000] {dag.py:3722} INFO - Setting next_dagrun for my_first_pipeline to None, run_after=None
[2026-03-14T03:47:36.215+0000] {processor.py:179} INFO - Processing /opt/airflow/dags/my_first_dag.py took 0.067 seconds
[2026-03-14T03:48:06.420+0000] {processor.py:157} INFO - Started process (PID=5595) to work on /opt/airflow/dags/my_first_dag.py
[2026-03-14T03:48:06.421+0000] {processor.py:829} INFO - Processing file /opt/airflow/dags/my_first_dag.py for tasks to queue
[2026-03-14T03:48:06.421+0000] {logging_mixin.py:154} INFO - [2026-03-14T03:48:06.421+0000] {dagbag.py:536} INFO - Filling up the DagBag from /opt/airflow/dags/my_first_dag.py
[2026-03-14T03:48:06.430+0000] {processor.py:839} INFO - DAG(s) dict_keys(['my_first_pipeline']) retrieved from /opt/airflow/dags/my_first_dag.py
[2026-03-14T03:48:06.453+0000] {logging_mixin.py:154} INFO - [2026-03-14T03:48:06.453+0000] {dag.py:2941} INFO - Sync 1 DAGs
[2026-03-14T03:48:06.464+0000] {logging_mixin.py:154} INFO - [2026-03-14T03:48:06.464+0000] {dag.py:3722} INFO - Setting next_dagrun for my_first_pipeline to None, run_after=None
[2026-03-14T03:48:06.479+0000] {processor.py:179} INFO - Processing /opt/airflow/dags/my_first_dag.py took 0.062 seconds
[2026-03-14T03:48:36.634+0000] {processor.py:157} INFO - Started process (PID=5607) to work on /opt/airflow/dags/my_first_dag.py
[2026-03-14T03:48:36.635+0000] {processor.py:829} INFO - Processing file /opt/airflow/dags/my_first_dag.py for tasks to queue
[2026-03-14T03:48:36.636+0000] {logging_mixin.py:154} INFO - [2026-03-14T03:48:36.636+0000] {dagbag.py:536} INFO - Filling up the DagBag from /opt/airflow/dags/my_first_dag.py
[2026-03-14T03:48:36.644+0000] {processor.py:839} INFO - DAG(s) dict_keys(['my_first_pipeline']) retrieved from /opt/airflow/dags/my_first_dag.py
[2026-03-14T03:48:36.668+0000] {logging_mixin.py:154} INFO - [2026-03-14T03:48:36.668+0000] {dag.py:2941} INFO - Sync 1 DAGs
[2026-03-14T03:48:36.678+0000] {logging_mixin.py:154} INFO - [2026-03-14T03:48:36.678+0000] {dag.py:3722} INFO - Setting next_dagrun for my_first_pipeline to None, run_after=None
[2026-03-14T03:48:36.694+0000] {processor.py:179} INFO - Processing /opt/airflow/dags/my_first_dag.py took 0.064 seconds
[2026-03-14T03:49:06.865+0000] {processor.py:157} INFO - Started process (PID=5619) to work on /opt/airflow/dags/my_first_dag.py
[2026-03-14T03:49:06.867+0000] {processor.py:829} INFO - Processing file /opt/airflow/dags/my_first_dag.py for tasks to queue
[2026-03-14T03:49:06.867+0000] {logging_mixin.py:154} INFO - [2026-03-14T03:49:06.867+0000] {dagbag.py:536} INFO - Filling up the DagBag from /opt/airflow/dags/my_first_dag.py
[2026-03-14T03:49:06.876+0000] {processor.py:839} INFO - DAG(s) dict_keys(['my_first_pipeline']) retrieved from /opt/airflow/dags/my_first_dag.py
[2026-03-14T03:49:06.899+0000] {logging_mixin.py:154} INFO - [2026-03-14T03:49:06.899+0000] {dag.py:2941} INFO - Sync 1 DAGs
[2026-03-14T03:49:06.909+0000] {logging_mixin.py:154} INFO - [2026-03-14T03:49:06.909+0000] {dag.py:3722} INFO - Setting next_dagrun for my_first_pipeline to None, run_after=None
[2026-03-14T03:49:06.926+0000] {processor.py:179} INFO - Processing /opt/airflow/dags/my_first_dag.py took 0.063 seconds
[2026-03-14T03:49:37.079+0000] {processor.py:157} INFO - Started process (PID=5631) to work on /opt/airflow/dags/my_first_dag.py
[2026-03-14T03:49:37.081+0000] {processor.py:829} INFO - Processing file /opt/airflow/dags/my_first_dag.py for tasks to queue
[2026-03-14T03:49:37.081+0000] {logging_mixin.py:154} INFO - [2026-03-14T03:49:37.081+0000] {dagbag.py:536} INFO - Filling up the DagBag from /opt/airflow/dags/my_first_dag.py
[2026-03-14T03:49:37.093+0000] {processor.py:839} INFO - DAG(s) dict_keys(['my_first_pipeline']) retrieved from /opt/airflow/dags/my_first_dag.py
[2026-03-14T03:49:37.122+0000] {logging_mixin.py:154} INFO - [2026-03-14T03:49:37.121+0000] {dag.py:2941} INFO - Sync 1 DAGs
[2026-03-14T03:49:37.136+0000] {logging_mixin.py:154} INFO - [2026-03-14T03:49:37.136+0000] {dag.py:3722} INFO - Setting next_dagrun for my_first_pipeline to None, run_after=None
[2026-03-14T03:49:37.160+0000] {processor.py:179} INFO - Processing /opt/airflow/dags/my_first_dag.py took 0.084 seconds
[2026-03-14T03:50:07.289+0000] {processor.py:157} INFO - Started process (PID=5643) to work on /opt/airflow/dags/my_first_dag.py
[2026-03-14T03:50:07.291+0000] {processor.py:829} INFO - Processing file /opt/airflow/dags/my_first_dag.py for tasks to queue
[2026-03-14T03:50:07.291+0000] {logging_mixin.py:154} INFO - [2026-03-14T03:50:07.291+0000] {dagbag.py:536} INFO - Filling up the DagBag from /opt/airflow/dags/my_first_dag.py
[2026-03-14T03:50:07.301+0000] {processor.py:839} INFO - DAG(s) dict_keys(['my_first_pipeline']) retrieved from /opt/airflow/dags/my_first_dag.py
[2026-03-14T03:50:07.329+0000] {logging_mixin.py:154} INFO - [2026-03-14T03:50:07.329+0000] {dag.py:2941} INFO - Sync 1 DAGs
[2026-03-14T03:50:07.341+0000] {logging_mixin.py:154} INFO - [2026-03-14T03:50:07.341+0000] {dag.py:3722} INFO - Setting next_dagrun for my_first_pipeline to None, run_after=None
[2026-03-14T03:50:07.363+0000] {processor.py:179} INFO - Processing /opt/airflow/dags/my_first_dag.py took 0.077 seconds
[2026-03-14T03:50:37.535+0000] {processor.py:157} INFO - Started process (PID=5655) to work on /opt/airflow/dags/my_first_dag.py
[2026-03-14T03:50:37.536+0000] {processor.py:829} INFO - Processing file /opt/airflow/dags/my_first_dag.py for tasks to queue
[2026-03-14T03:50:37.537+0000] {logging_mixin.py:154} INFO - [2026-03-14T03:50:37.537+0000] {dagbag.py:536} INFO - Filling up the DagBag from /opt/airflow/dags/my_first_dag.py
[2026-03-14T03:50:37.545+0000] {processor.py:839} INFO - DAG(s) dict_keys(['my_first_pipeline']) retrieved from /opt/airflow/dags/my_first_dag.py
[2026-03-14T03:50:37.569+0000] {logging_mixin.py:154} INFO - [2026-03-14T03:50:37.568+0000] {dag.py:2941} INFO - Sync 1 DAGs
[2026-03-14T03:50:37.580+0000] {logging_mixin.py:154} INFO - [2026-03-14T03:50:37.579+0000] {dag.py:3722} INFO - Setting next_dagrun for my_first_pipeline to None, run_after=None
[2026-03-14T03:50:37.596+0000] {processor.py:179} INFO - Processing /opt/airflow/dags/my_first_dag.py took 0.064 seconds
[2026-03-14T03:51:07.786+0000] {processor.py:157} INFO - Started process (PID=5667) to work on /opt/airflow/dags/my_first_dag.py
[2026-03-14T03:51:07.787+0000] {processor.py:829} INFO - Processing file /opt/airflow/dags/my_first_dag.py for tasks to queue
[2026-03-14T03:51:07.788+0000] {logging_mixin.py:154} INFO - [2026-03-14T03:51:07.788+0000] {dagbag.py:536} INFO - Filling up the DagBag from /opt/airflow/dags/my_first_dag.py
[2026-03-14T03:51:07.799+0000] {processor.py:839} INFO - DAG(s) dict_keys(['my_first_pipeline']) retrieved from /opt/airflow/dags/my_first_dag.py
[2026-03-14T03:51:07.824+0000] {logging_mixin.py:154} INFO - [2026-03-14T03:51:07.824+0000] {dag.py:2941} INFO - Sync 1 DAGs
[2026-03-14T03:51:07.834+0000] {logging_mixin.py:154} INFO - [2026-03-14T03:51:07.834+0000] {dag.py:3722} INFO - Setting next_dagrun for my_first_pipeline to None, run_after=None
[2026-03-14T03:51:07.851+0000] {processor.py:179} INFO - Processing /opt/airflow/dags/my_first_dag.py took 0.070 seconds
[2026-03-14T03:51:38.069+0000] {processor.py:157} INFO - Started process (PID=5679) to work on /opt/airflow/dags/my_first_dag.py
[2026-03-14T03:51:38.070+0000] {processor.py:829} INFO - Processing file /opt/airflow/dags/my_first_dag.py for tasks to queue
[2026-03-14T03:51:38.071+0000] {logging_mixin.py:154} INFO - [2026-03-14T03:51:38.071+0000] {dagbag.py:536} INFO - Filling up the DagBag from /opt/airflow/dags/my_first_dag.py
[2026-03-14T03:51:38.083+0000] {processor.py:839} INFO - DAG(s) dict_keys(['my_first_pipeline']) retrieved from /opt/airflow/dags/my_first_dag.py
[2026-03-14T03:51:38.106+0000] {logging_mixin.py:154} INFO - [2026-03-14T03:51:38.106+0000] {dag.py:2941} INFO - Sync 1 DAGs
[2026-03-14T03:51:38.117+0000] {logging_mixin.py:154} INFO - [2026-03-14T03:51:38.116+0000] {dag.py:3722} INFO - Setting next_dagrun for my_first_pipeline to None, run_after=None
[2026-03-14T03:51:38.132+0000] {processor.py:179} INFO - Processing /opt/airflow/dags/my_first_dag.py took 0.068 seconds
[2026-03-14T03:52:08.298+0000] {processor.py:157} INFO - Started process (PID=5691) to work on /opt/airflow/dags/my_first_dag.py
[2026-03-14T03:52:08.299+0000] {processor.py:829} INFO - Processing file /opt/airflow/dags/my_first_dag.py for tasks to queue
[2026-03-14T03:52:08.299+0000] {logging_mixin.py:154} INFO - [2026-03-14T03:52:08.299+0000] {dagbag.py:536} INFO - Filling up the DagBag from /opt/airflow/dags/my_first_dag.py
[2026-03-14T03:52:08.309+0000] {processor.py:839} INFO - DAG(s) dict_keys(['my_first_pipeline']) retrieved from /opt/airflow/dags/my_first_dag.py
[2026-03-14T03:52:08.333+0000] {logging_mixin.py:154} INFO - [2026-03-14T03:52:08.333+0000] {dag.py:2941} INFO - Sync 1 DAGs
[2026-03-14T03:52:08.344+0000] {logging_mixin.py:154} INFO - [2026-03-14T03:52:08.344+0000] {dag.py:3722} INFO - Setting next_dagrun for my_first_pipeline to None, run_after=None
[2026-03-14T03:52:08.361+0000] {processor.py:179} INFO - Processing /opt/airflow/dags/my_first_dag.py took 0.067 seconds
[2026-03-14T03:52:38.539+0000] {processor.py:157} INFO - Started process (PID=5703) to work on /opt/airflow/dags/my_first_dag.py
[2026-03-14T03:52:38.539+0000] {processor.py:829} INFO - Processing file /opt/airflow/dags/my_first_dag.py for tasks to queue
[2026-03-14T03:52:38.540+0000] {logging_mixin.py:154} INFO - [2026-03-14T03:52:38.540+0000] {dagbag.py:536} INFO - Filling up the DagBag from /opt/airflow/dags/my_first_dag.py
[2026-03-14T03:52:38.549+0000] {processor.py:839} INFO - DAG(s) dict_keys(['my_first_pipeline']) retrieved from /opt/airflow/dags/my_first_dag.py
[2026-03-14T03:52:38.573+0000] {logging_mixin.py:154} INFO - [2026-03-14T03:52:38.573+0000] {dag.py:2941} INFO - Sync 1 DAGs
[2026-03-14T03:52:38.584+0000] {logging_mixin.py:154} INFO - [2026-03-14T03:52:38.584+0000] {dag.py:3722} INFO - Setting next_dagrun for my_first_pipeline to None, run_after=None
[2026-03-14T03:52:38.601+0000] {processor.py:179} INFO - Processing /opt/airflow/dags/my_first_dag.py took 0.065 seconds
[2026-03-14T03:53:08.762+0000] {processor.py:157} INFO - Started process (PID=5715) to work on /opt/airflow/dags/my_first_dag.py
[2026-03-14T03:53:08.762+0000] {processor.py:829} INFO - Processing file /opt/airflow/dags/my_first_dag.py for tasks to queue
[2026-03-14T03:53:08.763+0000] {logging_mixin.py:154} INFO - [2026-03-14T03:53:08.763+0000] {dagbag.py:536} INFO - Filling up the DagBag from /opt/airflow/dags/my_first_dag.py
[2026-03-14T03:53:08.774+0000] {processor.py:839} INFO - DAG(s) dict_keys(['my_first_pipeline']) retrieved from /opt/airflow/dags/my_first_dag.py
[2026-03-14T03:53:08.798+0000] {logging_mixin.py:154} INFO - [2026-03-14T03:53:08.798+0000] {dag.py:2941} INFO - Sync 1 DAGs
[2026-03-14T03:53:08.809+0000] {logging_mixin.py:154} INFO - [2026-03-14T03:53:08.809+0000] {dag.py:3722} INFO - Setting next_dagrun for my_first_pipeline to None, run_after=None
[2026-03-14T03:53:08.830+0000] {processor.py:179} INFO - Processing /opt/airflow/dags/my_first_dag.py took 0.071 seconds
[2026-03-14T03:53:38.972+0000] {processor.py:157} INFO - Started process (PID=5727) to work on /opt/airflow/dags/my_first_dag.py
[2026-03-14T03:53:38.973+0000] {processor.py:829} INFO - Processing file /opt/airflow/dags/my_first_dag.py for tasks to queue
[2026-03-14T03:53:38.974+0000] {logging_mixin.py:154} INFO - [2026-03-14T03:53:38.974+0000] {dagbag.py:536} INFO - Filling up the DagBag from /opt/airflow/dags/my_first_dag.py
[2026-03-14T03:53:38.984+0000] {processor.py:839} INFO - DAG(s) dict_keys(['my_first_pipeline']) retrieved from /opt/airflow/dags/my_first_dag.py
[2026-03-14T03:53:39.010+0000] {logging_mixin.py:154} INFO - [2026-03-14T03:53:39.010+0000] {dag.py:2941} INFO - Sync 1 DAGs
[2026-03-14T03:53:39.023+0000] {logging_mixin.py:154} INFO - [2026-03-14T03:53:39.023+0000] {dag.py:3722} INFO - Setting next_dagrun for my_first_pipeline to None, run_after=None
[2026-03-14T03:53:39.044+0000] {processor.py:179} INFO - Processing /opt/airflow/dags/my_first_dag.py took 0.075 seconds
[2026-03-14T03:54:09.191+0000] {processor.py:157} INFO - Started process (PID=5739) to work on /opt/airflow/dags/my_first_dag.py
[2026-03-14T03:54:09.192+0000] {processor.py:829} INFO - Processing file /opt/airflow/dags/my_first_dag.py for tasks to queue
[2026-03-14T03:54:09.193+0000] {logging_mixin.py:154} INFO - [2026-03-14T03:54:09.193+0000] {dagbag.py:536} INFO - Filling up the DagBag from /opt/airflow/dags/my_first_dag.py
[2026-03-14T03:54:09.205+0000] {processor.py:839} INFO - DAG(s) dict_keys(['my_first_pipeline']) retrieved from /opt/airflow/dags/my_first_dag.py
[2026-03-14T03:54:09.238+0000] {logging_mixin.py:154} INFO - [2026-03-14T03:54:09.238+0000] {dag.py:2941} INFO - Sync 1 DAGs
[2026-03-14T03:54:09.252+0000] {logging_mixin.py:154} INFO - [2026-03-14T03:54:09.252+0000] {dag.py:3722} INFO - Setting next_dagrun for my_first_pipeline to None, run_after=None
[2026-03-14T03:54:09.277+0000] {processor.py:179} INFO - Processing /opt/airflow/dags/my_first_dag.py took 0.090 seconds
[2026-03-14T03:54:39.399+0000] {processor.py:157} INFO - Started process (PID=5752) to work on /opt/airflow/dags/my_first_dag.py
[2026-03-14T03:54:39.400+0000] {processor.py:829} INFO - Processing file /opt/airflow/dags/my_first_dag.py for tasks to queue
[2026-03-14T03:54:39.401+0000] {logging_mixin.py:154} INFO - [2026-03-14T03:54:39.400+0000] {dagbag.py:536} INFO - Filling up the DagBag from /opt/airflow/dags/my_first_dag.py
[2026-03-14T03:54:39.409+0000] {processor.py:839} INFO - DAG(s) dict_keys(['my_first_pipeline']) retrieved from /opt/airflow/dags/my_first_dag.py
[2026-03-14T03:54:39.433+0000] {logging_mixin.py:154} INFO - [2026-03-14T03:54:39.433+0000] {dag.py:2941} INFO - Sync 1 DAGs
[2026-03-14T03:54:39.445+0000] {logging_mixin.py:154} INFO - [2026-03-14T03:54:39.445+0000] {dag.py:3722} INFO - Setting next_dagrun for my_first_pipeline to None, run_after=None
[2026-03-14T03:54:39.461+0000] {processor.py:179} INFO - Processing /opt/airflow/dags/my_first_dag.py took 0.066 seconds
[2026-03-14T03:55:09.725+0000] {processor.py:157} INFO - Started process (PID=5764) to work on /opt/airflow/dags/my_first_dag.py
[2026-03-14T03:55:09.727+0000] {processor.py:829} INFO - Processing file /opt/airflow/dags/my_first_dag.py for tasks to queue
[2026-03-14T03:55:09.727+0000] {logging_mixin.py:154} INFO - [2026-03-14T03:55:09.727+0000] {dagbag.py:536} INFO - Filling up the DagBag from /opt/airflow/dags/my_first_dag.py
[2026-03-14T03:55:09.737+0000] {processor.py:839} INFO - DAG(s) dict_keys(['my_first_pipeline']) retrieved from /opt/airflow/dags/my_first_dag.py
[2026-03-14T03:55:09.759+0000] {logging_mixin.py:154} INFO - [2026-03-14T03:55:09.759+0000] {dag.py:2941} INFO - Sync 1 DAGs
[2026-03-14T03:55:09.769+0000] {logging_mixin.py:154} INFO - [2026-03-14T03:55:09.769+0000] {dag.py:3722} INFO - Setting next_dagrun for my_first_pipeline to None, run_after=None
[2026-03-14T03:55:09.787+0000] {processor.py:179} INFO - Processing /opt/airflow/dags/my_first_dag.py took 0.066 seconds
[2026-03-14T03:55:39.948+0000] {processor.py:157} INFO - Started process (PID=5776) to work on /opt/airflow/dags/my_first_dag.py
[2026-03-14T03:55:39.949+0000] {processor.py:829} INFO - Processing file /opt/airflow/dags/my_first_dag.py for tasks to queue
[2026-03-14T03:55:39.950+0000] {logging_mixin.py:154} INFO - [2026-03-14T03:55:39.950+0000] {dagbag.py:536} INFO - Filling up the DagBag from /opt/airflow/dags/my_first_dag.py
[2026-03-14T03:55:39.958+0000] {processor.py:839} INFO - DAG(s) dict_keys(['my_first_pipeline']) retrieved from /opt/airflow/dags/my_first_dag.py
[2026-03-14T03:55:39.982+0000] {logging_mixin.py:154} INFO - [2026-03-14T03:55:39.982+0000] {dag.py:2941} INFO - Sync 1 DAGs
[2026-03-14T03:55:39.992+0000] {logging_mixin.py:154} INFO - [2026-03-14T03:55:39.992+0000] {dag.py:3722} INFO - Setting next_dagrun for my_first_pipeline to None, run_after=None
[2026-03-14T03:55:40.011+0000] {processor.py:179} INFO - Processing /opt/airflow/dags/my_first_dag.py took 0.066 seconds
[2026-03-14T03:56:10.182+0000] {processor.py:157} INFO - Started process (PID=5794) to work on /opt/airflow/dags/my_first_dag.py
[2026-03-14T03:56:10.183+0000] {processor.py:829} INFO - Processing file /opt/airflow/dags/my_first_dag.py for tasks to queue
[2026-03-14T03:56:10.184+0000] {logging_mixin.py:154} INFO - [2026-03-14T03:56:10.184+0000] {dagbag.py:536} INFO - Filling up the DagBag from /opt/airflow/dags/my_first_dag.py
[2026-03-14T03:56:10.192+0000] {processor.py:839} INFO - DAG(s) dict_keys(['my_first_pipeline']) retrieved from /opt/airflow/dags/my_first_dag.py
[2026-03-14T03:56:10.217+0000] {logging_mixin.py:154} INFO - [2026-03-14T03:56:10.216+0000] {dag.py:2941} INFO - Sync 1 DAGs
[2026-03-14T03:56:10.228+0000] {logging_mixin.py:154} INFO - [2026-03-14T03:56:10.228+0000] {dag.py:3722} INFO - Setting next_dagrun for my_first_pipeline to None, run_after=None
[2026-03-14T03:56:10.244+0000] {processor.py:179} INFO - Processing /opt/airflow/dags/my_first_dag.py took 0.065 seconds
[2026-03-14T03:56:40.376+0000] {processor.py:157} INFO - Started process (PID=5806) to work on /opt/airflow/dags/my_first_dag.py
[2026-03-14T03:56:40.377+0000] {processor.py:829} INFO - Processing file /opt/airflow/dags/my_first_dag.py for tasks to queue
[2026-03-14T03:56:40.377+0000] {logging_mixin.py:154} INFO - [2026-03-14T03:56:40.377+0000] {dagbag.py:536} INFO - Filling up the DagBag from /opt/airflow/dags/my_first_dag.py
[2026-03-14T03:56:40.386+0000] {processor.py:839} INFO - DAG(s) dict_keys(['my_first_pipeline']) retrieved from /opt/airflow/dags/my_first_dag.py
[2026-03-14T03:56:40.410+0000] {logging_mixin.py:154} INFO - [2026-03-14T03:56:40.410+0000] {dag.py:2941} INFO - Sync 1 DAGs
[2026-03-14T03:56:40.421+0000] {logging_mixin.py:154} INFO - [2026-03-14T03:56:40.421+0000] {dag.py:3722} INFO - Setting next_dagrun for my_first_pipeline to None, run_after=None
[2026-03-14T03:56:40.438+0000] {processor.py:179} INFO - Processing /opt/airflow/dags/my_first_dag.py took 0.066 seconds
[2026-03-14T03:57:10.590+0000] {processor.py:157} INFO - Started process (PID=5818) to work on /opt/airflow/dags/my_first_dag.py
[2026-03-14T03:57:10.591+0000] {processor.py:829} INFO - Processing file /opt/airflow/dags/my_first_dag.py for tasks to queue
[2026-03-14T03:57:10.592+0000] {logging_mixin.py:154} INFO - [2026-03-14T03:57:10.592+0000] {dagbag.py:536} INFO - Filling up the DagBag from /opt/airflow/dags/my_first_dag.py
[2026-03-14T03:57:10.600+0000] {processor.py:839} INFO - DAG(s) dict_keys(['my_first_pipeline']) retrieved from /opt/airflow/dags/my_first_dag.py
[2026-03-14T03:57:10.626+0000] {logging_mixin.py:154} INFO - [2026-03-14T03:57:10.626+0000] {dag.py:2941} INFO - Sync 1 DAGs
[2026-03-14T03:57:10.637+0000] {logging_mixin.py:154} INFO - [2026-03-14T03:57:10.636+0000] {dag.py:3722} INFO - Setting next_dagrun for my_first_pipeline to None, run_after=None
[2026-03-14T03:57:10.653+0000] {processor.py:179} INFO - Processing /opt/airflow/dags/my_first_dag.py took 0.067 seconds
[2026-03-14T03:57:40.827+0000] {processor.py:157} INFO - Started process (PID=5830) to work on /opt/airflow/dags/my_first_dag.py
[2026-03-14T03:57:40.828+0000] {processor.py:829} INFO - Processing file /opt/airflow/dags/my_first_dag.py for tasks to queue
[2026-03-14T03:57:40.829+0000] {logging_mixin.py:154} INFO - [2026-03-14T03:57:40.829+0000] {dagbag.py:536} INFO - Filling up the DagBag from /opt/airflow/dags/my_first_dag.py
[2026-03-14T03:57:40.839+0000] {processor.py:839} INFO - DAG(s) dict_keys(['my_first_pipeline']) retrieved from /opt/airflow/dags/my_first_dag.py
[2026-03-14T03:57:40.867+0000] {logging_mixin.py:154} INFO - [2026-03-14T03:57:40.867+0000] {dag.py:2941} INFO - Sync 1 DAGs
[2026-03-14T03:57:40.879+0000] {logging_mixin.py:154} INFO - [2026-03-14T03:57:40.879+0000] {dag.py:3722} INFO - Setting next_dagrun for my_first_pipeline to None, run_after=None
[2026-03-14T03:57:40.900+0000] {processor.py:179} INFO - Processing /opt/airflow/dags/my_first_dag.py took 0.077 seconds
[2026-03-14T03:58:11.043+0000] {processor.py:157} INFO - Started process (PID=5842) to work on /opt/airflow/dags/my_first_dag.py
[2026-03-14T03:58:11.045+0000] {processor.py:829} INFO - Processing file /opt/airflow/dags/my_first_dag.py for tasks to queue
[2026-03-14T03:58:11.046+0000] {logging_mixin.py:154} INFO - [2026-03-14T03:58:11.045+0000] {dagbag.py:536} INFO - Filling up the DagBag from /opt/airflow/dags/my_first_dag.py
[2026-03-14T03:58:11.057+0000] {processor.py:839} INFO - DAG(s) dict_keys(['my_first_pipeline']) retrieved from /opt/airflow/dags/my_first_dag.py
[2026-03-14T03:58:11.084+0000] {logging_mixin.py:154} INFO - [2026-03-14T03:58:11.084+0000] {dag.py:2941} INFO - Sync 1 DAGs
[2026-03-14T03:58:11.096+0000] {logging_mixin.py:154} INFO - [2026-03-14T03:58:11.096+0000] {dag.py:3722} INFO - Setting next_dagrun for my_first_pipeline to None, run_after=None
[2026-03-14T03:58:11.118+0000] {processor.py:179} INFO - Processing /opt/airflow/dags/my_first_dag.py took 0.078 seconds
[2026-03-14T03:58:41.265+0000] {processor.py:157} INFO - Started process (PID=5854) to work on /opt/airflow/dags/my_first_dag.py
[2026-03-14T03:58:41.266+0000] {processor.py:829} INFO - Processing file /opt/airflow/dags/my_first_dag.py for tasks to queue
[2026-03-14T03:58:41.267+0000] {logging_mixin.py:154} INFO - [2026-03-14T03:58:41.266+0000] {dagbag.py:536} INFO - Filling up the DagBag from /opt/airflow/dags/my_first_dag.py
[2026-03-14T03:58:41.276+0000] {processor.py:839} INFO - DAG(s) dict_keys(['my_first_pipeline']) retrieved from /opt/airflow/dags/my_first_dag.py
[2026-03-14T03:58:41.299+0000] {logging_mixin.py:154} INFO - [2026-03-14T03:58:41.299+0000] {dag.py:2941} INFO - Sync 1 DAGs
[2026-03-14T03:58:41.310+0000] {logging_mixin.py:154} INFO - [2026-03-14T03:58:41.310+0000] {dag.py:3722} INFO - Setting next_dagrun for my_first_pipeline to None, run_after=None
[2026-03-14T03:58:41.326+0000] {processor.py:179} INFO - Processing /opt/airflow/dags/my_first_dag.py took 0.064 seconds
[2026-03-14T03:59:11.489+0000] {processor.py:157} INFO - Started process (PID=5866) to work on /opt/airflow/dags/my_first_dag.py
[2026-03-14T03:59:11.490+0000] {processor.py:829} INFO - Processing file /opt/airflow/dags/my_first_dag.py for tasks to queue
[2026-03-14T03:59:11.491+0000] {logging_mixin.py:154} INFO - [2026-03-14T03:59:11.491+0000] {dagbag.py:536} INFO - Filling up the DagBag from /opt/airflow/dags/my_first_dag.py
[2026-03-14T03:59:11.499+0000] {processor.py:839} INFO - DAG(s) dict_keys(['my_first_pipeline']) retrieved from /opt/airflow/dags/my_first_dag.py
[2026-03-14T03:59:11.523+0000] {logging_mixin.py:154} INFO - [2026-03-14T03:59:11.523+0000] {dag.py:2941} INFO - Sync 1 DAGs
[2026-03-14T03:59:11.534+0000] {logging_mixin.py:154} INFO - [2026-03-14T03:59:11.534+0000] {dag.py:3722} INFO - Setting next_dagrun for my_first_pipeline to None, run_after=None
[2026-03-14T03:59:11.551+0000] {processor.py:179} INFO - Processing /opt/airflow/dags/my_first_dag.py took 0.064 seconds
[2026-03-14T03:59:41.718+0000] {processor.py:157} INFO - Started process (PID=5878) to work on /opt/airflow/dags/my_first_dag.py
[2026-03-14T03:59:41.719+0000] {processor.py:829} INFO - Processing file /opt/airflow/dags/my_first_dag.py for tasks to queue
[2026-03-14T03:59:41.720+0000] {logging_mixin.py:154} INFO - [2026-03-14T03:59:41.719+0000] {dagbag.py:536} INFO - Filling up the DagBag from /opt/airflow/dags/my_first_dag.py
[2026-03-14T03:59:41.728+0000] {processor.py:839} INFO - DAG(s) dict_keys(['my_first_pipeline']) retrieved from /opt/airflow/dags/my_first_dag.py
[2026-03-14T03:59:41.752+0000] {logging_mixin.py:154} INFO - [2026-03-14T03:59:41.752+0000] {dag.py:2941} INFO - Sync 1 DAGs
[2026-03-14T03:59:41.762+0000] {logging_mixin.py:154} INFO - [2026-03-14T03:59:41.762+0000] {dag.py:3722} INFO - Setting next_dagrun for my_first_pipeline to None, run_after=None
[2026-03-14T03:59:41.778+0000] {processor.py:179} INFO - Processing /opt/airflow/dags/my_first_dag.py took 0.063 seconds
[2026-03-14T04:00:11.927+0000] {processor.py:157} INFO - Started process (PID=5890) to work on /opt/airflow/dags/my_first_dag.py
[2026-03-14T04:00:11.928+0000] {processor.py:829} INFO - Processing file /opt/airflow/dags/my_first_dag.py for tasks to queue
[2026-03-14T04:00:11.929+0000] {logging_mixin.py:154} INFO - [2026-03-14T04:00:11.928+0000] {dagbag.py:536} INFO - Filling up the DagBag from /opt/airflow/dags/my_first_dag.py
[2026-03-14T04:00:11.937+0000] {processor.py:839} INFO - DAG(s) dict_keys(['my_first_pipeline']) retrieved from /opt/airflow/dags/my_first_dag.py
[2026-03-14T04:00:11.962+0000] {logging_mixin.py:154} INFO - [2026-03-14T04:00:11.962+0000] {dag.py:2941} INFO - Sync 1 DAGs
[2026-03-14T04:00:11.972+0000] {logging_mixin.py:154} INFO - [2026-03-14T04:00:11.972+0000] {dag.py:3722} INFO - Setting next_dagrun for my_first_pipeline to None, run_after=None
[2026-03-14T04:00:11.988+0000] {processor.py:179} INFO - Processing /opt/airflow/dags/my_first_dag.py took 0.064 seconds
[2026-03-14T04:00:42.177+0000] {processor.py:157} INFO - Started process (PID=5902) to work on /opt/airflow/dags/my_first_dag.py
[2026-03-14T04:00:42.178+0000] {processor.py:829} INFO - Processing file /opt/airflow/dags/my_first_dag.py for tasks to queue
[2026-03-14T04:00:42.179+0000] {logging_mixin.py:154} INFO - [2026-03-14T04:00:42.179+0000] {dagbag.py:536} INFO - Filling up the DagBag from /opt/airflow/dags/my_first_dag.py
[2026-03-14T04:00:42.189+0000] {processor.py:839} INFO - DAG(s) dict_keys(['my_first_pipeline']) retrieved from /opt/airflow/dags/my_first_dag.py
[2026-03-14T04:00:42.216+0000] {logging_mixin.py:154} INFO - [2026-03-14T04:00:42.216+0000] {dag.py:2941} INFO - Sync 1 DAGs
[2026-03-14T04:00:42.226+0000] {logging_mixin.py:154} INFO - [2026-03-14T04:00:42.226+0000] {dag.py:3722} INFO - Setting next_dagrun for my_first_pipeline to None, run_after=None
[2026-03-14T04:00:42.243+0000] {processor.py:179} INFO - Processing /opt/airflow/dags/my_first_dag.py took 0.068 seconds
[2026-03-14T04:01:12.417+0000] {processor.py:157} INFO - Started process (PID=5914) to work on /opt/airflow/dags/my_first_dag.py
[2026-03-14T04:01:12.418+0000] {processor.py:829} INFO - Processing file /opt/airflow/dags/my_first_dag.py for tasks to queue
[2026-03-14T04:01:12.419+0000] {logging_mixin.py:154} INFO - [2026-03-14T04:01:12.418+0000] {dagbag.py:536} INFO - Filling up the DagBag from /opt/airflow/dags/my_first_dag.py
[2026-03-14T04:01:12.429+0000] {processor.py:839} INFO - DAG(s) dict_keys(['my_first_pipeline']) retrieved from /opt/airflow/dags/my_first_dag.py
[2026-03-14T04:01:12.454+0000] {logging_mixin.py:154} INFO - [2026-03-14T04:01:12.454+0000] {dag.py:2941} INFO - Sync 1 DAGs
[2026-03-14T04:01:12.464+0000] {logging_mixin.py:154} INFO - [2026-03-14T04:01:12.464+0000] {dag.py:3722} INFO - Setting next_dagrun for my_first_pipeline to None, run_after=None
[2026-03-14T04:01:12.482+0000] {processor.py:179} INFO - Processing /opt/airflow/dags/my_first_dag.py took 0.070 seconds
[2026-03-14T04:01:42.646+0000] {processor.py:157} INFO - Started process (PID=5926) to work on /opt/airflow/dags/my_first_dag.py
[2026-03-14T04:01:42.647+0000] {processor.py:829} INFO - Processing file /opt/airflow/dags/my_first_dag.py for tasks to queue
[2026-03-14T04:01:42.648+0000] {logging_mixin.py:154} INFO - [2026-03-14T04:01:42.648+0000] {dagbag.py:536} INFO - Filling up the DagBag from /opt/airflow/dags/my_first_dag.py
[2026-03-14T04:01:42.658+0000] {processor.py:839} INFO - DAG(s) dict_keys(['my_first_pipeline']) retrieved from /opt/airflow/dags/my_first_dag.py
[2026-03-14T04:01:42.686+0000] {logging_mixin.py:154} INFO - [2026-03-14T04:01:42.686+0000] {dag.py:2941} INFO - Sync 1 DAGs
[2026-03-14T04:01:42.699+0000] {logging_mixin.py:154} INFO - [2026-03-14T04:01:42.699+0000] {dag.py:3722} INFO - Setting next_dagrun for my_first_pipeline to None, run_after=None
[2026-03-14T04:01:42.721+0000] {processor.py:179} INFO - Processing /opt/airflow/dags/my_first_dag.py took 0.079 seconds
[2026-03-14T04:02:12.846+0000] {processor.py:157} INFO - Started process (PID=5938) to work on /opt/airflow/dags/my_first_dag.py
[2026-03-14T04:02:12.847+0000] {processor.py:829} INFO - Processing file /opt/airflow/dags/my_first_dag.py for tasks to queue
[2026-03-14T04:02:12.847+0000] {logging_mixin.py:154} INFO - [2026-03-14T04:02:12.847+0000] {dagbag.py:536} INFO - Filling up the DagBag from /opt/airflow/dags/my_first_dag.py
[2026-03-14T04:02:12.857+0000] {processor.py:839} INFO - DAG(s) dict_keys(['my_first_pipeline']) retrieved from /opt/airflow/dags/my_first_dag.py
[2026-03-14T04:02:12.886+0000] {logging_mixin.py:154} INFO - [2026-03-14T04:02:12.886+0000] {dag.py:2941} INFO - Sync 1 DAGs
[2026-03-14T04:02:12.899+0000] {logging_mixin.py:154} INFO - [2026-03-14T04:02:12.899+0000] {dag.py:3722} INFO - Setting next_dagrun for my_first_pipeline to None, run_after=None
[2026-03-14T04:02:12.921+0000] {processor.py:179} INFO - Processing /opt/airflow/dags/my_first_dag.py took 0.079 seconds
[2026-03-14T04:02:43.088+0000] {processor.py:157} INFO - Started process (PID=5950) to work on /opt/airflow/dags/my_first_dag.py
[2026-03-14T04:02:43.089+0000] {processor.py:829} INFO - Processing file /opt/airflow/dags/my_first_dag.py for tasks to queue
[2026-03-14T04:02:43.090+0000] {logging_mixin.py:154} INFO - [2026-03-14T04:02:43.089+0000] {dagbag.py:536} INFO - Filling up the DagBag from /opt/airflow/dags/my_first_dag.py
[2026-03-14T04:02:43.098+0000] {processor.py:839} INFO - DAG(s) dict_keys(['my_first_pipeline']) retrieved from /opt/airflow/dags/my_first_dag.py
[2026-03-14T04:02:43.122+0000] {logging_mixin.py:154} INFO - [2026-03-14T04:02:43.122+0000] {dag.py:2941} INFO - Sync 1 DAGs
[2026-03-14T04:02:43.133+0000] {logging_mixin.py:154} INFO - [2026-03-14T04:02:43.132+0000] {dag.py:3722} INFO - Setting next_dagrun for my_first_pipeline to None, run_after=None
[2026-03-14T04:02:43.148+0000] {processor.py:179} INFO - Processing /opt/airflow/dags/my_first_dag.py took 0.063 seconds
[2026-03-14T04:03:13.313+0000] {processor.py:157} INFO - Started process (PID=5962) to work on /opt/airflow/dags/my_first_dag.py
[2026-03-14T04:03:13.314+0000] {processor.py:829} INFO - Processing file /opt/airflow/dags/my_first_dag.py for tasks to queue
[2026-03-14T04:03:13.315+0000] {logging_mixin.py:154} INFO - [2026-03-14T04:03:13.315+0000] {dagbag.py:536} INFO - Filling up the DagBag from /opt/airflow/dags/my_first_dag.py
[2026-03-14T04:03:13.323+0000] {processor.py:839} INFO - DAG(s) dict_keys(['my_first_pipeline']) retrieved from /opt/airflow/dags/my_first_dag.py
[2026-03-14T04:03:13.348+0000] {logging_mixin.py:154} INFO - [2026-03-14T04:03:13.348+0000] {dag.py:2941} INFO - Sync 1 DAGs
[2026-03-14T04:03:13.358+0000] {logging_mixin.py:154} INFO - [2026-03-14T04:03:13.358+0000] {dag.py:3722} INFO - Setting next_dagrun for my_first_pipeline to None, run_after=None
[2026-03-14T04:03:13.373+0000] {processor.py:179} INFO - Processing /opt/airflow/dags/my_first_dag.py took 0.063 seconds
[2026-03-14T04:03:43.541+0000] {processor.py:157} INFO - Started process (PID=5974) to work on /opt/airflow/dags/my_first_dag.py
[2026-03-14T04:03:43.542+0000] {processor.py:829} INFO - Processing file /opt/airflow/dags/my_first_dag.py for tasks to queue
[2026-03-14T04:03:43.543+0000] {logging_mixin.py:154} INFO - [2026-03-14T04:03:43.543+0000] {dagbag.py:536} INFO - Filling up the DagBag from /opt/airflow/dags/my_first_dag.py
[2026-03-14T04:03:43.552+0000] {processor.py:839} INFO - DAG(s) dict_keys(['my_first_pipeline']) retrieved from /opt/airflow/dags/my_first_dag.py
[2026-03-14T04:03:43.576+0000] {logging_mixin.py:154} INFO - [2026-03-14T04:03:43.576+0000] {dag.py:2941} INFO - Sync 1 DAGs
[2026-03-14T04:03:43.587+0000] {logging_mixin.py:154} INFO - [2026-03-14T04:03:43.587+0000] {dag.py:3722} INFO - Setting next_dagrun for my_first_pipeline to None, run_after=None
[2026-03-14T04:03:43.603+0000] {processor.py:179} INFO - Processing /opt/airflow/dags/my_first_dag.py took 0.064 seconds
[2026-03-14T04:04:13.787+0000] {processor.py:157} INFO - Started process (PID=5986) to work on /opt/airflow/dags/my_first_dag.py
[2026-03-14T04:04:13.789+0000] {processor.py:829} INFO - Processing file /opt/airflow/dags/my_first_dag.py for tasks to queue
[2026-03-14T04:04:13.789+0000] {logging_mixin.py:154} INFO - [2026-03-14T04:04:13.789+0000] {dagbag.py:536} INFO - Filling up the DagBag from /opt/airflow/dags/my_first_dag.py
[2026-03-14T04:04:13.798+0000] {processor.py:839} INFO - DAG(s) dict_keys(['my_first_pipeline']) retrieved from /opt/airflow/dags/my_first_dag.py
[2026-03-14T04:04:13.823+0000] {logging_mixin.py:154} INFO - [2026-03-14T04:04:13.822+0000] {dag.py:2941} INFO - Sync 1 DAGs
[2026-03-14T04:04:13.833+0000] {logging_mixin.py:154} INFO - [2026-03-14T04:04:13.833+0000] {dag.py:3722} INFO - Setting next_dagrun for my_first_pipeline to None, run_after=None
[2026-03-14T04:04:13.850+0000] {processor.py:179} INFO - Processing /opt/airflow/dags/my_first_dag.py took 0.065 seconds
[2026-03-14T04:04:44.032+0000] {processor.py:157} INFO - Started process (PID=5998) to work on /opt/airflow/dags/my_first_dag.py
[2026-03-14T04:04:44.033+0000] {processor.py:829} INFO - Processing file /opt/airflow/dags/my_first_dag.py for tasks to queue
[2026-03-14T04:04:44.034+0000] {logging_mixin.py:154} INFO - [2026-03-14T04:04:44.033+0000] {dagbag.py:536} INFO - Filling up the DagBag from /opt/airflow/dags/my_first_dag.py
[2026-03-14T04:04:44.042+0000] {processor.py:839} INFO - DAG(s) dict_keys(['my_first_pipeline']) retrieved from /opt/airflow/dags/my_first_dag.py
[2026-03-14T04:04:44.065+0000] {logging_mixin.py:154} INFO - [2026-03-14T04:04:44.065+0000] {dag.py:2941} INFO - Sync 1 DAGs
[2026-03-14T04:04:44.076+0000] {logging_mixin.py:154} INFO - [2026-03-14T04:04:44.076+0000] {dag.py:3722} INFO - Setting next_dagrun for my_first_pipeline to None, run_after=None
[2026-03-14T04:04:44.093+0000] {processor.py:179} INFO - Processing /opt/airflow/dags/my_first_dag.py took 0.064 seconds
[2026-03-14T04:05:14.255+0000] {processor.py:157} INFO - Started process (PID=6009) to work on /opt/airflow/dags/my_first_dag.py
[2026-03-14T04:05:14.257+0000] {processor.py:829} INFO - Processing file /opt/airflow/dags/my_first_dag.py for tasks to queue
[2026-03-14T04:05:14.257+0000] {logging_mixin.py:154} INFO - [2026-03-14T04:05:14.257+0000] {dagbag.py:536} INFO - Filling up the DagBag from /opt/airflow/dags/my_first_dag.py
[2026-03-14T04:05:14.267+0000] {processor.py:839} INFO - DAG(s) dict_keys(['my_first_pipeline']) retrieved from /opt/airflow/dags/my_first_dag.py
[2026-03-14T04:05:14.296+0000] {logging_mixin.py:154} INFO - [2026-03-14T04:05:14.296+0000] {dag.py:2941} INFO - Sync 1 DAGs
[2026-03-14T04:05:14.310+0000] {logging_mixin.py:154} INFO - [2026-03-14T04:05:14.310+0000] {dag.py:3722} INFO - Setting next_dagrun for my_first_pipeline to None, run_after=None
[2026-03-14T04:05:14.333+0000] {processor.py:179} INFO - Processing /opt/airflow/dags/my_first_dag.py took 0.081 seconds
[2026-03-14T04:05:44.491+0000] {processor.py:157} INFO - Started process (PID=6021) to work on /opt/airflow/dags/my_first_dag.py
[2026-03-14T04:05:44.492+0000] {processor.py:829} INFO - Processing file /opt/airflow/dags/my_first_dag.py for tasks to queue
[2026-03-14T04:05:44.493+0000] {logging_mixin.py:154} INFO - [2026-03-14T04:05:44.493+0000] {dagbag.py:536} INFO - Filling up the DagBag from /opt/airflow/dags/my_first_dag.py
[2026-03-14T04:05:44.503+0000] {processor.py:839} INFO - DAG(s) dict_keys(['my_first_pipeline']) retrieved from /opt/airflow/dags/my_first_dag.py
[2026-03-14T04:05:44.531+0000] {logging_mixin.py:154} INFO - [2026-03-14T04:05:44.530+0000] {dag.py:2941} INFO - Sync 1 DAGs
[2026-03-14T04:05:44.543+0000] {logging_mixin.py:154} INFO - [2026-03-14T04:05:44.542+0000] {dag.py:3722} INFO - Setting next_dagrun for my_first_pipeline to None, run_after=None
[2026-03-14T04:05:44.563+0000] {processor.py:179} INFO - Processing /opt/airflow/dags/my_first_dag.py took 0.076 seconds
[2026-03-14T04:06:14.709+0000] {processor.py:157} INFO - Started process (PID=6033) to work on /opt/airflow/dags/my_first_dag.py
[2026-03-14T04:06:14.710+0000] {processor.py:829} INFO - Processing file /opt/airflow/dags/my_first_dag.py for tasks to queue
[2026-03-14T04:06:14.711+0000] {logging_mixin.py:154} INFO - [2026-03-14T04:06:14.710+0000] {dagbag.py:536} INFO - Filling up the DagBag from /opt/airflow/dags/my_first_dag.py
[2026-03-14T04:06:14.723+0000] {processor.py:839} INFO - DAG(s) dict_keys(['my_first_pipeline']) retrieved from /opt/airflow/dags/my_first_dag.py
[2026-03-14T04:06:14.752+0000] {logging_mixin.py:154} INFO - [2026-03-14T04:06:14.752+0000] {dag.py:2941} INFO - Sync 1 DAGs
[2026-03-14T04:06:14.764+0000] {logging_mixin.py:154} INFO - [2026-03-14T04:06:14.764+0000] {dag.py:3722} INFO - Setting next_dagrun for my_first_pipeline to None, run_after=None
[2026-03-14T04:06:14.787+0000] {processor.py:179} INFO - Processing /opt/airflow/dags/my_first_dag.py took 0.082 seconds
[2026-03-14T04:06:44.932+0000] {processor.py:157} INFO - Started process (PID=6045) to work on /opt/airflow/dags/my_first_dag.py
[2026-03-14T04:06:44.934+0000] {processor.py:829} INFO - Processing file /opt/airflow/dags/my_first_dag.py for tasks to queue
[2026-03-14T04:06:44.934+0000] {logging_mixin.py:154} INFO - [2026-03-14T04:06:44.934+0000] {dagbag.py:536} INFO - Filling up the DagBag from /opt/airflow/dags/my_first_dag.py
[2026-03-14T04:06:44.943+0000] {processor.py:839} INFO - DAG(s) dict_keys(['my_first_pipeline']) retrieved from /opt/airflow/dags/my_first_dag.py
[2026-03-14T04:06:44.966+0000] {logging_mixin.py:154} INFO - [2026-03-14T04:06:44.966+0000] {dag.py:2941} INFO - Sync 1 DAGs
[2026-03-14T04:06:44.976+0000] {logging_mixin.py:154} INFO - [2026-03-14T04:06:44.976+0000] {dag.py:3722} INFO - Setting next_dagrun for my_first_pipeline to None, run_after=None
[2026-03-14T04:06:44.991+0000] {processor.py:179} INFO - Processing /opt/airflow/dags/my_first_dag.py took 0.062 seconds
[2026-03-14T04:07:15.185+0000] {processor.py:157} INFO - Started process (PID=6057) to work on /opt/airflow/dags/my_first_dag.py
[2026-03-14T04:07:15.186+0000] {processor.py:829} INFO - Processing file /opt/airflow/dags/my_first_dag.py for tasks to queue
[2026-03-14T04:07:15.186+0000] {logging_mixin.py:154} INFO - [2026-03-14T04:07:15.186+0000] {dagbag.py:536} INFO - Filling up the DagBag from /opt/airflow/dags/my_first_dag.py
[2026-03-14T04:07:15.195+0000] {processor.py:839} INFO - DAG(s) dict_keys(['my_first_pipeline']) retrieved from /opt/airflow/dags/my_first_dag.py
[2026-03-14T04:07:15.222+0000] {logging_mixin.py:154} INFO - [2026-03-14T04:07:15.222+0000] {dag.py:2941} INFO - Sync 1 DAGs
[2026-03-14T04:07:15.234+0000] {logging_mixin.py:154} INFO - [2026-03-14T04:07:15.234+0000] {dag.py:3722} INFO - Setting next_dagrun for my_first_pipeline to None, run_after=None
[2026-03-14T04:07:15.264+0000] {processor.py:179} INFO - Processing /opt/airflow/dags/my_first_dag.py took 0.081 seconds
[2026-03-14T04:07:45.405+0000] {processor.py:157} INFO - Started process (PID=6069) to work on /opt/airflow/dags/my_first_dag.py
[2026-03-14T04:07:45.406+0000] {processor.py:829} INFO - Processing file /opt/airflow/dags/my_first_dag.py for tasks to queue
[2026-03-14T04:07:45.406+0000] {logging_mixin.py:154} INFO - [2026-03-14T04:07:45.406+0000] {dagbag.py:536} INFO - Filling up the DagBag from /opt/airflow/dags/my_first_dag.py
[2026-03-14T04:07:45.415+0000] {processor.py:839} INFO - DAG(s) dict_keys(['my_first_pipeline']) retrieved from /opt/airflow/dags/my_first_dag.py
[2026-03-14T04:07:45.442+0000] {logging_mixin.py:154} INFO - [2026-03-14T04:07:45.442+0000] {dag.py:2941} INFO - Sync 1 DAGs
[2026-03-14T04:07:45.455+0000] {logging_mixin.py:154} INFO - [2026-03-14T04:07:45.455+0000] {dag.py:3722} INFO - Setting next_dagrun for my_first_pipeline to None, run_after=None
[2026-03-14T04:07:45.479+0000] {processor.py:179} INFO - Processing /opt/airflow/dags/my_first_dag.py took 0.077 seconds
[2026-03-14T04:08:15.707+0000] {processor.py:157} INFO - Started process (PID=6081) to work on /opt/airflow/dags/my_first_dag.py
[2026-03-14T04:08:15.708+0000] {processor.py:829} INFO - Processing file /opt/airflow/dags/my_first_dag.py for tasks to queue
[2026-03-14T04:08:15.708+0000] {logging_mixin.py:154} INFO - [2026-03-14T04:08:15.708+0000] {dagbag.py:536} INFO - Filling up the DagBag from /opt/airflow/dags/my_first_dag.py
[2026-03-14T04:08:15.717+0000] {processor.py:839} INFO - DAG(s) dict_keys(['my_first_pipeline']) retrieved from /opt/airflow/dags/my_first_dag.py
[2026-03-14T04:08:15.741+0000] {logging_mixin.py:154} INFO - [2026-03-14T04:08:15.741+0000] {dag.py:2941} INFO - Sync 1 DAGs
[2026-03-14T04:08:15.754+0000] {logging_mixin.py:154} INFO - [2026-03-14T04:08:15.754+0000] {dag.py:3722} INFO - Setting next_dagrun for my_first_pipeline to None, run_after=None
[2026-03-14T04:08:15.770+0000] {processor.py:179} INFO - Processing /opt/airflow/dags/my_first_dag.py took 0.067 seconds
[2026-03-14T04:08:45.900+0000] {processor.py:157} INFO - Started process (PID=6093) to work on /opt/airflow/dags/my_first_dag.py
[2026-03-14T04:08:45.900+0000] {processor.py:829} INFO - Processing file /opt/airflow/dags/my_first_dag.py for tasks to queue
[2026-03-14T04:08:45.901+0000] {logging_mixin.py:154} INFO - [2026-03-14T04:08:45.901+0000] {dagbag.py:536} INFO - Filling up the DagBag from /opt/airflow/dags/my_first_dag.py
[2026-03-14T04:08:45.910+0000] {processor.py:839} INFO - DAG(s) dict_keys(['my_first_pipeline']) retrieved from /opt/airflow/dags/my_first_dag.py
[2026-03-14T04:08:45.935+0000] {logging_mixin.py:154} INFO - [2026-03-14T04:08:45.935+0000] {dag.py:2941} INFO - Sync 1 DAGs
[2026-03-14T04:08:45.947+0000] {logging_mixin.py:154} INFO - [2026-03-14T04:08:45.947+0000] {dag.py:3722} INFO - Setting next_dagrun for my_first_pipeline to None, run_after=None
[2026-03-14T04:08:45.965+0000] {processor.py:179} INFO - Processing /opt/airflow/dags/my_first_dag.py took 0.069 seconds
[2026-03-14T04:09:16.171+0000] {processor.py:157} INFO - Started process (PID=6105) to work on /opt/airflow/dags/my_first_dag.py
[2026-03-14T04:09:16.172+0000] {processor.py:829} INFO - Processing file /opt/airflow/dags/my_first_dag.py for tasks to queue
[2026-03-14T04:09:16.173+0000] {logging_mixin.py:154} INFO - [2026-03-14T04:09:16.173+0000] {dagbag.py:536} INFO - Filling up the DagBag from /opt/airflow/dags/my_first_dag.py
[2026-03-14T04:09:16.183+0000] {processor.py:839} INFO - DAG(s) dict_keys(['my_first_pipeline']) retrieved from /opt/airflow/dags/my_first_dag.py
[2026-03-14T04:09:16.212+0000] {logging_mixin.py:154} INFO - [2026-03-14T04:09:16.212+0000] {dag.py:2941} INFO - Sync 1 DAGs
[2026-03-14T04:09:16.224+0000] {logging_mixin.py:154} INFO - [2026-03-14T04:09:16.224+0000] {dag.py:3722} INFO - Setting next_dagrun for my_first_pipeline to None, run_after=None
[2026-03-14T04:09:16.245+0000] {processor.py:179} INFO - Processing /opt/airflow/dags/my_first_dag.py took 0.077 seconds
[2026-03-14T04:09:46.373+0000] {processor.py:157} INFO - Started process (PID=6117) to work on /opt/airflow/dags/my_first_dag.py
[2026-03-14T04:09:46.374+0000] {processor.py:829} INFO - Processing file /opt/airflow/dags/my_first_dag.py for tasks to queue
[2026-03-14T04:09:46.375+0000] {logging_mixin.py:154} INFO - [2026-03-14T04:09:46.375+0000] {dagbag.py:536} INFO - Filling up the DagBag from /opt/airflow/dags/my_first_dag.py
[2026-03-14T04:09:46.384+0000] {processor.py:839} INFO - DAG(s) dict_keys(['my_first_pipeline']) retrieved from /opt/airflow/dags/my_first_dag.py
[2026-03-14T04:09:46.414+0000] {logging_mixin.py:154} INFO - [2026-03-14T04:09:46.413+0000] {dag.py:2941} INFO - Sync 1 DAGs
[2026-03-14T04:09:46.426+0000] {logging_mixin.py:154} INFO - [2026-03-14T04:09:46.426+0000] {dag.py:3722} INFO - Setting next_dagrun for my_first_pipeline to None, run_after=None
[2026-03-14T04:09:46.448+0000] {processor.py:179} INFO - Processing /opt/airflow/dags/my_first_dag.py took 0.078 seconds
[2026-03-14T04:10:16.616+0000] {processor.py:157} INFO - Started process (PID=6128) to work on /opt/airflow/dags/my_first_dag.py
[2026-03-14T04:10:16.617+0000] {processor.py:829} INFO - Processing file /opt/airflow/dags/my_first_dag.py for tasks to queue
[2026-03-14T04:10:16.618+0000] {logging_mixin.py:154} INFO - [2026-03-14T04:10:16.617+0000] {dagbag.py:536} INFO - Filling up the DagBag from /opt/airflow/dags/my_first_dag.py
[2026-03-14T04:10:16.627+0000] {processor.py:839} INFO - DAG(s) dict_keys(['my_first_pipeline']) retrieved from /opt/airflow/dags/my_first_dag.py
[2026-03-14T04:10:16.658+0000] {logging_mixin.py:154} INFO - [2026-03-14T04:10:16.657+0000] {dag.py:2941} INFO - Sync 1 DAGs
[2026-03-14T04:10:16.672+0000] {logging_mixin.py:154} INFO - [2026-03-14T04:10:16.672+0000] {dag.py:3722} INFO - Setting next_dagrun for my_first_pipeline to None, run_after=None
[2026-03-14T04:10:16.695+0000] {processor.py:179} INFO - Processing /opt/airflow/dags/my_first_dag.py took 0.082 seconds
[2026-03-14T04:10:46.813+0000] {processor.py:157} INFO - Started process (PID=6140) to work on /opt/airflow/dags/my_first_dag.py
[2026-03-14T04:10:46.813+0000] {processor.py:829} INFO - Processing file /opt/airflow/dags/my_first_dag.py for tasks to queue
[2026-03-14T04:10:46.814+0000] {logging_mixin.py:154} INFO - [2026-03-14T04:10:46.814+0000] {dagbag.py:536} INFO - Filling up the DagBag from /opt/airflow/dags/my_first_dag.py
[2026-03-14T04:10:46.822+0000] {processor.py:839} INFO - DAG(s) dict_keys(['my_first_pipeline']) retrieved from /opt/airflow/dags/my_first_dag.py
[2026-03-14T04:10:46.846+0000] {logging_mixin.py:154} INFO - [2026-03-14T04:10:46.846+0000] {dag.py:2941} INFO - Sync 1 DAGs
[2026-03-14T04:10:46.857+0000] {logging_mixin.py:154} INFO - [2026-03-14T04:10:46.857+0000] {dag.py:3722} INFO - Setting next_dagrun for my_first_pipeline to None, run_after=None
[2026-03-14T04:10:46.875+0000] {processor.py:179} INFO - Processing /opt/airflow/dags/my_first_dag.py took 0.065 seconds
[2026-03-14T04:11:17.102+0000] {processor.py:157} INFO - Started process (PID=6152) to work on /opt/airflow/dags/my_first_dag.py
[2026-03-14T04:11:17.103+0000] {processor.py:829} INFO - Processing file /opt/airflow/dags/my_first_dag.py for tasks to queue
[2026-03-14T04:11:17.104+0000] {logging_mixin.py:154} INFO - [2026-03-14T04:11:17.103+0000] {dagbag.py:536} INFO - Filling up the DagBag from /opt/airflow/dags/my_first_dag.py
[2026-03-14T04:11:17.112+0000] {processor.py:839} INFO - DAG(s) dict_keys(['my_first_pipeline']) retrieved from /opt/airflow/dags/my_first_dag.py
[2026-03-14T04:11:17.136+0000] {logging_mixin.py:154} INFO - [2026-03-14T04:11:17.136+0000] {dag.py:2941} INFO - Sync 1 DAGs
[2026-03-14T04:11:17.147+0000] {logging_mixin.py:154} INFO - [2026-03-14T04:11:17.147+0000] {dag.py:3722} INFO - Setting next_dagrun for my_first_pipeline to None, run_after=None
[2026-03-14T04:11:17.162+0000] {processor.py:179} INFO - Processing /opt/airflow/dags/my_first_dag.py took 0.063 seconds
[2026-03-14T04:11:47.331+0000] {processor.py:157} INFO - Started process (PID=6164) to work on /opt/airflow/dags/my_first_dag.py
[2026-03-14T04:11:47.331+0000] {processor.py:829} INFO - Processing file /opt/airflow/dags/my_first_dag.py for tasks to queue
[2026-03-14T04:11:47.332+0000] {logging_mixin.py:154} INFO - [2026-03-14T04:11:47.332+0000] {dagbag.py:536} INFO - Filling up the DagBag from /opt/airflow/dags/my_first_dag.py
[2026-03-14T04:11:47.342+0000] {processor.py:839} INFO - DAG(s) dict_keys(['my_first_pipeline']) retrieved from /opt/airflow/dags/my_first_dag.py
[2026-03-14T04:11:47.368+0000] {logging_mixin.py:154} INFO - [2026-03-14T04:11:47.368+0000] {dag.py:2941} INFO - Sync 1 DAGs
[2026-03-14T04:11:47.379+0000] {logging_mixin.py:154} INFO - [2026-03-14T04:11:47.378+0000] {dag.py:3722} INFO - Setting next_dagrun for my_first_pipeline to None, run_after=None
[2026-03-14T04:11:47.395+0000] {processor.py:179} INFO - Processing /opt/airflow/dags/my_first_dag.py took 0.068 seconds
[2026-03-14T04:12:17.570+0000] {processor.py:157} INFO - Started process (PID=6176) to work on /opt/airflow/dags/my_first_dag.py
[2026-03-14T04:12:17.571+0000] {processor.py:829} INFO - Processing file /opt/airflow/dags/my_first_dag.py for tasks to queue
[2026-03-14T04:12:17.572+0000] {logging_mixin.py:154} INFO - [2026-03-14T04:12:17.571+0000] {dagbag.py:536} INFO - Filling up the DagBag from /opt/airflow/dags/my_first_dag.py
[2026-03-14T04:12:17.580+0000] {processor.py:839} INFO - DAG(s) dict_keys(['my_first_pipeline']) retrieved from /opt/airflow/dags/my_first_dag.py
[2026-03-14T04:12:17.604+0000] {logging_mixin.py:154} INFO - [2026-03-14T04:12:17.604+0000] {dag.py:2941} INFO - Sync 1 DAGs
[2026-03-14T04:12:17.616+0000] {logging_mixin.py:154} INFO - [2026-03-14T04:12:17.616+0000] {dag.py:3722} INFO - Setting next_dagrun for my_first_pipeline to None, run_after=None
[2026-03-14T04:12:17.633+0000] {processor.py:179} INFO - Processing /opt/airflow/dags/my_first_dag.py took 0.067 seconds
[2026-03-14T04:12:47.822+0000] {processor.py:157} INFO - Started process (PID=6188) to work on /opt/airflow/dags/my_first_dag.py
[2026-03-14T04:12:47.822+0000] {processor.py:829} INFO - Processing file /opt/airflow/dags/my_first_dag.py for tasks to queue
[2026-03-14T04:12:47.823+0000] {logging_mixin.py:154} INFO - [2026-03-14T04:12:47.823+0000] {dagbag.py:536} INFO - Filling up the DagBag from /opt/airflow/dags/my_first_dag.py
[2026-03-14T04:12:47.835+0000] {processor.py:839} INFO - DAG(s) dict_keys(['my_first_pipeline']) retrieved from /opt/airflow/dags/my_first_dag.py
[2026-03-14T04:12:47.858+0000] {logging_mixin.py:154} INFO - [2026-03-14T04:12:47.858+0000] {dag.py:2941} INFO - Sync 1 DAGs
[2026-03-14T04:12:47.869+0000] {logging_mixin.py:154} INFO - [2026-03-14T04:12:47.869+0000] {dag.py:3722} INFO - Setting next_dagrun for my_first_pipeline to None, run_after=None
[2026-03-14T04:12:47.885+0000] {processor.py:179} INFO - Processing /opt/airflow/dags/my_first_dag.py took 0.069 seconds
[2026-03-14T04:13:18.030+0000] {processor.py:157} INFO - Started process (PID=6200) to work on /opt/airflow/dags/my_first_dag.py
[2026-03-14T04:13:18.031+0000] {processor.py:829} INFO - Processing file /opt/airflow/dags/my_first_dag.py for tasks to queue
[2026-03-14T04:13:18.032+0000] {logging_mixin.py:154} INFO - [2026-03-14T04:13:18.032+0000] {dagbag.py:536} INFO - Filling up the DagBag from /opt/airflow/dags/my_first_dag.py
[2026-03-14T04:13:18.042+0000] {processor.py:839} INFO - DAG(s) dict_keys(['my_first_pipeline']) retrieved from /opt/airflow/dags/my_first_dag.py
[2026-03-14T04:13:18.070+0000] {logging_mixin.py:154} INFO - [2026-03-14T04:13:18.070+0000] {dag.py:2941} INFO - Sync 1 DAGs
[2026-03-14T04:13:18.083+0000] {logging_mixin.py:154} INFO - [2026-03-14T04:13:18.083+0000] {dag.py:3722} INFO - Setting next_dagrun for my_first_pipeline to None, run_after=None
[2026-03-14T04:13:18.104+0000] {processor.py:179} INFO - Processing /opt/airflow/dags/my_first_dag.py took 0.077 seconds
[2026-03-14T04:13:48.258+0000] {processor.py:157} INFO - Started process (PID=6211) to work on /opt/airflow/dags/my_first_dag.py
[2026-03-14T04:13:48.258+0000] {processor.py:829} INFO - Processing file /opt/airflow/dags/my_first_dag.py for tasks to queue
[2026-03-14T04:13:48.259+0000] {logging_mixin.py:154} INFO - [2026-03-14T04:13:48.259+0000] {dagbag.py:536} INFO - Filling up the DagBag from /opt/airflow/dags/my_first_dag.py
[2026-03-14T04:13:48.269+0000] {processor.py:839} INFO - DAG(s) dict_keys(['my_first_pipeline']) retrieved from /opt/airflow/dags/my_first_dag.py
[2026-03-14T04:13:48.297+0000] {logging_mixin.py:154} INFO - [2026-03-14T04:13:48.297+0000] {dag.py:2941} INFO - Sync 1 DAGs
[2026-03-14T04:13:48.310+0000] {logging_mixin.py:154} INFO - [2026-03-14T04:13:48.309+0000] {dag.py:3722} INFO - Setting next_dagrun for my_first_pipeline to None, run_after=None
[2026-03-14T04:13:48.332+0000] {processor.py:179} INFO - Processing /opt/airflow/dags/my_first_dag.py took 0.077 seconds
[2026-03-14T04:14:18.471+0000] {processor.py:157} INFO - Started process (PID=6223) to work on /opt/airflow/dags/my_first_dag.py
[2026-03-14T04:14:18.472+0000] {processor.py:829} INFO - Processing file /opt/airflow/dags/my_first_dag.py for tasks to queue
[2026-03-14T04:14:18.473+0000] {logging_mixin.py:154} INFO - [2026-03-14T04:14:18.473+0000] {dagbag.py:536} INFO - Filling up the DagBag from /opt/airflow/dags/my_first_dag.py
[2026-03-14T04:14:18.483+0000] {processor.py:839} INFO - DAG(s) dict_keys(['my_first_pipeline']) retrieved from /opt/airflow/dags/my_first_dag.py
[2026-03-14T04:14:18.512+0000] {logging_mixin.py:154} INFO - [2026-03-14T04:14:18.512+0000] {dag.py:2941} INFO - Sync 1 DAGs
[2026-03-14T04:14:18.524+0000] {logging_mixin.py:154} INFO - [2026-03-14T04:14:18.524+0000] {dag.py:3722} INFO - Setting next_dagrun for my_first_pipeline to None, run_after=None
[2026-03-14T04:14:18.547+0000] {processor.py:179} INFO - Processing /opt/airflow/dags/my_first_dag.py took 0.079 seconds
[2026-03-14T04:14:48.698+0000] {processor.py:157} INFO - Started process (PID=6235) to work on /opt/airflow/dags/my_first_dag.py
[2026-03-14T04:14:48.698+0000] {processor.py:829} INFO - Processing file /opt/airflow/dags/my_first_dag.py for tasks to queue
[2026-03-14T04:14:48.699+0000] {logging_mixin.py:154} INFO - [2026-03-14T04:14:48.699+0000] {dagbag.py:536} INFO - Filling up the DagBag from /opt/airflow/dags/my_first_dag.py
[2026-03-14T04:14:48.707+0000] {processor.py:839} INFO - DAG(s) dict_keys(['my_first_pipeline']) retrieved from /opt/airflow/dags/my_first_dag.py
[2026-03-14T04:14:48.731+0000] {logging_mixin.py:154} INFO - [2026-03-14T04:14:48.731+0000] {dag.py:2941} INFO - Sync 1 DAGs
[2026-03-14T04:14:48.741+0000] {logging_mixin.py:154} INFO - [2026-03-14T04:14:48.741+0000] {dag.py:3722} INFO - Setting next_dagrun for my_first_pipeline to None, run_after=None
[2026-03-14T04:14:48.757+0000] {processor.py:179} INFO - Processing /opt/airflow/dags/my_first_dag.py took 0.062 seconds
[2026-03-14T04:15:18.922+0000] {processor.py:157} INFO - Started process (PID=6246) to work on /opt/airflow/dags/my_first_dag.py
[2026-03-14T04:15:18.923+0000] {processor.py:829} INFO - Processing file /opt/airflow/dags/my_first_dag.py for tasks to queue
[2026-03-14T04:15:18.924+0000] {logging_mixin.py:154} INFO - [2026-03-14T04:15:18.924+0000] {dagbag.py:536} INFO - Filling up the DagBag from /opt/airflow/dags/my_first_dag.py
[2026-03-14T04:15:18.932+0000] {processor.py:839} INFO - DAG(s) dict_keys(['my_first_pipeline']) retrieved from /opt/airflow/dags/my_first_dag.py
[2026-03-14T04:15:18.956+0000] {logging_mixin.py:154} INFO - [2026-03-14T04:15:18.956+0000] {dag.py:2941} INFO - Sync 1 DAGs
[2026-03-14T04:15:18.966+0000] {logging_mixin.py:154} INFO - [2026-03-14T04:15:18.966+0000] {dag.py:3722} INFO - Setting next_dagrun for my_first_pipeline to None, run_after=None
[2026-03-14T04:15:18.981+0000] {processor.py:179} INFO - Processing /opt/airflow/dags/my_first_dag.py took 0.062 seconds
[2026-03-14T04:15:49.140+0000] {processor.py:157} INFO - Started process (PID=6258) to work on /opt/airflow/dags/my_first_dag.py
[2026-03-14T04:15:49.141+0000] {processor.py:829} INFO - Processing file /opt/airflow/dags/my_first_dag.py for tasks to queue
[2026-03-14T04:15:49.142+0000] {logging_mixin.py:154} INFO - [2026-03-14T04:15:49.142+0000] {dagbag.py:536} INFO - Filling up the DagBag from /opt/airflow/dags/my_first_dag.py
[2026-03-14T04:15:49.151+0000] {processor.py:839} INFO - DAG(s) dict_keys(['my_first_pipeline']) retrieved from /opt/airflow/dags/my_first_dag.py
[2026-03-14T04:15:49.173+0000] {logging_mixin.py:154} INFO - [2026-03-14T04:15:49.173+0000] {dag.py:2941} INFO - Sync 1 DAGs
[2026-03-14T04:15:49.185+0000] {logging_mixin.py:154} INFO - [2026-03-14T04:15:49.184+0000] {dag.py:3722} INFO - Setting next_dagrun for my_first_pipeline to None, run_after=None
[2026-03-14T04:15:49.200+0000] {processor.py:179} INFO - Processing /opt/airflow/dags/my_first_dag.py took 0.063 seconds
[2026-03-14T04:16:19.387+0000] {processor.py:157} INFO - Started process (PID=6270) to work on /opt/airflow/dags/my_first_dag.py
[2026-03-14T04:16:19.389+0000] {processor.py:829} INFO - Processing file /opt/airflow/dags/my_first_dag.py for tasks to queue
[2026-03-14T04:16:19.389+0000] {logging_mixin.py:154} INFO - [2026-03-14T04:16:19.389+0000] {dagbag.py:536} INFO - Filling up the DagBag from /opt/airflow/dags/my_first_dag.py
[2026-03-14T04:16:19.398+0000] {processor.py:839} INFO - DAG(s) dict_keys(['my_first_pipeline']) retrieved from /opt/airflow/dags/my_first_dag.py
[2026-03-14T04:16:19.422+0000] {logging_mixin.py:154} INFO - [2026-03-14T04:16:19.422+0000] {dag.py:2941} INFO - Sync 1 DAGs
[2026-03-14T04:16:19.433+0000] {logging_mixin.py:154} INFO - [2026-03-14T04:16:19.433+0000] {dag.py:3722} INFO - Setting next_dagrun for my_first_pipeline to None, run_after=None
[2026-03-14T04:16:19.448+0000] {processor.py:179} INFO - Processing /opt/airflow/dags/my_first_dag.py took 0.064 seconds
[2026-03-14T04:16:49.593+0000] {processor.py:157} INFO - Started process (PID=6282) to work on /opt/airflow/dags/my_first_dag.py
[2026-03-14T04:16:49.594+0000] {processor.py:829} INFO - Processing file /opt/airflow/dags/my_first_dag.py for tasks to queue
[2026-03-14T04:16:49.595+0000] {logging_mixin.py:154} INFO - [2026-03-14T04:16:49.595+0000] {dagbag.py:536} INFO - Filling up the DagBag from /opt/airflow/dags/my_first_dag.py
[2026-03-14T04:16:49.603+0000] {processor.py:839} INFO - DAG(s) dict_keys(['my_first_pipeline']) retrieved from /opt/airflow/dags/my_first_dag.py
[2026-03-14T04:16:49.627+0000] {logging_mixin.py:154} INFO - [2026-03-14T04:16:49.627+0000] {dag.py:2941} INFO - Sync 1 DAGs
[2026-03-14T04:16:49.638+0000] {logging_mixin.py:154} INFO - [2026-03-14T04:16:49.638+0000] {dag.py:3722} INFO - Setting next_dagrun for my_first_pipeline to None, run_after=None
[2026-03-14T04:16:49.655+0000] {processor.py:179} INFO - Processing /opt/airflow/dags/my_first_dag.py took 0.064 seconds
[2026-03-14T04:17:19.825+0000] {processor.py:157} INFO - Started process (PID=6294) to work on /opt/airflow/dags/my_first_dag.py
[2026-03-14T04:17:19.827+0000] {processor.py:829} INFO - Processing file /opt/airflow/dags/my_first_dag.py for tasks to queue
[2026-03-14T04:17:19.828+0000] {logging_mixin.py:154} INFO - [2026-03-14T04:17:19.827+0000] {dagbag.py:536} INFO - Filling up the DagBag from /opt/airflow/dags/my_first_dag.py
[2026-03-14T04:17:19.839+0000] {processor.py:839} INFO - DAG(s) dict_keys(['my_first_pipeline']) retrieved from /opt/airflow/dags/my_first_dag.py
[2026-03-14T04:17:19.867+0000] {logging_mixin.py:154} INFO - [2026-03-14T04:17:19.867+0000] {dag.py:2941} INFO - Sync 1 DAGs
[2026-03-14T04:17:19.880+0000] {logging_mixin.py:154} INFO - [2026-03-14T04:17:19.879+0000] {dag.py:3722} INFO - Setting next_dagrun for my_first_pipeline to None, run_after=None
[2026-03-14T04:17:19.902+0000] {processor.py:179} INFO - Processing /opt/airflow/dags/my_first_dag.py took 0.080 seconds
[2026-03-14T04:17:50.062+0000] {processor.py:157} INFO - Started process (PID=6306) to work on /opt/airflow/dags/my_first_dag.py
[2026-03-14T04:17:50.063+0000] {processor.py:829} INFO - Processing file /opt/airflow/dags/my_first_dag.py for tasks to queue
[2026-03-14T04:17:50.064+0000] {logging_mixin.py:154} INFO - [2026-03-14T04:17:50.064+0000] {dagbag.py:536} INFO - Filling up the DagBag from /opt/airflow/dags/my_first_dag.py
[2026-03-14T04:17:50.074+0000] {processor.py:839} INFO - DAG(s) dict_keys(['my_first_pipeline']) retrieved from /opt/airflow/dags/my_first_dag.py
[2026-03-14T04:17:50.101+0000] {logging_mixin.py:154} INFO - [2026-03-14T04:17:50.101+0000] {dag.py:2941} INFO - Sync 1 DAGs
[2026-03-14T04:17:50.113+0000] {logging_mixin.py:154} INFO - [2026-03-14T04:17:50.113+0000] {dag.py:3722} INFO - Setting next_dagrun for my_first_pipeline to None, run_after=None
[2026-03-14T04:17:50.134+0000] {processor.py:179} INFO - Processing /opt/airflow/dags/my_first_dag.py took 0.075 seconds
[2026-03-14T04:18:20.272+0000] {processor.py:157} INFO - Started process (PID=6318) to work on /opt/airflow/dags/my_first_dag.py
[2026-03-14T04:18:20.273+0000] {processor.py:829} INFO - Processing file /opt/airflow/dags/my_first_dag.py for tasks to queue
[2026-03-14T04:18:20.274+0000] {logging_mixin.py:154} INFO - [2026-03-14T04:18:20.274+0000] {dagbag.py:536} INFO - Filling up the DagBag from /opt/airflow/dags/my_first_dag.py
[2026-03-14T04:18:20.284+0000] {processor.py:839} INFO - DAG(s) dict_keys(['my_first_pipeline']) retrieved from /opt/airflow/dags/my_first_dag.py
[2026-03-14T04:18:20.312+0000] {logging_mixin.py:154} INFO - [2026-03-14T04:18:20.311+0000] {dag.py:2941} INFO - Sync 1 DAGs
[2026-03-14T04:18:20.324+0000] {logging_mixin.py:154} INFO - [2026-03-14T04:18:20.324+0000] {dag.py:3722} INFO - Setting next_dagrun for my_first_pipeline to None, run_after=None
[2026-03-14T04:18:20.343+0000] {processor.py:179} INFO - Processing /opt/airflow/dags/my_first_dag.py took 0.075 seconds
[2026-03-14T04:18:50.505+0000] {processor.py:157} INFO - Started process (PID=6330) to work on /opt/airflow/dags/my_first_dag.py
[2026-03-14T04:18:50.506+0000] {processor.py:829} INFO - Processing file /opt/airflow/dags/my_first_dag.py for tasks to queue
[2026-03-14T04:18:50.507+0000] {logging_mixin.py:154} INFO - [2026-03-14T04:18:50.507+0000] {dagbag.py:536} INFO - Filling up the DagBag from /opt/airflow/dags/my_first_dag.py
[2026-03-14T04:18:50.515+0000] {processor.py:839} INFO - DAG(s) dict_keys(['my_first_pipeline']) retrieved from /opt/airflow/dags/my_first_dag.py
[2026-03-14T04:18:50.538+0000] {logging_mixin.py:154} INFO - [2026-03-14T04:18:50.538+0000] {dag.py:2941} INFO - Sync 1 DAGs
[2026-03-14T04:18:50.549+0000] {logging_mixin.py:154} INFO - [2026-03-14T04:18:50.548+0000] {dag.py:3722} INFO - Setting next_dagrun for my_first_pipeline to None, run_after=None
[2026-03-14T04:18:50.564+0000] {processor.py:179} INFO - Processing /opt/airflow/dags/my_first_dag.py took 0.061 seconds
[2026-03-14T04:19:20.719+0000] {processor.py:157} INFO - Started process (PID=6342) to work on /opt/airflow/dags/my_first_dag.py
[2026-03-14T04:19:20.720+0000] {processor.py:829} INFO - Processing file /opt/airflow/dags/my_first_dag.py for tasks to queue
[2026-03-14T04:19:20.721+0000] {logging_mixin.py:154} INFO - [2026-03-14T04:19:20.721+0000] {dagbag.py:536} INFO - Filling up the DagBag from /opt/airflow/dags/my_first_dag.py
[2026-03-14T04:19:20.729+0000] {processor.py:839} INFO - DAG(s) dict_keys(['my_first_pipeline']) retrieved from /opt/airflow/dags/my_first_dag.py
[2026-03-14T04:19:20.753+0000] {logging_mixin.py:154} INFO - [2026-03-14T04:19:20.752+0000] {dag.py:2941} INFO - Sync 1 DAGs
[2026-03-14T04:19:20.763+0000] {logging_mixin.py:154} INFO - [2026-03-14T04:19:20.763+0000] {dag.py:3722} INFO - Setting next_dagrun for my_first_pipeline to None, run_after=None
[2026-03-14T04:19:20.780+0000] {processor.py:179} INFO - Processing /opt/airflow/dags/my_first_dag.py took 0.064 seconds
[2026-03-14T04:19:50.932+0000] {processor.py:157} INFO - Started process (PID=6354) to work on /opt/airflow/dags/my_first_dag.py
[2026-03-14T04:19:50.933+0000] {processor.py:829} INFO - Processing file /opt/airflow/dags/my_first_dag.py for tasks to queue
[2026-03-14T04:19:50.934+0000] {logging_mixin.py:154} INFO - [2026-03-14T04:19:50.933+0000] {dagbag.py:536} INFO - Filling up the DagBag from /opt/airflow/dags/my_first_dag.py
[2026-03-14T04:19:50.942+0000] {processor.py:839} INFO - DAG(s) dict_keys(['my_first_pipeline']) retrieved from /opt/airflow/dags/my_first_dag.py
[2026-03-14T04:19:50.965+0000] {logging_mixin.py:154} INFO - [2026-03-14T04:19:50.965+0000] {dag.py:2941} INFO - Sync 1 DAGs
[2026-03-14T04:19:50.976+0000] {logging_mixin.py:154} INFO - [2026-03-14T04:19:50.976+0000] {dag.py:3722} INFO - Setting next_dagrun for my_first_pipeline to None, run_after=None
[2026-03-14T04:19:50.992+0000] {processor.py:179} INFO - Processing /opt/airflow/dags/my_first_dag.py took 0.063 seconds
[2026-03-14T04:20:21.163+0000] {processor.py:157} INFO - Started process (PID=6366) to work on /opt/airflow/dags/my_first_dag.py
[2026-03-14T04:20:21.164+0000] {processor.py:829} INFO - Processing file /opt/airflow/dags/my_first_dag.py for tasks to queue
[2026-03-14T04:20:21.165+0000] {logging_mixin.py:154} INFO - [2026-03-14T04:20:21.165+0000] {dagbag.py:536} INFO - Filling up the DagBag from /opt/airflow/dags/my_first_dag.py
[2026-03-14T04:20:21.174+0000] {processor.py:839} INFO - DAG(s) dict_keys(['my_first_pipeline']) retrieved from /opt/airflow/dags/my_first_dag.py
[2026-03-14T04:20:21.197+0000] {logging_mixin.py:154} INFO - [2026-03-14T04:20:21.197+0000] {dag.py:2941} INFO - Sync 1 DAGs
[2026-03-14T04:20:21.208+0000] {logging_mixin.py:154} INFO - [2026-03-14T04:20:21.207+0000] {dag.py:3722} INFO - Setting next_dagrun for my_first_pipeline to None, run_after=None
[2026-03-14T04:20:21.224+0000] {processor.py:179} INFO - Processing /opt/airflow/dags/my_first_dag.py took 0.064 seconds
[2026-03-14T04:20:51.407+0000] {processor.py:157} INFO - Started process (PID=6378) to work on /opt/airflow/dags/my_first_dag.py
[2026-03-14T04:20:51.408+0000] {processor.py:829} INFO - Processing file /opt/airflow/dags/my_first_dag.py for tasks to queue
[2026-03-14T04:20:51.409+0000] {logging_mixin.py:154} INFO - [2026-03-14T04:20:51.409+0000] {dagbag.py:536} INFO - Filling up the DagBag from /opt/airflow/dags/my_first_dag.py
[2026-03-14T04:20:51.420+0000] {processor.py:839} INFO - DAG(s) dict_keys(['my_first_pipeline']) retrieved from /opt/airflow/dags/my_first_dag.py
[2026-03-14T04:20:51.443+0000] {logging_mixin.py:154} INFO - [2026-03-14T04:20:51.443+0000] {dag.py:2941} INFO - Sync 1 DAGs
[2026-03-14T04:20:51.453+0000] {logging_mixin.py:154} INFO - [2026-03-14T04:20:51.453+0000] {dag.py:3722} INFO - Setting next_dagrun for my_first_pipeline to None, run_after=None
[2026-03-14T04:20:51.469+0000] {processor.py:179} INFO - Processing /opt/airflow/dags/my_first_dag.py took 0.067 seconds
[2026-03-14T04:21:21.631+0000] {processor.py:157} INFO - Started process (PID=6390) to work on /opt/airflow/dags/my_first_dag.py
[2026-03-14T04:21:21.632+0000] {processor.py:829} INFO - Processing file /opt/airflow/dags/my_first_dag.py for tasks to queue
[2026-03-14T04:21:21.632+0000] {logging_mixin.py:154} INFO - [2026-03-14T04:21:21.632+0000] {dagbag.py:536} INFO - Filling up the DagBag from /opt/airflow/dags/my_first_dag.py
[2026-03-14T04:21:21.643+0000] {processor.py:839} INFO - DAG(s) dict_keys(['my_first_pipeline']) retrieved from /opt/airflow/dags/my_first_dag.py
[2026-03-14T04:21:21.673+0000] {logging_mixin.py:154} INFO - [2026-03-14T04:21:21.673+0000] {dag.py:2941} INFO - Sync 1 DAGs
[2026-03-14T04:21:21.685+0000] {logging_mixin.py:154} INFO - [2026-03-14T04:21:21.685+0000] {dag.py:3722} INFO - Setting next_dagrun for my_first_pipeline to None, run_after=None
[2026-03-14T04:21:21.706+0000] {processor.py:179} INFO - Processing /opt/airflow/dags/my_first_dag.py took 0.079 seconds
[2026-03-14T04:21:51.859+0000] {processor.py:157} INFO - Started process (PID=6402) to work on /opt/airflow/dags/my_first_dag.py
[2026-03-14T04:21:51.860+0000] {processor.py:829} INFO - Processing file /opt/airflow/dags/my_first_dag.py for tasks to queue
[2026-03-14T04:21:51.861+0000] {logging_mixin.py:154} INFO - [2026-03-14T04:21:51.860+0000] {dagbag.py:536} INFO - Filling up the DagBag from /opt/airflow/dags/my_first_dag.py
[2026-03-14T04:21:51.870+0000] {processor.py:839} INFO - DAG(s) dict_keys(['my_first_pipeline']) retrieved from /opt/airflow/dags/my_first_dag.py
[2026-03-14T04:21:51.898+0000] {logging_mixin.py:154} INFO - [2026-03-14T04:21:51.898+0000] {dag.py:2941} INFO - Sync 1 DAGs
[2026-03-14T04:21:51.910+0000] {logging_mixin.py:154} INFO - [2026-03-14T04:21:51.909+0000] {dag.py:3722} INFO - Setting next_dagrun for my_first_pipeline to None, run_after=None
[2026-03-14T04:21:51.932+0000] {processor.py:179} INFO - Processing /opt/airflow/dags/my_first_dag.py took 0.077 seconds
[2026-03-14T04:22:22.084+0000] {processor.py:157} INFO - Started process (PID=6414) to work on /opt/airflow/dags/my_first_dag.py
[2026-03-14T04:22:22.085+0000] {processor.py:829} INFO - Processing file /opt/airflow/dags/my_first_dag.py for tasks to queue
[2026-03-14T04:22:22.085+0000] {logging_mixin.py:154} INFO - [2026-03-14T04:22:22.085+0000] {dagbag.py:536} INFO - Filling up the DagBag from /opt/airflow/dags/my_first_dag.py
[2026-03-14T04:22:22.095+0000] {processor.py:839} INFO - DAG(s) dict_keys(['my_first_pipeline']) retrieved from /opt/airflow/dags/my_first_dag.py
[2026-03-14T04:22:22.122+0000] {logging_mixin.py:154} INFO - [2026-03-14T04:22:22.122+0000] {dag.py:2941} INFO - Sync 1 DAGs
[2026-03-14T04:22:22.134+0000] {logging_mixin.py:154} INFO - [2026-03-14T04:22:22.134+0000] {dag.py:3722} INFO - Setting next_dagrun for my_first_pipeline to None, run_after=None
[2026-03-14T04:22:22.157+0000] {processor.py:179} INFO - Processing /opt/airflow/dags/my_first_dag.py took 0.076 seconds
[2026-03-14T04:22:52.317+0000] {processor.py:157} INFO - Started process (PID=6426) to work on /opt/airflow/dags/my_first_dag.py
[2026-03-14T04:22:52.318+0000] {processor.py:829} INFO - Processing file /opt/airflow/dags/my_first_dag.py for tasks to queue
[2026-03-14T04:22:52.318+0000] {logging_mixin.py:154} INFO - [2026-03-14T04:22:52.318+0000] {dagbag.py:536} INFO - Filling up the DagBag from /opt/airflow/dags/my_first_dag.py
[2026-03-14T04:22:52.327+0000] {processor.py:839} INFO - DAG(s) dict_keys(['my_first_pipeline']) retrieved from /opt/airflow/dags/my_first_dag.py
[2026-03-14T04:22:52.350+0000] {logging_mixin.py:154} INFO - [2026-03-14T04:22:52.349+0000] {dag.py:2941} INFO - Sync 1 DAGs
[2026-03-14T04:22:52.361+0000] {logging_mixin.py:154} INFO - [2026-03-14T04:22:52.361+0000] {dag.py:3722} INFO - Setting next_dagrun for my_first_pipeline to None, run_after=None
[2026-03-14T04:22:52.378+0000] {processor.py:179} INFO - Processing /opt/airflow/dags/my_first_dag.py took 0.064 seconds
[2026-03-14T04:23:22.560+0000] {processor.py:157} INFO - Started process (PID=6438) to work on /opt/airflow/dags/my_first_dag.py
[2026-03-14T04:23:22.561+0000] {processor.py:829} INFO - Processing file /opt/airflow/dags/my_first_dag.py for tasks to queue
[2026-03-14T04:23:22.561+0000] {logging_mixin.py:154} INFO - [2026-03-14T04:23:22.561+0000] {dagbag.py:536} INFO - Filling up the DagBag from /opt/airflow/dags/my_first_dag.py
[2026-03-14T04:23:22.570+0000] {processor.py:839} INFO - DAG(s) dict_keys(['my_first_pipeline']) retrieved from /opt/airflow/dags/my_first_dag.py
[2026-03-14T04:23:22.593+0000] {logging_mixin.py:154} INFO - [2026-03-14T04:23:22.593+0000] {dag.py:2941} INFO - Sync 1 DAGs
[2026-03-14T04:23:22.604+0000] {logging_mixin.py:154} INFO - [2026-03-14T04:23:22.604+0000] {dag.py:3722} INFO - Setting next_dagrun for my_first_pipeline to None, run_after=None
[2026-03-14T04:23:22.621+0000] {processor.py:179} INFO - Processing /opt/airflow/dags/my_first_dag.py took 0.064 seconds
[2026-03-14T04:23:52.815+0000] {processor.py:157} INFO - Started process (PID=6450) to work on /opt/airflow/dags/my_first_dag.py
[2026-03-14T04:23:52.817+0000] {processor.py:829} INFO - Processing file /opt/airflow/dags/my_first_dag.py for tasks to queue
[2026-03-14T04:23:52.817+0000] {logging_mixin.py:154} INFO - [2026-03-14T04:23:52.817+0000] {dagbag.py:536} INFO - Filling up the DagBag from /opt/airflow/dags/my_first_dag.py
[2026-03-14T04:23:52.825+0000] {processor.py:839} INFO - DAG(s) dict_keys(['my_first_pipeline']) retrieved from /opt/airflow/dags/my_first_dag.py
[2026-03-14T04:23:52.850+0000] {logging_mixin.py:154} INFO - [2026-03-14T04:23:52.850+0000] {dag.py:2941} INFO - Sync 1 DAGs
[2026-03-14T04:23:52.862+0000] {logging_mixin.py:154} INFO - [2026-03-14T04:23:52.862+0000] {dag.py:3722} INFO - Setting next_dagrun for my_first_pipeline to None, run_after=None
[2026-03-14T04:23:52.880+0000] {processor.py:179} INFO - Processing /opt/airflow/dags/my_first_dag.py took 0.069 seconds
[2026-03-14T04:24:23.061+0000] {processor.py:157} INFO - Started process (PID=6462) to work on /opt/airflow/dags/my_first_dag.py
[2026-03-14T04:24:23.062+0000] {processor.py:829} INFO - Processing file /opt/airflow/dags/my_first_dag.py for tasks to queue
[2026-03-14T04:24:23.063+0000] {logging_mixin.py:154} INFO - [2026-03-14T04:24:23.063+0000] {dagbag.py:536} INFO - Filling up the DagBag from /opt/airflow/dags/my_first_dag.py
[2026-03-14T04:24:23.072+0000] {processor.py:839} INFO - DAG(s) dict_keys(['my_first_pipeline']) retrieved from /opt/airflow/dags/my_first_dag.py
[2026-03-14T04:24:23.095+0000] {logging_mixin.py:154} INFO - [2026-03-14T04:24:23.095+0000] {dag.py:2941} INFO - Sync 1 DAGs
[2026-03-14T04:24:23.107+0000] {logging_mixin.py:154} INFO - [2026-03-14T04:24:23.107+0000] {dag.py:3722} INFO - Setting next_dagrun for my_first_pipeline to None, run_after=None
[2026-03-14T04:24:23.125+0000] {processor.py:179} INFO - Processing /opt/airflow/dags/my_first_dag.py took 0.066 seconds
[2026-03-14T04:24:53.302+0000] {processor.py:157} INFO - Started process (PID=6474) to work on /opt/airflow/dags/my_first_dag.py
[2026-03-14T04:24:53.303+0000] {processor.py:829} INFO - Processing file /opt/airflow/dags/my_first_dag.py for tasks to queue
[2026-03-14T04:24:53.304+0000] {logging_mixin.py:154} INFO - [2026-03-14T04:24:53.304+0000] {dagbag.py:536} INFO - Filling up the DagBag from /opt/airflow/dags/my_first_dag.py
[2026-03-14T04:24:53.313+0000] {processor.py:839} INFO - DAG(s) dict_keys(['my_first_pipeline']) retrieved from /opt/airflow/dags/my_first_dag.py
[2026-03-14T04:24:53.335+0000] {logging_mixin.py:154} INFO - [2026-03-14T04:24:53.335+0000] {dag.py:2941} INFO - Sync 1 DAGs
[2026-03-14T04:24:53.347+0000] {logging_mixin.py:154} INFO - [2026-03-14T04:24:53.347+0000] {dag.py:3722} INFO - Setting next_dagrun for my_first_pipeline to None, run_after=None
[2026-03-14T04:24:53.365+0000] {processor.py:179} INFO - Processing /opt/airflow/dags/my_first_dag.py took 0.066 seconds
[2026-03-14T04:25:23.526+0000] {processor.py:157} INFO - Started process (PID=6485) to work on /opt/airflow/dags/my_first_dag.py
[2026-03-14T04:25:23.527+0000] {processor.py:829} INFO - Processing file /opt/airflow/dags/my_first_dag.py for tasks to queue
[2026-03-14T04:25:23.528+0000] {logging_mixin.py:154} INFO - [2026-03-14T04:25:23.527+0000] {dagbag.py:536} INFO - Filling up the DagBag from /opt/airflow/dags/my_first_dag.py
[2026-03-14T04:25:23.537+0000] {processor.py:839} INFO - DAG(s) dict_keys(['my_first_pipeline']) retrieved from /opt/airflow/dags/my_first_dag.py
[2026-03-14T04:25:23.567+0000] {logging_mixin.py:154} INFO - [2026-03-14T04:25:23.567+0000] {dag.py:2941} INFO - Sync 1 DAGs
[2026-03-14T04:25:23.582+0000] {logging_mixin.py:154} INFO - [2026-03-14T04:25:23.582+0000] {dag.py:3722} INFO - Setting next_dagrun for my_first_pipeline to None, run_after=None
[2026-03-14T04:25:23.602+0000] {processor.py:179} INFO - Processing /opt/airflow/dags/my_first_dag.py took 0.079 seconds
[2026-03-14T04:25:53.741+0000] {processor.py:157} INFO - Started process (PID=6498) to work on /opt/airflow/dags/my_first_dag.py
[2026-03-14T04:25:53.742+0000] {processor.py:829} INFO - Processing file /opt/airflow/dags/my_first_dag.py for tasks to queue
[2026-03-14T04:25:53.743+0000] {logging_mixin.py:154} INFO - [2026-03-14T04:25:53.743+0000] {dagbag.py:536} INFO - Filling up the DagBag from /opt/airflow/dags/my_first_dag.py
[2026-03-14T04:25:53.753+0000] {processor.py:839} INFO - DAG(s) dict_keys(['my_first_pipeline']) retrieved from /opt/airflow/dags/my_first_dag.py
[2026-03-14T04:25:53.781+0000] {logging_mixin.py:154} INFO - [2026-03-14T04:25:53.781+0000] {dag.py:2941} INFO - Sync 1 DAGs
[2026-03-14T04:25:53.793+0000] {logging_mixin.py:154} INFO - [2026-03-14T04:25:53.793+0000] {dag.py:3722} INFO - Setting next_dagrun for my_first_pipeline to None, run_after=None
[2026-03-14T04:25:53.814+0000] {processor.py:179} INFO - Processing /opt/airflow/dags/my_first_dag.py took 0.077 seconds
[2026-03-14T04:26:23.964+0000] {processor.py:157} INFO - Started process (PID=6510) to work on /opt/airflow/dags/my_first_dag.py
[2026-03-14T04:26:23.966+0000] {processor.py:829} INFO - Processing file /opt/airflow/dags/my_first_dag.py for tasks to queue
[2026-03-14T04:26:23.966+0000] {logging_mixin.py:154} INFO - [2026-03-14T04:26:23.966+0000] {dagbag.py:536} INFO - Filling up the DagBag from /opt/airflow/dags/my_first_dag.py
[2026-03-14T04:26:23.977+0000] {processor.py:839} INFO - DAG(s) dict_keys(['my_first_pipeline']) retrieved from /opt/airflow/dags/my_first_dag.py
[2026-03-14T04:26:24.003+0000] {logging_mixin.py:154} INFO - [2026-03-14T04:26:24.003+0000] {dag.py:2941} INFO - Sync 1 DAGs
[2026-03-14T04:26:24.015+0000] {logging_mixin.py:154} INFO - [2026-03-14T04:26:24.015+0000] {dag.py:3722} INFO - Setting next_dagrun for my_first_pipeline to None, run_after=None
[2026-03-14T04:26:24.035+0000] {processor.py:179} INFO - Processing /opt/airflow/dags/my_first_dag.py took 0.074 seconds
[2026-03-14T04:26:54.197+0000] {processor.py:157} INFO - Started process (PID=6522) to work on /opt/airflow/dags/my_first_dag.py
[2026-03-14T04:26:54.198+0000] {processor.py:829} INFO - Processing file /opt/airflow/dags/my_first_dag.py for tasks to queue
[2026-03-14T04:26:54.199+0000] {logging_mixin.py:154} INFO - [2026-03-14T04:26:54.198+0000] {dagbag.py:536} INFO - Filling up the DagBag from /opt/airflow/dags/my_first_dag.py
[2026-03-14T04:26:54.207+0000] {processor.py:839} INFO - DAG(s) dict_keys(['my_first_pipeline']) retrieved from /opt/airflow/dags/my_first_dag.py
[2026-03-14T04:26:54.232+0000] {logging_mixin.py:154} INFO - [2026-03-14T04:26:54.232+0000] {dag.py:2941} INFO - Sync 1 DAGs
[2026-03-14T04:26:54.242+0000] {logging_mixin.py:154} INFO - [2026-03-14T04:26:54.242+0000] {dag.py:3722} INFO - Setting next_dagrun for my_first_pipeline to None, run_after=None
[2026-03-14T04:26:54.259+0000] {processor.py:179} INFO - Processing /opt/airflow/dags/my_first_dag.py took 0.065 seconds
[2026-03-14T04:27:24.462+0000] {processor.py:157} INFO - Started process (PID=6534) to work on /opt/airflow/dags/my_first_dag.py
[2026-03-14T04:27:24.463+0000] {processor.py:829} INFO - Processing file /opt/airflow/dags/my_first_dag.py for tasks to queue
[2026-03-14T04:27:24.463+0000] {logging_mixin.py:154} INFO - [2026-03-14T04:27:24.463+0000] {dagbag.py:536} INFO - Filling up the DagBag from /opt/airflow/dags/my_first_dag.py
[2026-03-14T04:27:24.474+0000] {processor.py:839} INFO - DAG(s) dict_keys(['my_first_pipeline']) retrieved from /opt/airflow/dags/my_first_dag.py
[2026-03-14T04:27:24.499+0000] {logging_mixin.py:154} INFO - [2026-03-14T04:27:24.499+0000] {dag.py:2941} INFO - Sync 1 DAGs
[2026-03-14T04:27:24.512+0000] {logging_mixin.py:154} INFO - [2026-03-14T04:27:24.512+0000] {dag.py:3722} INFO - Setting next_dagrun for my_first_pipeline to None, run_after=None
[2026-03-14T04:27:24.530+0000] {processor.py:179} INFO - Processing /opt/airflow/dags/my_first_dag.py took 0.073 seconds
[2026-03-14T04:27:54.694+0000] {processor.py:157} INFO - Started process (PID=6546) to work on /opt/airflow/dags/my_first_dag.py
[2026-03-14T04:27:54.695+0000] {processor.py:829} INFO - Processing file /opt/airflow/dags/my_first_dag.py for tasks to queue
[2026-03-14T04:27:54.695+0000] {logging_mixin.py:154} INFO - [2026-03-14T04:27:54.695+0000] {dagbag.py:536} INFO - Filling up the DagBag from /opt/airflow/dags/my_first_dag.py
[2026-03-14T04:27:54.704+0000] {processor.py:839} INFO - DAG(s) dict_keys(['my_first_pipeline']) retrieved from /opt/airflow/dags/my_first_dag.py
[2026-03-14T04:27:54.729+0000] {logging_mixin.py:154} INFO - [2026-03-14T04:27:54.728+0000] {dag.py:2941} INFO - Sync 1 DAGs
[2026-03-14T04:27:54.739+0000] {logging_mixin.py:154} INFO - [2026-03-14T04:27:54.739+0000] {dag.py:3722} INFO - Setting next_dagrun for my_first_pipeline to None, run_after=None
[2026-03-14T04:27:54.755+0000] {processor.py:179} INFO - Processing /opt/airflow/dags/my_first_dag.py took 0.064 seconds
[2026-03-14T04:28:24.965+0000] {processor.py:157} INFO - Started process (PID=6558) to work on /opt/airflow/dags/my_first_dag.py
[2026-03-14T04:28:24.965+0000] {processor.py:829} INFO - Processing file /opt/airflow/dags/my_first_dag.py for tasks to queue
[2026-03-14T04:28:24.966+0000] {logging_mixin.py:154} INFO - [2026-03-14T04:28:24.965+0000] {dagbag.py:536} INFO - Filling up the DagBag from /opt/airflow/dags/my_first_dag.py
[2026-03-14T04:28:24.974+0000] {processor.py:839} INFO - DAG(s) dict_keys(['my_first_pipeline']) retrieved from /opt/airflow/dags/my_first_dag.py
[2026-03-14T04:28:24.997+0000] {logging_mixin.py:154} INFO - [2026-03-14T04:28:24.996+0000] {dag.py:2941} INFO - Sync 1 DAGs
[2026-03-14T04:28:25.007+0000] {logging_mixin.py:154} INFO - [2026-03-14T04:28:25.007+0000] {dag.py:3722} INFO - Setting next_dagrun for my_first_pipeline to None, run_after=None
[2026-03-14T04:28:25.023+0000] {processor.py:179} INFO - Processing /opt/airflow/dags/my_first_dag.py took 0.061 seconds
[2026-03-14T04:28:55.227+0000] {processor.py:157} INFO - Started process (PID=6570) to work on /opt/airflow/dags/my_first_dag.py
[2026-03-14T04:28:55.229+0000] {processor.py:829} INFO - Processing file /opt/airflow/dags/my_first_dag.py for tasks to queue
[2026-03-14T04:28:55.230+0000] {logging_mixin.py:154} INFO - [2026-03-14T04:28:55.229+0000] {dagbag.py:536} INFO - Filling up the DagBag from /opt/airflow/dags/my_first_dag.py
[2026-03-14T04:28:55.241+0000] {processor.py:839} INFO - DAG(s) dict_keys(['my_first_pipeline']) retrieved from /opt/airflow/dags/my_first_dag.py
[2026-03-14T04:28:55.266+0000] {logging_mixin.py:154} INFO - [2026-03-14T04:28:55.266+0000] {dag.py:2941} INFO - Sync 1 DAGs
[2026-03-14T04:28:55.278+0000] {logging_mixin.py:154} INFO - [2026-03-14T04:28:55.277+0000] {dag.py:3722} INFO - Setting next_dagrun for my_first_pipeline to None, run_after=None
[2026-03-14T04:28:55.295+0000] {processor.py:179} INFO - Processing /opt/airflow/dags/my_first_dag.py took 0.074 seconds
[2026-03-14T04:29:25.465+0000] {processor.py:157} INFO - Started process (PID=6582) to work on /opt/airflow/dags/my_first_dag.py
[2026-03-14T04:29:25.465+0000] {processor.py:829} INFO - Processing file /opt/airflow/dags/my_first_dag.py for tasks to queue
[2026-03-14T04:29:25.466+0000] {logging_mixin.py:154} INFO - [2026-03-14T04:29:25.466+0000] {dagbag.py:536} INFO - Filling up the DagBag from /opt/airflow/dags/my_first_dag.py
[2026-03-14T04:29:25.476+0000] {processor.py:839} INFO - DAG(s) dict_keys(['my_first_pipeline']) retrieved from /opt/airflow/dags/my_first_dag.py
[2026-03-14T04:29:25.505+0000] {logging_mixin.py:154} INFO - [2026-03-14T04:29:25.505+0000] {dag.py:2941} INFO - Sync 1 DAGs
[2026-03-14T04:29:25.517+0000] {logging_mixin.py:154} INFO - [2026-03-14T04:29:25.517+0000] {dag.py:3722} INFO - Setting next_dagrun for my_first_pipeline to None, run_after=None
[2026-03-14T04:29:25.537+0000] {processor.py:179} INFO - Processing /opt/airflow/dags/my_first_dag.py took 0.076 seconds
[2026-03-14T04:29:55.707+0000] {processor.py:157} INFO - Started process (PID=6594) to work on /opt/airflow/dags/my_first_dag.py
[2026-03-14T04:29:55.708+0000] {processor.py:829} INFO - Processing file /opt/airflow/dags/my_first_dag.py for tasks to queue
[2026-03-14T04:29:55.709+0000] {logging_mixin.py:154} INFO - [2026-03-14T04:29:55.709+0000] {dagbag.py:536} INFO - Filling up the DagBag from /opt/airflow/dags/my_first_dag.py
[2026-03-14T04:29:55.719+0000] {processor.py:839} INFO - DAG(s) dict_keys(['my_first_pipeline']) retrieved from /opt/airflow/dags/my_first_dag.py
[2026-03-14T04:29:55.746+0000] {logging_mixin.py:154} INFO - [2026-03-14T04:29:55.745+0000] {dag.py:2941} INFO - Sync 1 DAGs
[2026-03-14T04:29:55.757+0000] {logging_mixin.py:154} INFO - [2026-03-14T04:29:55.757+0000] {dag.py:3722} INFO - Setting next_dagrun for my_first_pipeline to None, run_after=None
[2026-03-14T04:29:55.779+0000] {processor.py:179} INFO - Processing /opt/airflow/dags/my_first_dag.py took 0.075 seconds
[2026-03-14T04:30:25.916+0000] {processor.py:157} INFO - Started process (PID=6606) to work on /opt/airflow/dags/my_first_dag.py
[2026-03-14T04:30:25.917+0000] {processor.py:829} INFO - Processing file /opt/airflow/dags/my_first_dag.py for tasks to queue
[2026-03-14T04:30:25.918+0000] {logging_mixin.py:154} INFO - [2026-03-14T04:30:25.917+0000] {dagbag.py:536} INFO - Filling up the DagBag from /opt/airflow/dags/my_first_dag.py
[2026-03-14T04:30:25.930+0000] {processor.py:839} INFO - DAG(s) dict_keys(['my_first_pipeline']) retrieved from /opt/airflow/dags/my_first_dag.py
[2026-03-14T04:30:25.963+0000] {logging_mixin.py:154} INFO - [2026-03-14T04:30:25.963+0000] {dag.py:2941} INFO - Sync 1 DAGs
[2026-03-14T04:30:25.978+0000] {logging_mixin.py:154} INFO - [2026-03-14T04:30:25.978+0000] {dag.py:3722} INFO - Setting next_dagrun for my_first_pipeline to None, run_after=None
[2026-03-14T04:30:26.000+0000] {processor.py:179} INFO - Processing /opt/airflow/dags/my_first_dag.py took 0.089 seconds
[2026-03-14T04:30:56.156+0000] {processor.py:157} INFO - Started process (PID=6618) to work on /opt/airflow/dags/my_first_dag.py
[2026-03-14T04:30:56.158+0000] {processor.py:829} INFO - Processing file /opt/airflow/dags/my_first_dag.py for tasks to queue
[2026-03-14T04:30:56.158+0000] {logging_mixin.py:154} INFO - [2026-03-14T04:30:56.158+0000] {dagbag.py:536} INFO - Filling up the DagBag from /opt/airflow/dags/my_first_dag.py
[2026-03-14T04:30:56.170+0000] {processor.py:839} INFO - DAG(s) dict_keys(['my_first_pipeline']) retrieved from /opt/airflow/dags/my_first_dag.py
[2026-03-14T04:30:56.197+0000] {logging_mixin.py:154} INFO - [2026-03-14T04:30:56.196+0000] {dag.py:2941} INFO - Sync 1 DAGs
[2026-03-14T04:30:56.210+0000] {logging_mixin.py:154} INFO - [2026-03-14T04:30:56.210+0000] {dag.py:3722} INFO - Setting next_dagrun for my_first_pipeline to None, run_after=None
[2026-03-14T04:30:56.228+0000] {processor.py:179} INFO - Processing /opt/airflow/dags/my_first_dag.py took 0.076 seconds
[2026-03-14T04:31:26.383+0000] {processor.py:157} INFO - Started process (PID=6630) to work on /opt/airflow/dags/my_first_dag.py
[2026-03-14T04:31:26.384+0000] {processor.py:829} INFO - Processing file /opt/airflow/dags/my_first_dag.py for tasks to queue
[2026-03-14T04:31:26.385+0000] {logging_mixin.py:154} INFO - [2026-03-14T04:31:26.384+0000] {dagbag.py:536} INFO - Filling up the DagBag from /opt/airflow/dags/my_first_dag.py
[2026-03-14T04:31:26.395+0000] {processor.py:839} INFO - DAG(s) dict_keys(['my_first_pipeline']) retrieved from /opt/airflow/dags/my_first_dag.py
[2026-03-14T04:31:26.419+0000] {logging_mixin.py:154} INFO - [2026-03-14T04:31:26.419+0000] {dag.py:2941} INFO - Sync 1 DAGs
[2026-03-14T04:31:26.430+0000] {logging_mixin.py:154} INFO - [2026-03-14T04:31:26.430+0000] {dag.py:3722} INFO - Setting next_dagrun for my_first_pipeline to None, run_after=None
[2026-03-14T04:31:26.447+0000] {processor.py:179} INFO - Processing /opt/airflow/dags/my_first_dag.py took 0.067 seconds
[2026-03-14T04:31:56.629+0000] {processor.py:157} INFO - Started process (PID=6642) to work on /opt/airflow/dags/my_first_dag.py
[2026-03-14T04:31:56.630+0000] {processor.py:829} INFO - Processing file /opt/airflow/dags/my_first_dag.py for tasks to queue
[2026-03-14T04:31:56.631+0000] {logging_mixin.py:154} INFO - [2026-03-14T04:31:56.631+0000] {dagbag.py:536} INFO - Filling up the DagBag from /opt/airflow/dags/my_first_dag.py
[2026-03-14T04:31:56.640+0000] {processor.py:839} INFO - DAG(s) dict_keys(['my_first_pipeline']) retrieved from /opt/airflow/dags/my_first_dag.py
[2026-03-14T04:31:56.668+0000] {logging_mixin.py:154} INFO - [2026-03-14T04:31:56.668+0000] {dag.py:2941} INFO - Sync 1 DAGs
[2026-03-14T04:31:56.680+0000] {logging_mixin.py:154} INFO - [2026-03-14T04:31:56.680+0000] {dag.py:3722} INFO - Setting next_dagrun for my_first_pipeline to None, run_after=None
[2026-03-14T04:31:56.697+0000] {processor.py:179} INFO - Processing /opt/airflow/dags/my_first_dag.py took 0.071 seconds
[2026-03-14T04:32:26.846+0000] {processor.py:157} INFO - Started process (PID=6654) to work on /opt/airflow/dags/my_first_dag.py
[2026-03-14T04:32:26.847+0000] {processor.py:829} INFO - Processing file /opt/airflow/dags/my_first_dag.py for tasks to queue
[2026-03-14T04:32:26.848+0000] {logging_mixin.py:154} INFO - [2026-03-14T04:32:26.848+0000] {dagbag.py:536} INFO - Filling up the DagBag from /opt/airflow/dags/my_first_dag.py
[2026-03-14T04:32:26.857+0000] {processor.py:839} INFO - DAG(s) dict_keys(['my_first_pipeline']) retrieved from /opt/airflow/dags/my_first_dag.py
[2026-03-14T04:32:26.886+0000] {logging_mixin.py:154} INFO - [2026-03-14T04:32:26.885+0000] {dag.py:2941} INFO - Sync 1 DAGs
[2026-03-14T04:32:26.898+0000] {logging_mixin.py:154} INFO - [2026-03-14T04:32:26.897+0000] {dag.py:3722} INFO - Setting next_dagrun for my_first_pipeline to None, run_after=None
[2026-03-14T04:32:26.916+0000] {processor.py:179} INFO - Processing /opt/airflow/dags/my_first_dag.py took 0.073 seconds
[2026-03-14T04:32:57.184+0000] {processor.py:157} INFO - Started process (PID=6666) to work on /opt/airflow/dags/my_first_dag.py
[2026-03-14T04:32:57.185+0000] {processor.py:829} INFO - Processing file /opt/airflow/dags/my_first_dag.py for tasks to queue
[2026-03-14T04:32:57.185+0000] {logging_mixin.py:154} INFO - [2026-03-14T04:32:57.185+0000] {dagbag.py:536} INFO - Filling up the DagBag from /opt/airflow/dags/my_first_dag.py
[2026-03-14T04:32:57.196+0000] {processor.py:839} INFO - DAG(s) dict_keys(['my_first_pipeline']) retrieved from /opt/airflow/dags/my_first_dag.py
[2026-03-14T04:32:57.223+0000] {logging_mixin.py:154} INFO - [2026-03-14T04:32:57.223+0000] {dag.py:2941} INFO - Sync 1 DAGs
[2026-03-14T04:32:57.235+0000] {logging_mixin.py:154} INFO - [2026-03-14T04:32:57.235+0000] {dag.py:3722} INFO - Setting next_dagrun for my_first_pipeline to None, run_after=None
[2026-03-14T04:32:57.253+0000] {processor.py:179} INFO - Processing /opt/airflow/dags/my_first_dag.py took 0.073 seconds
[2026-03-14T04:33:27.393+0000] {processor.py:157} INFO - Started process (PID=6678) to work on /opt/airflow/dags/my_first_dag.py
[2026-03-14T04:33:27.394+0000] {processor.py:829} INFO - Processing file /opt/airflow/dags/my_first_dag.py for tasks to queue
[2026-03-14T04:33:27.395+0000] {logging_mixin.py:154} INFO - [2026-03-14T04:33:27.394+0000] {dagbag.py:536} INFO - Filling up the DagBag from /opt/airflow/dags/my_first_dag.py
[2026-03-14T04:33:27.404+0000] {processor.py:839} INFO - DAG(s) dict_keys(['my_first_pipeline']) retrieved from /opt/airflow/dags/my_first_dag.py
[2026-03-14T04:33:27.437+0000] {logging_mixin.py:154} INFO - [2026-03-14T04:33:27.436+0000] {dag.py:2941} INFO - Sync 1 DAGs
[2026-03-14T04:33:27.450+0000] {logging_mixin.py:154} INFO - [2026-03-14T04:33:27.450+0000] {dag.py:3722} INFO - Setting next_dagrun for my_first_pipeline to None, run_after=None
[2026-03-14T04:33:27.482+0000] {processor.py:179} INFO - Processing /opt/airflow/dags/my_first_dag.py took 0.092 seconds
[2026-03-14T04:33:57.637+0000] {processor.py:157} INFO - Started process (PID=6691) to work on /opt/airflow/dags/my_first_dag.py
[2026-03-14T04:33:57.638+0000] {processor.py:829} INFO - Processing file /opt/airflow/dags/my_first_dag.py for tasks to queue
[2026-03-14T04:33:57.639+0000] {logging_mixin.py:154} INFO - [2026-03-14T04:33:57.639+0000] {dagbag.py:536} INFO - Filling up the DagBag from /opt/airflow/dags/my_first_dag.py
[2026-03-14T04:33:57.649+0000] {processor.py:839} INFO - DAG(s) dict_keys(['my_first_pipeline']) retrieved from /opt/airflow/dags/my_first_dag.py
[2026-03-14T04:33:57.678+0000] {logging_mixin.py:154} INFO - [2026-03-14T04:33:57.678+0000] {dag.py:2941} INFO - Sync 1 DAGs
[2026-03-14T04:33:57.694+0000] {logging_mixin.py:154} INFO - [2026-03-14T04:33:57.693+0000] {dag.py:3722} INFO - Setting next_dagrun for my_first_pipeline to None, run_after=None
[2026-03-14T04:33:57.715+0000] {processor.py:179} INFO - Processing /opt/airflow/dags/my_first_dag.py took 0.081 seconds
[2026-03-14T04:34:27.867+0000] {processor.py:157} INFO - Started process (PID=6703) to work on /opt/airflow/dags/my_first_dag.py
[2026-03-14T04:34:27.868+0000] {processor.py:829} INFO - Processing file /opt/airflow/dags/my_first_dag.py for tasks to queue
[2026-03-14T04:34:27.869+0000] {logging_mixin.py:154} INFO - [2026-03-14T04:34:27.868+0000] {dagbag.py:536} INFO - Filling up the DagBag from /opt/airflow/dags/my_first_dag.py
[2026-03-14T04:34:27.879+0000] {processor.py:839} INFO - DAG(s) dict_keys(['my_first_pipeline']) retrieved from /opt/airflow/dags/my_first_dag.py
[2026-03-14T04:34:27.909+0000] {logging_mixin.py:154} INFO - [2026-03-14T04:34:27.909+0000] {dag.py:2941} INFO - Sync 1 DAGs
[2026-03-14T04:34:27.923+0000] {logging_mixin.py:154} INFO - [2026-03-14T04:34:27.922+0000] {dag.py:3722} INFO - Setting next_dagrun for my_first_pipeline to None, run_after=None
[2026-03-14T04:34:27.945+0000] {processor.py:179} INFO - Processing /opt/airflow/dags/my_first_dag.py took 0.081 seconds
[2026-03-14T04:34:58.098+0000] {processor.py:157} INFO - Started process (PID=6715) to work on /opt/airflow/dags/my_first_dag.py
[2026-03-14T04:34:58.099+0000] {processor.py:829} INFO - Processing file /opt/airflow/dags/my_first_dag.py for tasks to queue
[2026-03-14T04:34:58.100+0000] {logging_mixin.py:154} INFO - [2026-03-14T04:34:58.100+0000] {dagbag.py:536} INFO - Filling up the DagBag from /opt/airflow/dags/my_first_dag.py
[2026-03-14T04:34:58.109+0000] {processor.py:839} INFO - DAG(s) dict_keys(['my_first_pipeline']) retrieved from /opt/airflow/dags/my_first_dag.py
[2026-03-14T04:34:58.135+0000] {logging_mixin.py:154} INFO - [2026-03-14T04:34:58.134+0000] {dag.py:2941} INFO - Sync 1 DAGs
[2026-03-14T04:34:58.146+0000] {logging_mixin.py:154} INFO - [2026-03-14T04:34:58.146+0000] {dag.py:3722} INFO - Setting next_dagrun for my_first_pipeline to None, run_after=None
[2026-03-14T04:34:58.162+0000] {processor.py:179} INFO - Processing /opt/airflow/dags/my_first_dag.py took 0.067 seconds
[2026-03-14T04:35:28.316+0000] {processor.py:157} INFO - Started process (PID=6727) to work on /opt/airflow/dags/my_first_dag.py
[2026-03-14T04:35:28.317+0000] {processor.py:829} INFO - Processing file /opt/airflow/dags/my_first_dag.py for tasks to queue
[2026-03-14T04:35:28.318+0000] {logging_mixin.py:154} INFO - [2026-03-14T04:35:28.317+0000] {dagbag.py:536} INFO - Filling up the DagBag from /opt/airflow/dags/my_first_dag.py
[2026-03-14T04:35:28.329+0000] {processor.py:839} INFO - DAG(s) dict_keys(['my_first_pipeline']) retrieved from /opt/airflow/dags/my_first_dag.py
[2026-03-14T04:35:28.355+0000] {logging_mixin.py:154} INFO - [2026-03-14T04:35:28.354+0000] {dag.py:2941} INFO - Sync 1 DAGs
[2026-03-14T04:35:28.367+0000] {logging_mixin.py:154} INFO - [2026-03-14T04:35:28.366+0000] {dag.py:3722} INFO - Setting next_dagrun for my_first_pipeline to None, run_after=None
[2026-03-14T04:35:28.386+0000] {processor.py:179} INFO - Processing /opt/airflow/dags/my_first_dag.py took 0.073 seconds
[2026-03-14T04:35:58.534+0000] {processor.py:157} INFO - Started process (PID=6740) to work on /opt/airflow/dags/my_first_dag.py
[2026-03-14T04:35:58.535+0000] {processor.py:829} INFO - Processing file /opt/airflow/dags/my_first_dag.py for tasks to queue
[2026-03-14T04:35:58.536+0000] {logging_mixin.py:154} INFO - [2026-03-14T04:35:58.536+0000] {dagbag.py:536} INFO - Filling up the DagBag from /opt/airflow/dags/my_first_dag.py
[2026-03-14T04:35:58.544+0000] {processor.py:839} INFO - DAG(s) dict_keys(['my_first_pipeline']) retrieved from /opt/airflow/dags/my_first_dag.py
[2026-03-14T04:35:58.567+0000] {logging_mixin.py:154} INFO - [2026-03-14T04:35:58.567+0000] {dag.py:2941} INFO - Sync 1 DAGs
[2026-03-14T04:35:58.578+0000] {logging_mixin.py:154} INFO - [2026-03-14T04:35:58.578+0000] {dag.py:3722} INFO - Setting next_dagrun for my_first_pipeline to None, run_after=None
[2026-03-14T04:35:58.596+0000] {processor.py:179} INFO - Processing /opt/airflow/dags/my_first_dag.py took 0.065 seconds
[2026-03-14T04:36:28.750+0000] {processor.py:157} INFO - Started process (PID=6752) to work on /opt/airflow/dags/my_first_dag.py
[2026-03-14T04:36:28.750+0000] {processor.py:829} INFO - Processing file /opt/airflow/dags/my_first_dag.py for tasks to queue
[2026-03-14T04:36:28.751+0000] {logging_mixin.py:154} INFO - [2026-03-14T04:36:28.751+0000] {dagbag.py:536} INFO - Filling up the DagBag from /opt/airflow/dags/my_first_dag.py
[2026-03-14T04:36:28.759+0000] {processor.py:839} INFO - DAG(s) dict_keys(['my_first_pipeline']) retrieved from /opt/airflow/dags/my_first_dag.py
[2026-03-14T04:36:28.783+0000] {logging_mixin.py:154} INFO - [2026-03-14T04:36:28.783+0000] {dag.py:2941} INFO - Sync 1 DAGs
[2026-03-14T04:36:28.794+0000] {logging_mixin.py:154} INFO - [2026-03-14T04:36:28.794+0000] {dag.py:3722} INFO - Setting next_dagrun for my_first_pipeline to None, run_after=None
[2026-03-14T04:36:28.813+0000] {processor.py:179} INFO - Processing /opt/airflow/dags/my_first_dag.py took 0.067 seconds
[2026-03-14T04:36:59.008+0000] {processor.py:157} INFO - Started process (PID=6764) to work on /opt/airflow/dags/my_first_dag.py
[2026-03-14T04:36:59.010+0000] {processor.py:829} INFO - Processing file /opt/airflow/dags/my_first_dag.py for tasks to queue
[2026-03-14T04:36:59.010+0000] {logging_mixin.py:154} INFO - [2026-03-14T04:36:59.010+0000] {dagbag.py:536} INFO - Filling up the DagBag from /opt/airflow/dags/my_first_dag.py
[2026-03-14T04:36:59.019+0000] {processor.py:839} INFO - DAG(s) dict_keys(['my_first_pipeline']) retrieved from /opt/airflow/dags/my_first_dag.py
[2026-03-14T04:36:59.042+0000] {logging_mixin.py:154} INFO - [2026-03-14T04:36:59.042+0000] {dag.py:2941} INFO - Sync 1 DAGs
[2026-03-14T04:36:59.053+0000] {logging_mixin.py:154} INFO - [2026-03-14T04:36:59.053+0000] {dag.py:3722} INFO - Setting next_dagrun for my_first_pipeline to None, run_after=None
[2026-03-14T04:36:59.069+0000] {processor.py:179} INFO - Processing /opt/airflow/dags/my_first_dag.py took 0.063 seconds
[2026-03-14T04:37:29.228+0000] {processor.py:157} INFO - Started process (PID=6776) to work on /opt/airflow/dags/my_first_dag.py
[2026-03-14T04:37:29.229+0000] {processor.py:829} INFO - Processing file /opt/airflow/dags/my_first_dag.py for tasks to queue
[2026-03-14T04:37:29.229+0000] {logging_mixin.py:154} INFO - [2026-03-14T04:37:29.229+0000] {dagbag.py:536} INFO - Filling up the DagBag from /opt/airflow/dags/my_first_dag.py
[2026-03-14T04:37:29.239+0000] {processor.py:839} INFO - DAG(s) dict_keys(['my_first_pipeline']) retrieved from /opt/airflow/dags/my_first_dag.py
[2026-03-14T04:37:29.268+0000] {logging_mixin.py:154} INFO - [2026-03-14T04:37:29.268+0000] {dag.py:2941} INFO - Sync 1 DAGs
[2026-03-14T04:37:29.280+0000] {logging_mixin.py:154} INFO - [2026-03-14T04:37:29.280+0000] {dag.py:3722} INFO - Setting next_dagrun for my_first_pipeline to None, run_after=None
[2026-03-14T04:37:29.302+0000] {processor.py:179} INFO - Processing /opt/airflow/dags/my_first_dag.py took 0.078 seconds
[2026-03-14T04:37:59.490+0000] {processor.py:157} INFO - Started process (PID=6788) to work on /opt/airflow/dags/my_first_dag.py
[2026-03-14T04:37:59.492+0000] {processor.py:829} INFO - Processing file /opt/airflow/dags/my_first_dag.py for tasks to queue
[2026-03-14T04:37:59.493+0000] {logging_mixin.py:154} INFO - [2026-03-14T04:37:59.493+0000] {dagbag.py:536} INFO - Filling up the DagBag from /opt/airflow/dags/my_first_dag.py
[2026-03-14T04:37:59.507+0000] {processor.py:839} INFO - DAG(s) dict_keys(['my_first_pipeline']) retrieved from /opt/airflow/dags/my_first_dag.py
[2026-03-14T04:37:59.536+0000] {logging_mixin.py:154} INFO - [2026-03-14T04:37:59.535+0000] {dag.py:2941} INFO - Sync 1 DAGs
[2026-03-14T04:37:59.548+0000] {logging_mixin.py:154} INFO - [2026-03-14T04:37:59.548+0000] {dag.py:3722} INFO - Setting next_dagrun for my_first_pipeline to None, run_after=None
[2026-03-14T04:37:59.570+0000] {processor.py:179} INFO - Processing /opt/airflow/dags/my_first_dag.py took 0.082 seconds
[2026-03-14T04:38:29.693+0000] {processor.py:157} INFO - Started process (PID=6800) to work on /opt/airflow/dags/my_first_dag.py
[2026-03-14T04:38:29.694+0000] {processor.py:829} INFO - Processing file /opt/airflow/dags/my_first_dag.py for tasks to queue
[2026-03-14T04:38:29.695+0000] {logging_mixin.py:154} INFO - [2026-03-14T04:38:29.695+0000] {dagbag.py:536} INFO - Filling up the DagBag from /opt/airflow/dags/my_first_dag.py
[2026-03-14T04:38:29.707+0000] {processor.py:839} INFO - DAG(s) dict_keys(['my_first_pipeline']) retrieved from /opt/airflow/dags/my_first_dag.py
[2026-03-14T04:38:29.736+0000] {logging_mixin.py:154} INFO - [2026-03-14T04:38:29.736+0000] {dag.py:2941} INFO - Sync 1 DAGs
[2026-03-14T04:38:29.749+0000] {logging_mixin.py:154} INFO - [2026-03-14T04:38:29.748+0000] {dag.py:3722} INFO - Setting next_dagrun for my_first_pipeline to None, run_after=None
[2026-03-14T04:38:29.770+0000] {processor.py:179} INFO - Processing /opt/airflow/dags/my_first_dag.py took 0.080 seconds
[2026-03-14T04:38:59.987+0000] {processor.py:157} INFO - Started process (PID=6812) to work on /opt/airflow/dags/my_first_dag.py
[2026-03-14T04:38:59.989+0000] {processor.py:829} INFO - Processing file /opt/airflow/dags/my_first_dag.py for tasks to queue
[2026-03-14T04:38:59.989+0000] {logging_mixin.py:154} INFO - [2026-03-14T04:38:59.989+0000] {dagbag.py:536} INFO - Filling up the DagBag from /opt/airflow/dags/my_first_dag.py
[2026-03-14T04:38:59.999+0000] {processor.py:839} INFO - DAG(s) dict_keys(['my_first_pipeline']) retrieved from /opt/airflow/dags/my_first_dag.py
[2026-03-14T04:39:00.021+0000] {logging_mixin.py:154} INFO - [2026-03-14T04:39:00.021+0000] {dag.py:2941} INFO - Sync 1 DAGs
[2026-03-14T04:39:00.032+0000] {logging_mixin.py:154} INFO - [2026-03-14T04:39:00.031+0000] {dag.py:3722} INFO - Setting next_dagrun for my_first_pipeline to None, run_after=None
[2026-03-14T04:39:00.051+0000] {processor.py:179} INFO - Processing /opt/airflow/dags/my_first_dag.py took 0.069 seconds
[2026-03-14T04:39:30.195+0000] {processor.py:157} INFO - Started process (PID=6824) to work on /opt/airflow/dags/my_first_dag.py
[2026-03-14T04:39:30.196+0000] {processor.py:829} INFO - Processing file /opt/airflow/dags/my_first_dag.py for tasks to queue
[2026-03-14T04:39:30.196+0000] {logging_mixin.py:154} INFO - [2026-03-14T04:39:30.196+0000] {dagbag.py:536} INFO - Filling up the DagBag from /opt/airflow/dags/my_first_dag.py
[2026-03-14T04:39:30.205+0000] {processor.py:839} INFO - DAG(s) dict_keys(['my_first_pipeline']) retrieved from /opt/airflow/dags/my_first_dag.py
[2026-03-14T04:39:30.229+0000] {logging_mixin.py:154} INFO - [2026-03-14T04:39:30.229+0000] {dag.py:2941} INFO - Sync 1 DAGs
[2026-03-14T04:39:30.240+0000] {logging_mixin.py:154} INFO - [2026-03-14T04:39:30.240+0000] {dag.py:3722} INFO - Setting next_dagrun for my_first_pipeline to None, run_after=None
[2026-03-14T04:39:30.257+0000] {processor.py:179} INFO - Processing /opt/airflow/dags/my_first_dag.py took 0.065 seconds
[2026-03-14T04:40:00.474+0000] {processor.py:157} INFO - Started process (PID=6836) to work on /opt/airflow/dags/my_first_dag.py
[2026-03-14T04:40:00.475+0000] {processor.py:829} INFO - Processing file /opt/airflow/dags/my_first_dag.py for tasks to queue
[2026-03-14T04:40:00.475+0000] {logging_mixin.py:154} INFO - [2026-03-14T04:40:00.475+0000] {dagbag.py:536} INFO - Filling up the DagBag from /opt/airflow/dags/my_first_dag.py
[2026-03-14T04:40:00.484+0000] {processor.py:839} INFO - DAG(s) dict_keys(['my_first_pipeline']) retrieved from /opt/airflow/dags/my_first_dag.py
[2026-03-14T04:40:00.511+0000] {logging_mixin.py:154} INFO - [2026-03-14T04:40:00.510+0000] {dag.py:2941} INFO - Sync 1 DAGs
[2026-03-14T04:40:00.522+0000] {logging_mixin.py:154} INFO - [2026-03-14T04:40:00.522+0000] {dag.py:3722} INFO - Setting next_dagrun for my_first_pipeline to None, run_after=None
[2026-03-14T04:40:00.537+0000] {processor.py:179} INFO - Processing /opt/airflow/dags/my_first_dag.py took 0.066 seconds
[2026-03-14T04:40:30.680+0000] {processor.py:157} INFO - Started process (PID=6848) to work on /opt/airflow/dags/my_first_dag.py
[2026-03-14T04:40:30.683+0000] {processor.py:829} INFO - Processing file /opt/airflow/dags/my_first_dag.py for tasks to queue
[2026-03-14T04:40:30.684+0000] {logging_mixin.py:154} INFO - [2026-03-14T04:40:30.684+0000] {dagbag.py:536} INFO - Filling up the DagBag from /opt/airflow/dags/my_first_dag.py
[2026-03-14T04:40:30.692+0000] {processor.py:839} INFO - DAG(s) dict_keys(['my_first_pipeline']) retrieved from /opt/airflow/dags/my_first_dag.py
[2026-03-14T04:40:30.717+0000] {logging_mixin.py:154} INFO - [2026-03-14T04:40:30.716+0000] {dag.py:2941} INFO - Sync 1 DAGs
[2026-03-14T04:40:30.726+0000] {logging_mixin.py:154} INFO - [2026-03-14T04:40:30.726+0000] {dag.py:3722} INFO - Setting next_dagrun for my_first_pipeline to None, run_after=None
[2026-03-14T04:40:30.743+0000] {processor.py:179} INFO - Processing /opt/airflow/dags/my_first_dag.py took 0.067 seconds
[2026-03-14T04:41:00.930+0000] {processor.py:157} INFO - Started process (PID=6860) to work on /opt/airflow/dags/my_first_dag.py
[2026-03-14T04:41:00.931+0000] {processor.py:829} INFO - Processing file /opt/airflow/dags/my_first_dag.py for tasks to queue
[2026-03-14T04:41:00.932+0000] {logging_mixin.py:154} INFO - [2026-03-14T04:41:00.932+0000] {dagbag.py:536} INFO - Filling up the DagBag from /opt/airflow/dags/my_first_dag.py
[2026-03-14T04:41:00.941+0000] {processor.py:839} INFO - DAG(s) dict_keys(['my_first_pipeline']) retrieved from /opt/airflow/dags/my_first_dag.py
[2026-03-14T04:41:00.964+0000] {logging_mixin.py:154} INFO - [2026-03-14T04:41:00.964+0000] {dag.py:2941} INFO - Sync 1 DAGs
[2026-03-14T04:41:00.974+0000] {logging_mixin.py:154} INFO - [2026-03-14T04:41:00.974+0000] {dag.py:3722} INFO - Setting next_dagrun for my_first_pipeline to None, run_after=None
[2026-03-14T04:41:00.991+0000] {processor.py:179} INFO - Processing /opt/airflow/dags/my_first_dag.py took 0.064 seconds
[2026-03-14T04:41:31.162+0000] {processor.py:157} INFO - Started process (PID=6872) to work on /opt/airflow/dags/my_first_dag.py
[2026-03-14T04:41:31.163+0000] {processor.py:829} INFO - Processing file /opt/airflow/dags/my_first_dag.py for tasks to queue
[2026-03-14T04:41:31.164+0000] {logging_mixin.py:154} INFO - [2026-03-14T04:41:31.164+0000] {dagbag.py:536} INFO - Filling up the DagBag from /opt/airflow/dags/my_first_dag.py
[2026-03-14T04:41:31.174+0000] {processor.py:839} INFO - DAG(s) dict_keys(['my_first_pipeline']) retrieved from /opt/airflow/dags/my_first_dag.py
[2026-03-14T04:41:31.202+0000] {logging_mixin.py:154} INFO - [2026-03-14T04:41:31.202+0000] {dag.py:2941} INFO - Sync 1 DAGs
[2026-03-14T04:41:31.215+0000] {logging_mixin.py:154} INFO - [2026-03-14T04:41:31.214+0000] {dag.py:3722} INFO - Setting next_dagrun for my_first_pipeline to None, run_after=None
[2026-03-14T04:41:31.235+0000] {processor.py:179} INFO - Processing /opt/airflow/dags/my_first_dag.py took 0.077 seconds
[2026-03-14T04:42:01.397+0000] {processor.py:157} INFO - Started process (PID=6884) to work on /opt/airflow/dags/my_first_dag.py
[2026-03-14T04:42:01.398+0000] {processor.py:829} INFO - Processing file /opt/airflow/dags/my_first_dag.py for tasks to queue
[2026-03-14T04:42:01.399+0000] {logging_mixin.py:154} INFO - [2026-03-14T04:42:01.398+0000] {dagbag.py:536} INFO - Filling up the DagBag from /opt/airflow/dags/my_first_dag.py
[2026-03-14T04:42:01.408+0000] {processor.py:839} INFO - DAG(s) dict_keys(['my_first_pipeline']) retrieved from /opt/airflow/dags/my_first_dag.py
[2026-03-14T04:42:01.435+0000] {logging_mixin.py:154} INFO - [2026-03-14T04:42:01.435+0000] {dag.py:2941} INFO - Sync 1 DAGs
[2026-03-14T04:42:01.448+0000] {logging_mixin.py:154} INFO - [2026-03-14T04:42:01.447+0000] {dag.py:3722} INFO - Setting next_dagrun for my_first_pipeline to None, run_after=None
[2026-03-14T04:42:01.469+0000] {processor.py:179} INFO - Processing /opt/airflow/dags/my_first_dag.py took 0.076 seconds
[2026-03-14T04:42:31.623+0000] {processor.py:157} INFO - Started process (PID=6896) to work on /opt/airflow/dags/my_first_dag.py
[2026-03-14T04:42:31.624+0000] {processor.py:829} INFO - Processing file /opt/airflow/dags/my_first_dag.py for tasks to queue
[2026-03-14T04:42:31.625+0000] {logging_mixin.py:154} INFO - [2026-03-14T04:42:31.625+0000] {dagbag.py:536} INFO - Filling up the DagBag from /opt/airflow/dags/my_first_dag.py
[2026-03-14T04:42:31.634+0000] {processor.py:839} INFO - DAG(s) dict_keys(['my_first_pipeline']) retrieved from /opt/airflow/dags/my_first_dag.py
[2026-03-14T04:42:31.663+0000] {logging_mixin.py:154} INFO - [2026-03-14T04:42:31.663+0000] {dag.py:2941} INFO - Sync 1 DAGs
[2026-03-14T04:42:31.676+0000] {logging_mixin.py:154} INFO - [2026-03-14T04:42:31.676+0000] {dag.py:3722} INFO - Setting next_dagrun for my_first_pipeline to None, run_after=None
[2026-03-14T04:42:31.699+0000] {processor.py:179} INFO - Processing /opt/airflow/dags/my_first_dag.py took 0.080 seconds
